ConfigID,Instance,BaseFeasible,ConfigFeasible,BaseBestCost,ConfigBestCost,BaseFirstFeasibleTimeSeconds,ConfigFirstFeasibleTimeSeconds,BasePaperTableTimeSeconds,ConfigPaperTableTimeSeconds
BASE,MaxSATQueriesinInterpretableClassifiers_wt-credit_train_8_CNF_5_20_old.wcnf,True,True,96480.0,96480.0,15.021479,15.021479,43.861201,43.861201
BASE,MaxSATQueriesinInterpretableClassifiers_wt-pima_train_6_CNF_3_20_old.wcnf,True,True,3310.0,3310.0,0.044567,0.044567,33.395268,33.395268
BASE,MaxSATQueriesinInterpretableClassifiers_wt-toms_test_2_CNF_3_20_old.wcnf,True,True,195.0,195.0,0.609756,0.609756,7.252474,7.252474
BASE,MinimumWeightDominatingSetProblem_wt-bn-human-BNU_1_0025865_session_1-bg_old.wcnf,True,True,140539244.0,140539244.0,6.239282,6.239282,6.239282,6.239282
BASE,MinimumWeightDominatingSetProblem_wt-channel-500x100x100-b050_old.wcnf,True,True,478624478.0,478624478.0,21.004552,21.004552,60.487852,60.487852
BASE,MinimumWeightDominatingSetProblem_wt-delaunay_n24_old.wcnf,True,True,1685918983.0,1685918983.0,50.026828,50.026828,62.178028,62.178028
BASE,MinimumWeightDominatingSetProblem_wt-hugebubbles-00020_old.wcnf,True,True,2130406259.0,2130406259.0,31.237817,31.237817,31.237817,31.237817
BASE,MinimumWeightDominatingSetProblem_wt-inf-road-usa_old.wcnf,True,True,2406704625.0,2406704625.0,26.741276,26.741276,26.741276,26.741276
BASE,MinimumWeightDominatingSetProblem_wt-rgg_n_2_24_s0_old.wcnf,True,True,1686108752.0,1686108752.0,45.573177,45.573177,45.573177,45.573177
BASE,MinimumWeightDominatingSetProblem_wt-sc-rel9_old.wcnf,True,True,593056574.0,593056574.0,35.612281,35.612281,61.275281,61.275281
BASE,MinimumWeightDominatingSetProblem_wt-soc-livejournal-user-groups_old.wcnf,True,True,752647274.0,752647274.0,26.920119,26.920119,26.920119,26.920119
BASE,MinimumWeightDominatingSetProblem_wt-web-wikipedia2009_old.wcnf,True,True,174611880.0,174611880.0,11.480486,11.480486,60.605716,60.605716
BASE,ParametricRBACMaintenance_mse20_wt-role_domino_multiple_0.1_8_old.wcnf,True,True,47682.0,47682.0,2.163202,2.163202,12.370532,12.370532
BASE,ParametricRBACMaintenance_mse20_wt-role_domino_multiple_0.2_0_old.wcnf,True,True,74189.0,74189.0,2.160493,2.160493,9.582683,9.582683
BASE,ParametricRBACMaintenance_mse20_wt-role_domino_multiple_0.5_1_old.wcnf,True,True,144463.0,144463.0,3.119143,3.119143,10.266053,10.266053
BASE,ParametricRBACMaintenance_mse20_wt-role_domino_multiple_0.6_8_old.wcnf,True,True,159871.0,159871.0,2.134829,2.134829,11.652069,11.652069
BASE,ParametricRBACMaintenance_mse20_wt-role_smallcomp_multiple_0.7_2_old.wcnf,True,True,277373.0,277373.0,12.558033,12.558033,58.706988,58.706988
BASE,ParametricRBACMaintenance_mse20_wt-role_smallcomp_multiple_0.7_6_old.wcnf,True,True,252179.0,252179.0,0.029064,0.029064,3.486914,3.486914
BASE,ParametricRBACMaintenance_mse20_wt-role_smallcomp_multiple_0.8_1_old.wcnf,True,True,350793.0,350793.0,0.027103,0.027103,10.317219,10.317219
BASE,ParametricRBACMaintenance_mse20_wt-role_smallcomp_multiple_0.9_6_old.wcnf,True,True,282321.0,282321.0,0.051007,0.051007,0.191686,0.191686
BASE,ParametricRBACMaintenance_mse20_wt-role_university_multiple_0.1_1_old.wcnf,True,True,63653.0,63653.0,2.951354,2.951354,11.422634,11.422634
BASE,ParametricRBACMaintenance_mse20_wt-role_university_multiple_0.4_7_old.wcnf,True,True,234414.0,234414.0,4.696812,4.696812,11.854412,11.854412
BASE,ParametricRBACMaintenance_mse20_wt-role_university_multiple_0.5_4_old.wcnf,True,True,215348.0,215348.0,3.291607,3.291607,13.458707,13.458707
BASE,ParametricRBACMaintenance_mse20_wt-role_university_multiple_0.5_5_old.wcnf,True,True,198362.0,198362.0,3.076692,3.076692,12.371532,12.371532
BASE,ParametricRBACMaintenance_mse20_wt-role_university_multiple_0.5_7_old.wcnf,True,True,263585.0,263585.0,3.979872,3.979872,9.758902,9.758902
BASE,abstraction-refinement_wt-downcast-antlr_old.wcnf,True,True,79566.0,79566.0,9.610021,9.610021,9.610021,9.610021
BASE,abstraction-refinement_wt-downcast-avrora_old.wcnf,True,True,49759.0,49759.0,14.415457,14.415457,18.520547,18.520547
BASE,abstraction-refinement_wt-downcast-hsqldb_old.wcnf,True,True,32293.0,32293.0,31.648643,31.648643,40.549243,40.549243
BASE,abstraction-refinement_wt-downcast-pmd_old.wcnf,True,True,6287.0,6287.0,31.192836,31.192836,41.553736,41.553736
BASE,abstraction-refinement_wt-downcast-xalan_old.wcnf,True,True,65593.0,65593.0,16.6016,16.6016,59.13149,59.13149
BASE,abstraction-refinement_wt-polysite-avrora_old.wcnf,True,True,55020.0,55020.0,16.46761,16.46761,20.44499,20.44499
BASE,abstraction-refinement_wt-polysite-bloat_old.wcnf,True,True,2397.0,2397.0,45.862395,45.862395,61.341495,61.341495
BASE,abstraction-refinement_wt-polysite-hsqldb_old.wcnf,True,True,177778.0,177778.0,14.378859,14.378859,14.378859,14.378859
BASE,abstraction-refinement_wt-polysite-pmd_old.wcnf,True,True,190826.0,190826.0,26.473427,26.473427,34.166027,34.166027
BASE,abstraction-refinement_wt-polysite-xalan_old.wcnf,True,True,117742.0,117742.0,22.222937,22.222937,27.096837,27.096837
BASE,causal-discovery_wt-causal_Link_10_10000_old.wcnf,True,True,39112847.0,39112847.0,3.546758,3.546758,14.887858,14.887858
BASE,causal-discovery_wt-causal_Link_10_1000_old.wcnf,True,True,33562494.0,33562494.0,3.653289,3.653289,30.145389,30.145389
BASE,causal-discovery_wt-causal_Link_9_100_old.wcnf,True,True,3242187.0,3242187.0,1.996114,1.996114,1.996114,1.996114
BASE,causal-discovery_wt-causal_Mushroom_7_1000_old.wcnf,True,True,9414169.0,9414169.0,0.1554,0.1554,17.869041,17.869041
BASE,causal-discovery_wt-causal_Pigs_6_1000_old.wcnf,True,True,35110976.0,35110976.0,0.604325,0.604325,0.604325,0.604325
BASE,causal-discovery_wt-causal_Water_10_1000_old.wcnf,True,True,45193159.0,45193159.0,3.237911,3.237911,11.619061,11.619061
BASE,causal-discovery_wt-causal_alarm_9_1000_old.wcnf,True,True,36049513.0,36049513.0,1.268197,1.268197,10.24051,10.24051
BASE,causal-discovery_wt-causal_carpo_8_1000_old.wcnf,True,True,2244087.0,2244087.0,0.460445,0.460445,59.12291,59.12291
BASE,correlation-clustering_wt-Rounded_CorrelationClustering_Ionosphere_BINARY_N260_D0.200_old.wcnf,True,True,7014701.0,7014701.0,0.449744,0.449744,7.573165,7.573165
BASE,correlation-clustering_wt-Rounded_CorrelationClustering_Protein1_UNARY_N290_old.wcnf,True,True,32090014.0,32090014.0,4.987195,4.987195,6.811545,6.811545
BASE,correlation-clustering_wt-Rounded_CorrelationClustering_Protein2_BINARY_N220_old.wcnf,True,True,14004102.0,14004102.0,0.195893,0.195893,8.168712,8.168712
BASE,correlation-clustering_wt-Rounded_CorrelationClustering_Protein2_BINARY_N240_old.wcnf,True,True,16116883.0,16116883.0,0.206399,0.206399,8.4641,8.4641
BASE,correlation-clustering_wt-Rounded_CorrelationClustering_Protein2_BINARY_N380_old.wcnf,True,True,39198852.0,39198852.0,0.516161,0.516161,12.039557,12.039557
BASE,correlation-clustering_wt-Rounded_CorrelationClustering_Protein2_UNARY_N220_old.wcnf,True,True,21300102.0,21300102.0,2.815447,2.815447,3.672867,3.672867
BASE,correlation-clustering_wt-Rounded_CorrelationClustering_Protein3_TRANSITIVE_N280_old.wcnf,True,True,185255761.0,185255761.0,9.352062,9.352062,30.006912,30.006912
BASE,correlation-clustering_wt-Rounded_CorrelationClustering_Protein3_UNARY_N220_old.wcnf,True,True,19154505.0,19154505.0,2.514262,2.514262,4.591722,4.591722
BASE,correlation-clustering_wt-Rounded_CorrelationClustering_Protein4_BINARY_N320_old.wcnf,True,True,14733167.0,14733167.0,0.208796,0.208796,7.974472,7.974472
BASE,correlation-clustering_wt-Rounded_CorrelationClustering_Protein4_UNARY_N250_old.wcnf,True,True,11103273.0,11103273.0,2.533845,2.533845,11.481845,11.481845
BASE,correlation-clustering_wt-Rounded_CorrelationClustering_Vowel_BINARY_N700_D0.200_old.wcnf,True,True,75201247.0,75201247.0,2.389101,2.389101,2.576081,2.576081
BASE,correlation-clustering_wt-Rounded_CorrelationClustering_Vowel_BINARY_N800_D0.200_old.wcnf,True,True,86276967.0,86276967.0,3.327337,3.327337,8.202637,8.202637
BASE,decision-tree-anneal-un-formula_0.8_2021_atleast_31_max-4_reduced_incomplete_adaboost_3_old.wcnf,True,True,355.0,355.0,1.553209,1.553209,3.154289,3.154289
BASE,decision-tree-anneal-un-formula_0.8_2021_atleast_31_max-4_reduced_incomplete_adaboost_5_old.wcnf,True,True,762.0,762.0,1.528031,1.528031,8.742101,8.742101
BASE,decision-tree-australian-credit-un-formula_0.8_2021_atleast_31_max-4_reduced_incomplete_adaboost_5_old.wcnf,True,True,575.0,575.0,2.22725,2.22725,4.0739,4.0739
BASE,decision-tree-heart-cleveland-un-formula_0.8_2021_atleast_127_max-6_reduced_incomplete_adaboost_2_old.wcnf,True,True,139.0,139.0,3.043973,3.043973,3.043973,3.043973
BASE,decision-tree-heart-cleveland-un-formula_0.8_2021_atleast_15_max-3_reduced_incomplete_adaboost_4_old.wcnf,True,True,138.0,138.0,0.31645,0.31645,0.501206,0.501206
BASE,decision-tree-heart-cleveland-un-formula_0.8_2021_atleast_31_max-4_reduced_incomplete_adaboost_4_old.wcnf,True,True,146.0,146.0,0.730533,0.730533,1.028816,1.028816
BASE,decision-tree-heart-cleveland-un-formula_0.8_2021_atleast_31_max-4_reduced_incomplete_adaboost_6_old.wcnf,True,True,240.0,240.0,0.759052,0.759052,1.454042,1.454042
BASE,decision-tree-primary-tumor-un-formula_0.8_2021_atleast_127_max-6_reduced_incomplete_adaboost_2_old.wcnf,True,True,113.0,113.0,3.559732,3.559732,5.835292,5.835292
BASE,decision-tree-primary-tumor-un-formula_0.8_2021_atleast_127_max-6_reduced_incomplete_adaboost_4_old.wcnf,True,True,212.0,212.0,4.117007,4.117007,4.258837,4.258837
BASE,decision-tree-primary-tumor-un-formula_0.8_2021_atleast_15_max-3_reduced_incomplete_adaboost_2_old.wcnf,True,True,84.0,84.0,0.138589,0.138589,4.743873,4.743873
BASE,decision-tree-primary-tumor-un-formula_0.8_2021_atleast_31_max-4_reduced_incomplete_adaboost_4_old.wcnf,True,True,155.0,155.0,0.272315,0.272315,4.112743,4.112743
BASE,decision-tree-primary-tumor-un-formula_0.8_2021_atleast_63_max-5_reduced_incomplete_adaboost_6_old.wcnf,True,True,338.0,338.0,0.812037,0.812037,1.644059,1.644059
BASE,decision-tree-tic-tac-toe-un-formula_0.8_2021_atleast_15_max-3_reduced_incomplete_adaboost_2_old.wcnf,True,True,335.0,335.0,0.280565,0.280565,0.432684,0.432684
BASE,decision-tree-tic-tac-toe-un-formula_0.8_2021_atleast_15_max-3_reduced_incomplete_adaboost_3_old.wcnf,True,True,443.0,443.0,0.324483,0.324483,0.400081,0.400081
BASE,decision-tree-tic-tac-toe-un-formula_0.8_2021_atleast_31_max-4_reduced_incomplete_adaboost_2_old.wcnf,True,True,286.0,286.0,0.444517,0.444517,0.444517,0.444517
BASE,drmx-cryptogen_wt-geffe128_7_old.wcnf,True,True,811.0,811.0,0.019867,0.019867,29.304254,29.304254
BASE,generalized-ising_wt-IS11_5.0.5.0.0.5_softer_periodic_old.wcnf,True,True,112229069992697.0,112229069992697.0,0.051307,0.051307,0.668252,0.668252
BASE,generalized-ising_wt-IS12_5.0.5.0.0.5_softer_periodic_old.wcnf,True,True,113171466486232.0,113171466486232.0,0.233224,0.233224,0.239781,0.239781
BASE,generalized-ising_wt-IS13_5.0.5.0.0.5_softer_periodic_old.wcnf,True,True,119401387482250.0,119401387482250.0,0.081375,0.081375,0.085178,0.085178
BASE,generalized-ising_wt-IS15_5.0.5.0.0.5_softer_periodic_old.wcnf,True,True,114658059944605.0,114658059944605.0,0.106127,0.106127,0.111152,0.111152
BASE,generalized-ising_wt-IS16_5.0.5.0.0.5_softer_periodic_old.wcnf,True,True,115258059944605.0,115258059944605.0,0.381611,0.381611,6.466168,6.466168
BASE,generalized-ising_wt-IS17_5.0.5.0.0.5_softer_periodic_old.wcnf,True,True,115902780531937.0,115902780531937.0,0.058803,0.058803,14.651764,14.651764
BASE,generalized-ising_wt-IS20_5.0.5.0.0.5_softer_periodic_old.wcnf,True,True,119388436533623.0,119388436533623.0,0.079473,0.079473,0.120177,0.120177
BASE,generalized-ising_wt-IS22_5.0.5.0.0.5_softer_periodic_old.wcnf,True,True,119112776308211.0,119112776308211.0,0.048958,0.048958,0.059808,0.059808
BASE,generalized-ising_wt-IS23_5.0.5.0.0.5_softer_periodic_old.wcnf,True,True,118663520151734.0,118663520151734.0,0.050812,0.050812,0.113351,0.113351
BASE,generalized-ising_wt-IS3_5.0.5.0.0.5_softer_periodic_old.wcnf,True,True,116804575996363.0,116804575996363.0,0.136658,0.136658,6.525039,6.525039
BASE,generalized-ising_wt-IS4_5.0.5.0.0.5_softer_periodic_old.wcnf,True,True,115857504490177.0,115857504490177.0,0.080799,0.080799,0.119734,0.119734
BASE,generalized-ising_wt-IS5_5.0.5.0.0.5_softer_periodic_old.wcnf,True,True,114843630201223.0,114843630201223.0,0.058437,0.058437,0.54742,0.54742
BASE,generalized-ising_wt-IS6_5.0.5.0.0.5_softer_periodic_old.wcnf,True,True,113797656078091.0,113797656078091.0,0.05406,0.05406,0.125752,0.125752
BASE,generalized-ising_wt-IS7_5.0.5.0.0.5_softer_periodic_old.wcnf,True,True,112706601923009.0,112706601923009.0,0.053455,0.053455,0.085407,0.085407
BASE,generalized-ising_wt-IS9_5.0.5.0.0.5_softer_periodic_old.wcnf,True,True,110066981524169.0,110066981524169.0,0.078338,0.078338,0.115075,0.115075
BASE,hs-timetabling_wt-BrazilInstance1.xml_old.wcnf,True,True,117.0,117.0,0.102949,0.102949,41.348795,41.348795
BASE,hs-timetabling_wt-BrazilInstance2.xml_old.wcnf,True,True,149.0,149.0,0.231236,0.231236,50.061829,50.061829
BASE,hs-timetabling_wt-BrazilInstance4.xml_old.wcnf,True,True,267.0,267.0,1.486495,1.486495,1.486495,1.486495
BASE,hs-timetabling_wt-BrazilInstance5.xml_old.wcnf,True,True,490.0,490.0,1.216193,1.216193,29.200132,29.200132
BASE,hs-timetabling_wt-BrazilInstance6.xml_old.wcnf,True,True,546.0,546.0,0.852152,0.852152,55.44878,55.44878
BASE,hs-timetabling_wt-BrazilInstance7.xml_old.wcnf,True,True,889.0,889.0,1.143801,1.143801,49.743412,49.743412
BASE,hs-timetabling_wt-FinlandSecondarySchool.xml_old.wcnf,True,True,817.0,817.0,1.51645,1.51645,1.51645,1.51645
BASE,hs-timetabling_wt-ItalyInstance4.xml_old.wcnf,True,True,12143.0,12143.0,9.223397,9.223397,19.116237,19.116237
BASE,judgment-aggregation-ja-kemeny-preflib-00049-00000300_old.wcnf,True,True,793.0,793.0,0.27009,0.27009,44.989536,44.989536
BASE,judgment-aggregation-ja-kemeny-preflib-00049-00000334_old.wcnf,True,True,612.0,612.0,0.151844,0.151844,52.27211,52.27211
BASE,judgment-aggregation-ja-kemeny-preflib-00049-00000451_old.wcnf,True,True,1020.0,1020.0,0.917298,0.917298,50.607433,50.607433
BASE,judgment-aggregation-ja-kemeny-preflib-00049-00000454_old.wcnf,True,True,715.0,715.0,0.291752,0.291752,57.87245,57.87245
BASE,judgment-aggregation-ja-kemeny-preflib-00051-00000011_old.wcnf,True,True,779.0,779.0,1.490124,1.490124,58.898048,58.898048
BASE,max-realizability_wt-power-distribution_11_7_old.wcnf,True,True,126.0,126.0,0.534698,0.534698,1.179387,1.179387
BASE,max-realizability_wt-power-distribution_12_8_old.wcnf,True,True,216.0,216.0,1.314513,1.314513,1.783352,1.783352
BASE,max-realizability_wt-robot-navigation_10_old.wcnf,True,True,39.0,39.0,10.870491,10.870491,10.870491,10.870491
BASE,metro_wt-metro_8_8_5_20_10_6_500_1_3.lp.sm-extracted_old.wcnf,True,True,215.0,215.0,6.37451,6.37451,10.40372,10.40372
BASE,mpe_wt-random-net-50-5_network-8.net_old.wcnf,True,True,48330.0,48330.0,0.074281,0.074281,33.219044,33.219044
BASE,pseudoBoolean_wt-normalized-mps-v2-20-10-sentoy.opb.msat_old.wcnf,True,True,9460.0,9460.0,0.261517,0.261517,0.261517,0.261517
BASE,railway-transport_wt-bf2030fvslack_old.wcnf,True,True,561747.0,561747.0,58.007234,58.007234,58.007234,58.007234
BASE,railway-transport_wt-f2030_old.wcnf,True,True,6979.0,6979.0,9.488085,9.488085,59.720215,59.720215
BASE,railway-transport_wt-r11_old.wcnf,True,True,73964834.0,73964834.0,54.235723,54.235723,59.981823,59.981823
BASE,railway-transport_wt-wg2_old.wcnf,True,True,866.0,866.0,13.894965,13.894965,41.007915,41.007915
BASE,ramsey_wt-ram_k3_n14.ra1_old.wcnf,True,True,3025.0,3025.0,0.072657,0.072657,0.563721,0.563721
BASE,ramsey_wt-ram_k3_n16.ra1_old.wcnf,True,True,7271.0,7271.0,0.026102,0.026102,0.465915,0.465915
BASE,ramsey_wt-ram_k3_n19.ra1_old.wcnf,True,True,20665.0,20665.0,0.047509,0.047509,1.241751,1.241751
BASE,ramsey_wt-ram_k4_n19.ra1_old.wcnf,True,True,1240.0,1240.0,0.096689,0.096689,8.120485,8.120485
BASE,relational-inference_wt-pa-1_old.wcnf,True,True,8282.0,8282.0,4.687011,4.687011,7.158971,7.158971
BASE,relational-inference_wt-pa-2_old.wcnf,True,True,3093.0,3093.0,38.679657,38.679657,38.753257,38.753257
BASE,relational-inference_wt-pa-3_old.wcnf,True,True,2967.0,2967.0,34.577939,34.577939,57.496739,57.496739
BASE,setcover_wt-rail2536_old.wcnf,True,True,2147034.0,2147034.0,1.167363,1.167363,1.167363,1.167363
BASE,setcover_wt-rail4284_old.wcnf,True,True,2119198.0,2119198.0,1.060235,1.060235,1.060235,1.060235
BASE,setcover_wt-rail4872_old.wcnf,True,True,1873139.0,1873139.0,2.159458,2.159458,2.159458,2.159458
BASE,setcover_wt-rail507_old.wcnf,True,True,220.0,220.0,15.965565,15.965565,41.523105,41.523105
BASE,shiftdesign_wt-limits-10-10_data-1_inst-084_30m.sm-extracted_old.wcnf,True,True,49932711.0,49932711.0,10.988424,10.988424,10.988424,10.988424
BASE,shiftdesign_wt-limits-10-10_data-1_inst-137_30m.sm-extracted_old.wcnf,True,True,17244442.0,17244442.0,4.440402,4.440402,4.440402,4.440402
BASE,shiftdesign_wt-limits-10-10_data-1_inst-182_30m.sm-extracted_old.wcnf,True,True,30573006.0,30573006.0,9.468072,9.468072,9.468072,9.468072
BASE,shiftdesign_wt-limits-10-10_data-2_inst-003_30m.sm-extracted_old.wcnf,True,True,41321652.0,41321652.0,11.49043,11.49043,11.49043,11.49043
BASE,shiftdesign_wt-limits-10-10_data-2_inst-025_30m.sm-extracted_old.wcnf,True,True,56212258.0,56212258.0,11.537841,11.537841,11.537841,11.537841
BASE,shiftdesign_wt-limits-10-10_data-2_inst-030_30m.sm-extracted_old.wcnf,True,True,122128224.0,122128224.0,22.926491,22.926491,22.926491,22.926491
BASE,shiftdesign_wt-limits-10-10_data-3_inst-002_30m.sm-extracted_old.wcnf,True,True,35896155.0,35896155.0,7.987121,7.987121,7.987121,7.987121
BASE,shiftdesign_wt-limits-10-10_data-3_inst-003_30m.sm-extracted_old.wcnf,True,True,28190618.0,28190618.0,6.261324,6.261324,6.261324,6.261324
BASE,shiftdesign_wt-limits-10-10_data-4_inst-003_60m.sm-extracted_old.wcnf,True,True,87521039.0,87521039.0,17.375027,17.375027,17.375027,17.375027
BASE,spot5_wt-1401.wcsp.log_old.wcnf,True,True,468096.0,468096.0,0.028258,0.028258,7.602884,7.602884
BASE,spot5_wt-1403.wcsp.dir_old.wcnf,True,True,477264.0,477264.0,0.075754,0.075754,0.144338,0.144338
BASE,spot5_wt-1403.wcsp.log_old.wcnf,True,True,469238.0,469238.0,0.075896,0.075896,34.774426,34.774426
BASE,spot5_wt-1405.wcsp.dir_old.wcnf,True,True,475458.0,475458.0,0.143778,0.143778,0.334534,0.334534
BASE,spot5_wt-1506.wcsp.log_old.wcnf,True,True,360527.0,360527.0,0.050051,0.050051,34.504252,34.504252
BASE,spot5_wt-5.wcsp.log_old.wcnf,True,True,270.0,270.0,0.045271,0.045271,0.050523,0.050523
BASE,staff-scheduling_wt-instance10_old.wcnf,True,True,6550.0,6550.0,2.555672,2.555672,57.699272,57.699272
BASE,staff-scheduling_wt-instance11_old.wcnf,True,True,3653.0,3653.0,1.199861,1.199861,22.795963,22.795963
BASE,staff-scheduling_wt-instance12_old.wcnf,True,True,7671.0,7671.0,4.145644,4.145644,13.842314,13.842314
BASE,staff-scheduling_wt-instance2_old.wcnf,True,True,838.0,838.0,0.036385,0.036385,3.616591,3.616591
BASE,staff-scheduling_wt-instance3_old.wcnf,True,True,1026.0,1026.0,0.105129,0.105129,15.43724,15.43724
BASE,staff-scheduling_wt-instance4_old.wcnf,True,True,1740.0,1740.0,0.093881,0.093881,41.333579,41.333579
BASE,staff-scheduling_wt-instance5_old.wcnf,True,True,1287.0,1287.0,0.130588,0.130588,25.431748,25.431748
BASE,staff-scheduling_wt-instance6_old.wcnf,True,True,2081.0,2081.0,0.141338,0.141338,10.601762,10.601762
BASE,staff-scheduling_wt-instance7_old.wcnf,True,True,1178.0,1178.0,0.216248,0.216248,46.44659,46.44659
BASE,staff-scheduling_wt-instance8_old.wcnf,True,True,2848.0,2848.0,0.687515,0.687515,20.639971,20.639971
BASE,staff-scheduling_wt-instance9_old.wcnf,True,True,2161.0,2161.0,1.848458,1.848458,47.606658,47.606658
BASE,switchingactivitymaximization-SwitchingActivityMaximization_OpenRISC1200_100_old.wcnf,True,True,392.0,392.0,1.088075,1.088075,1.088075,1.088075
BASE,switchingactivitymaximization-SwitchingActivityMaximization_OpenRISC1200_150_old.wcnf,True,True,528.0,528.0,1.231364,1.231364,1.231364,1.231364
BASE,switchingactivitymaximization-SwitchingActivityMaximization_OpenRISC1200_200_old.wcnf,True,True,602.0,602.0,2.059893,2.059893,2.059893,2.059893
BASE,switchingactivitymaximization-SwitchingActivityMaximization_OpenRISC1200_66_old.wcnf,True,True,228.0,228.0,2.321311,2.321311,2.321311,2.321311
BASE,switchingactivitymaximization-SwitchingActivityMaximization_OpenRISC1200_68_old.wcnf,True,True,193.0,193.0,1.591115,1.591115,1.591115,1.591115
BASE,switchingactivitymaximization-SwitchingActivityMaximization_OpenRISC1200_70_old.wcnf,True,True,240.0,240.0,1.483199,1.483199,1.483199,1.483199
BASE,switchingactivitymaximization-SwitchingActivityMaximization_OpenRISC1200_72_old.wcnf,True,True,202.0,202.0,1.982442,1.982442,1.982442,1.982442
BASE,switchingactivitymaximization-SwitchingActivityMaximization_OpenRISC1200_80_old.wcnf,True,True,306.0,306.0,2.450808,2.450808,2.450808,2.450808
BASE,switchingactivitymaximization-SwitchingActivityMaximization_OpenRISC1200_90_old.wcnf,True,True,283.0,283.0,6.267462,6.267462,6.267462,6.267462
BASE,tcp_wt-tcp_students_112_it_2_old.wcnf,True,True,3699.0,3699.0,1.227663,1.227663,44.964902,44.964902
BASE,timetabling_wt-comp02_old.wcnf,True,True,136.0,136.0,1.846114,1.846114,9.246761,9.246761
BASE,timetabling_wt-comp09_old.wcnf,True,True,135.0,135.0,1.37508,1.37508,27.184037,27.184037
BASE,timetabling_wt-comp12_old.wcnf,True,True,560.0,560.0,1.452485,1.452485,33.581973,33.581973
BASE,timetabling_wt-dds4_old.wcnf,False,False,,,,,,
BETA0,MaxSATQueriesinInterpretableClassifiers_wt-credit_train_8_CNF_5_20_old.wcnf,True,True,96480.0,96480.0,15.021479,14.071879,43.861201,42.694394
BETA0,MaxSATQueriesinInterpretableClassifiers_wt-pima_train_6_CNF_3_20_old.wcnf,True,True,3310.0,3290.0,0.044567,0.008748,33.395268,27.946927
BETA0,MaxSATQueriesinInterpretableClassifiers_wt-toms_test_2_CNF_3_20_old.wcnf,True,True,195.0,195.0,0.609756,0.539029,7.252474,7.341931
BETA0,MinimumWeightDominatingSetProblem_wt-bn-human-BNU_1_0025865_session_1-bg_old.wcnf,True,True,140539244.0,140539244.0,6.239282,3.84409,6.239282,3.84409
BETA0,MinimumWeightDominatingSetProblem_wt-channel-500x100x100-b050_old.wcnf,True,True,478624478.0,478245864.0,21.004552,18.853709,60.487852,61.526109
BETA0,MinimumWeightDominatingSetProblem_wt-delaunay_n24_old.wcnf,True,True,1685918983.0,1686108752.0,50.026828,15.601429,62.178028,15.601429
BETA0,MinimumWeightDominatingSetProblem_wt-hugebubbles-00020_old.wcnf,True,True,2130406259.0,2130406259.0,31.237817,22.525563,31.237817,22.525563
BETA0,MinimumWeightDominatingSetProblem_wt-inf-road-usa_old.wcnf,True,False,2406704625.0,,26.741276,47.915961,26.741276,64.250561
BETA0,MinimumWeightDominatingSetProblem_wt-rgg_n_2_24_s0_old.wcnf,True,True,1686108752.0,1686108752.0,45.573177,21.98292,45.573177,21.98292
BETA0,MinimumWeightDominatingSetProblem_wt-sc-rel9_old.wcnf,True,True,593056574.0,592677474.0,35.612281,30.249972,61.275281,60.574572
BETA0,MinimumWeightDominatingSetProblem_wt-soc-livejournal-user-groups_old.wcnf,True,True,752647274.0,752647274.0,26.920119,17.812656,26.920119,17.812656
BETA0,MinimumWeightDominatingSetProblem_wt-web-wikipedia2009_old.wcnf,True,True,174611880.0,35092853.0,11.480486,9.570919,60.605716,12.638219
BETA0,ParametricRBACMaintenance_mse20_wt-role_domino_multiple_0.1_8_old.wcnf,True,True,47682.0,47682.0,2.163202,1.803912,12.370532,11.164512
BETA0,ParametricRBACMaintenance_mse20_wt-role_domino_multiple_0.2_0_old.wcnf,True,True,74189.0,72339.0,2.160493,1.917723,9.582683,12.516683
BETA0,ParametricRBACMaintenance_mse20_wt-role_domino_multiple_0.5_1_old.wcnf,True,True,144463.0,144463.0,3.119143,1.869832,10.266053,7.411462
BETA0,ParametricRBACMaintenance_mse20_wt-role_domino_multiple_0.6_8_old.wcnf,True,True,159871.0,473099.0,2.134829,4.313874,11.652069,39.831845
BETA0,ParametricRBACMaintenance_mse20_wt-role_smallcomp_multiple_0.7_2_old.wcnf,True,True,277373.0,277373.0,12.558033,12.52605,58.706988,57.351228
BETA0,ParametricRBACMaintenance_mse20_wt-role_smallcomp_multiple_0.7_6_old.wcnf,True,True,252179.0,252179.0,0.029064,0.009978,3.486914,3.482141
BETA0,ParametricRBACMaintenance_mse20_wt-role_smallcomp_multiple_0.8_1_old.wcnf,True,True,350793.0,350793.0,0.027103,0.009528,10.317219,10.291167
BETA0,ParametricRBACMaintenance_mse20_wt-role_smallcomp_multiple_0.9_6_old.wcnf,True,True,282321.0,282321.0,0.051007,0.009896,0.191686,0.153819
BETA0,ParametricRBACMaintenance_mse20_wt-role_university_multiple_0.1_1_old.wcnf,True,True,63653.0,63484.0,2.951354,2.780427,11.422634,12.896457
BETA0,ParametricRBACMaintenance_mse20_wt-role_university_multiple_0.4_7_old.wcnf,True,True,234414.0,234414.0,4.696812,3.798417,11.854412,10.023617
BETA0,ParametricRBACMaintenance_mse20_wt-role_university_multiple_0.5_4_old.wcnf,True,True,215348.0,215348.0,3.291607,2.769821,13.458707,10.564231
BETA0,ParametricRBACMaintenance_mse20_wt-role_university_multiple_0.5_5_old.wcnf,True,True,198362.0,198362.0,3.076692,3.052447,12.371532,11.702707
BETA0,ParametricRBACMaintenance_mse20_wt-role_university_multiple_0.5_7_old.wcnf,True,True,263585.0,263585.0,3.979872,3.725579,9.758902,9.147579
BETA0,abstraction-refinement_wt-downcast-antlr_old.wcnf,True,False,79566.0,,9.610021,21.265171,9.610021,23.410921
BETA0,abstraction-refinement_wt-downcast-avrora_old.wcnf,True,True,49759.0,49759.0,14.415457,14.555868,18.520547,18.804068
BETA0,abstraction-refinement_wt-downcast-hsqldb_old.wcnf,True,True,32293.0,34922.0,31.648643,14.32705,40.549243,14.32705
BETA0,abstraction-refinement_wt-downcast-pmd_old.wcnf,True,True,6287.0,8791.0,31.192836,14.324412,41.553736,14.324412
BETA0,abstraction-refinement_wt-downcast-xalan_old.wcnf,True,True,65593.0,67710.0,16.6016,17.894086,59.13149,22.706166
BETA0,abstraction-refinement_wt-polysite-avrora_old.wcnf,True,True,55020.0,55020.0,16.46761,15.066008,20.44499,19.164768
BETA0,abstraction-refinement_wt-polysite-bloat_old.wcnf,True,True,2397.0,2950.0,45.862395,45.147949,61.341495,60.069249
BETA0,abstraction-refinement_wt-polysite-hsqldb_old.wcnf,True,True,177778.0,175624.0,14.378859,35.353063,14.378859,44.330963
BETA0,abstraction-refinement_wt-polysite-pmd_old.wcnf,True,True,190826.0,190826.0,26.473427,28.662606,34.166027,35.919506
BETA0,abstraction-refinement_wt-polysite-xalan_old.wcnf,True,True,117742.0,117742.0,22.222937,20.643823,27.096837,25.718113
BETA0,causal-discovery_wt-causal_Link_10_10000_old.wcnf,True,True,39112847.0,39112847.0,3.546758,3.21094,14.887858,14.44924
BETA0,causal-discovery_wt-causal_Link_10_1000_old.wcnf,True,True,33562494.0,33562494.0,3.653289,3.247435,30.145389,21.111295
BETA0,causal-discovery_wt-causal_Link_9_100_old.wcnf,True,True,3242187.0,3242187.0,1.996114,0.516738,1.996114,0.516738
BETA0,causal-discovery_wt-causal_Mushroom_7_1000_old.wcnf,True,True,9414169.0,9384011.0,0.1554,0.131499,17.869041,5.058577
BETA0,causal-discovery_wt-causal_Pigs_6_1000_old.wcnf,True,True,35110976.0,35110976.0,0.604325,0.184849,0.604325,0.184849
BETA0,causal-discovery_wt-causal_Water_10_1000_old.wcnf,True,True,45193159.0,45193159.0,3.237911,3.212234,11.619061,11.656754
BETA0,causal-discovery_wt-causal_alarm_9_1000_old.wcnf,True,True,36049513.0,36049513.0,1.268197,1.154466,10.24051,9.939377
BETA0,causal-discovery_wt-causal_carpo_8_1000_old.wcnf,True,True,2244087.0,2244087.0,0.460445,0.387069,59.12291,39.863524
BETA0,correlation-clustering_wt-Rounded_CorrelationClustering_Ionosphere_BINARY_N260_D0.200_old.wcnf,True,True,7014701.0,7014701.0,0.449744,0.424145,7.573165,7.407967
BETA0,correlation-clustering_wt-Rounded_CorrelationClustering_Protein1_UNARY_N290_old.wcnf,True,True,32090014.0,32090014.0,4.987195,5.099837,6.811545,6.945507
BETA0,correlation-clustering_wt-Rounded_CorrelationClustering_Protein2_BINARY_N220_old.wcnf,True,True,14004102.0,14004102.0,0.195893,0.157623,8.168712,8.219232
BETA0,correlation-clustering_wt-Rounded_CorrelationClustering_Protein2_BINARY_N240_old.wcnf,True,True,16116883.0,16116883.0,0.206399,0.183749,8.4641,8.392918
BETA0,correlation-clustering_wt-Rounded_CorrelationClustering_Protein2_BINARY_N380_old.wcnf,True,True,39198852.0,39198852.0,0.516161,0.489737,12.039557,11.728825
BETA0,correlation-clustering_wt-Rounded_CorrelationClustering_Protein2_UNARY_N220_old.wcnf,True,True,21300102.0,21300102.0,2.815447,2.607696,3.672867,3.516126
BETA0,correlation-clustering_wt-Rounded_CorrelationClustering_Protein3_TRANSITIVE_N280_old.wcnf,True,True,185255761.0,184948750.0,9.352062,8.963647,30.006912,22.460967
BETA0,correlation-clustering_wt-Rounded_CorrelationClustering_Protein3_UNARY_N220_old.wcnf,True,True,19154505.0,19154505.0,2.514262,2.478658,4.591722,4.522028
BETA0,correlation-clustering_wt-Rounded_CorrelationClustering_Protein4_BINARY_N320_old.wcnf,True,True,14733167.0,14733167.0,0.208796,0.186214,7.974472,7.710962
BETA0,correlation-clustering_wt-Rounded_CorrelationClustering_Protein4_UNARY_N250_old.wcnf,True,True,11103273.0,11103273.0,2.533845,2.337974,11.481845,12.288624
BETA0,correlation-clustering_wt-Rounded_CorrelationClustering_Vowel_BINARY_N700_D0.200_old.wcnf,True,True,75201247.0,75201247.0,2.389101,2.375352,2.576081,2.556802
BETA0,correlation-clustering_wt-Rounded_CorrelationClustering_Vowel_BINARY_N800_D0.200_old.wcnf,True,True,86276967.0,86276967.0,3.327337,3.386284,8.202637,8.379344
BETA0,decision-tree-anneal-un-formula_0.8_2021_atleast_31_max-4_reduced_incomplete_adaboost_3_old.wcnf,True,True,355.0,355.0,1.553209,1.422395,3.154289,2.958855
BETA0,decision-tree-anneal-un-formula_0.8_2021_atleast_31_max-4_reduced_incomplete_adaboost_5_old.wcnf,True,True,762.0,762.0,1.528031,1.414504,8.742101,8.065154
BETA0,decision-tree-australian-credit-un-formula_0.8_2021_atleast_31_max-4_reduced_incomplete_adaboost_5_old.wcnf,True,True,575.0,575.0,2.22725,2.034205,4.0739,3.842335
BETA0,decision-tree-heart-cleveland-un-formula_0.8_2021_atleast_127_max-6_reduced_incomplete_adaboost_2_old.wcnf,True,True,139.0,72.0,3.043973,8.482972,3.043973,8.533182
BETA0,decision-tree-heart-cleveland-un-formula_0.8_2021_atleast_15_max-3_reduced_incomplete_adaboost_4_old.wcnf,True,True,138.0,138.0,0.31645,0.286968,0.501206,0.471363
BETA0,decision-tree-heart-cleveland-un-formula_0.8_2021_atleast_31_max-4_reduced_incomplete_adaboost_4_old.wcnf,True,True,146.0,146.0,0.730533,0.671689,1.028816,0.956691
BETA0,decision-tree-heart-cleveland-un-formula_0.8_2021_atleast_31_max-4_reduced_incomplete_adaboost_6_old.wcnf,True,True,240.0,240.0,0.759052,0.69561,1.454042,1.391979
BETA0,decision-tree-primary-tumor-un-formula_0.8_2021_atleast_127_max-6_reduced_incomplete_adaboost_2_old.wcnf,True,True,113.0,113.0,3.559732,2.91083,5.835292,4.96107
BETA0,decision-tree-primary-tumor-un-formula_0.8_2021_atleast_127_max-6_reduced_incomplete_adaboost_4_old.wcnf,True,True,212.0,212.0,4.117007,2.911477,4.258837,3.050107
BETA0,decision-tree-primary-tumor-un-formula_0.8_2021_atleast_15_max-3_reduced_incomplete_adaboost_2_old.wcnf,True,True,84.0,84.0,0.138589,0.098055,4.743873,4.679073
BETA0,decision-tree-primary-tumor-un-formula_0.8_2021_atleast_31_max-4_reduced_incomplete_adaboost_4_old.wcnf,True,True,155.0,155.0,0.272315,0.249453,4.112743,4.025153
BETA0,decision-tree-primary-tumor-un-formula_0.8_2021_atleast_63_max-5_reduced_incomplete_adaboost_6_old.wcnf,True,True,338.0,338.0,0.812037,0.783755,1.644059,1.634266
BETA0,decision-tree-tic-tac-toe-un-formula_0.8_2021_atleast_15_max-3_reduced_incomplete_adaboost_2_old.wcnf,True,True,335.0,335.0,0.280565,0.216586,0.432684,0.35919
BETA0,decision-tree-tic-tac-toe-un-formula_0.8_2021_atleast_15_max-3_reduced_incomplete_adaboost_3_old.wcnf,True,True,443.0,443.0,0.324483,0.244093,0.400081,0.319131
BETA0,decision-tree-tic-tac-toe-un-formula_0.8_2021_atleast_31_max-4_reduced_incomplete_adaboost_2_old.wcnf,True,True,286.0,286.0,0.444517,0.383989,0.444517,0.383989
BETA0,drmx-cryptogen_wt-geffe128_7_old.wcnf,True,True,811.0,811.0,0.019867,0.007415,29.304254,29.384971
BETA0,generalized-ising_wt-IS11_5.0.5.0.0.5_softer_periodic_old.wcnf,True,True,112229069992697.0,112229069992697.0,0.051307,0.035069,0.668252,0.678104
BETA0,generalized-ising_wt-IS12_5.0.5.0.0.5_softer_periodic_old.wcnf,True,True,113171466486232.0,113171466486232.0,0.233224,0.034921,0.239781,0.041298
BETA0,generalized-ising_wt-IS13_5.0.5.0.0.5_softer_periodic_old.wcnf,True,True,119401387482250.0,119401387482250.0,0.081375,0.034021,0.085178,0.037343
BETA0,generalized-ising_wt-IS15_5.0.5.0.0.5_softer_periodic_old.wcnf,True,True,114658059944605.0,114658059944605.0,0.106127,0.083553,0.111152,0.088036
BETA0,generalized-ising_wt-IS16_5.0.5.0.0.5_softer_periodic_old.wcnf,True,True,115258059944605.0,115258059944605.0,0.381611,0.034501,6.466168,6.025828
BETA0,generalized-ising_wt-IS17_5.0.5.0.0.5_softer_periodic_old.wcnf,True,True,115902780531937.0,115902780531937.0,0.058803,0.034349,14.651764,14.484573
BETA0,generalized-ising_wt-IS20_5.0.5.0.0.5_softer_periodic_old.wcnf,True,True,119388436533623.0,119388436533623.0,0.079473,0.03454,0.120177,0.073462
BETA0,generalized-ising_wt-IS22_5.0.5.0.0.5_softer_periodic_old.wcnf,True,True,119112776308211.0,119112776308211.0,0.048958,0.03505,0.059808,0.04576
BETA0,generalized-ising_wt-IS23_5.0.5.0.0.5_softer_periodic_old.wcnf,True,True,118663520151734.0,118663520151734.0,0.050812,0.034429,0.113351,0.099825
BETA0,generalized-ising_wt-IS3_5.0.5.0.0.5_softer_periodic_old.wcnf,True,True,116804575996363.0,116804575996363.0,0.136658,0.035422,6.525039,7.726485
BETA0,generalized-ising_wt-IS4_5.0.5.0.0.5_softer_periodic_old.wcnf,True,True,115857504490177.0,115857504490177.0,0.080799,0.034462,0.119734,0.073297
BETA0,generalized-ising_wt-IS5_5.0.5.0.0.5_softer_periodic_old.wcnf,True,True,114843630201223.0,114843630201223.0,0.058437,0.034611,0.54742,0.525838
BETA0,generalized-ising_wt-IS6_5.0.5.0.0.5_softer_periodic_old.wcnf,True,True,113797656078091.0,113797656078091.0,0.05406,0.034052,0.125752,0.106142
BETA0,generalized-ising_wt-IS7_5.0.5.0.0.5_softer_periodic_old.wcnf,True,True,112706601923009.0,112706601923009.0,0.053455,0.034988,0.085407,0.066747
BETA0,generalized-ising_wt-IS9_5.0.5.0.0.5_softer_periodic_old.wcnf,True,True,110066981524169.0,110066981524169.0,0.078338,0.034112,0.115075,0.070611
BETA0,hs-timetabling_wt-BrazilInstance1.xml_old.wcnf,True,True,117.0,117.0,0.102949,0.089944,41.348795,41.106598
BETA0,hs-timetabling_wt-BrazilInstance2.xml_old.wcnf,True,True,149.0,149.0,0.231236,0.207128,50.061829,49.777364
BETA0,hs-timetabling_wt-BrazilInstance4.xml_old.wcnf,True,True,267.0,267.0,1.486495,1.336194,1.486495,1.336194
BETA0,hs-timetabling_wt-BrazilInstance5.xml_old.wcnf,True,True,490.0,490.0,1.216193,0.576451,29.200132,28.404788
BETA0,hs-timetabling_wt-BrazilInstance6.xml_old.wcnf,True,True,546.0,546.0,0.852152,0.784258,55.44878,54.856924
BETA0,hs-timetabling_wt-BrazilInstance7.xml_old.wcnf,True,True,889.0,889.0,1.143801,1.012553,49.743412,48.424744
BETA0,hs-timetabling_wt-FinlandSecondarySchool.xml_old.wcnf,True,True,817.0,817.0,1.51645,1.37646,1.51645,1.37646
BETA0,hs-timetabling_wt-ItalyInstance4.xml_old.wcnf,True,True,12143.0,12143.0,9.223397,8.753694,19.116237,18.502154
BETA0,judgment-aggregation-ja-kemeny-preflib-00049-00000300_old.wcnf,True,True,793.0,913.0,0.27009,0.248961,44.989536,55.871005
BETA0,judgment-aggregation-ja-kemeny-preflib-00049-00000334_old.wcnf,True,True,612.0,629.0,0.151844,0.108101,52.27211,24.793383
BETA0,judgment-aggregation-ja-kemeny-preflib-00049-00000451_old.wcnf,True,True,1020.0,1026.0,0.917298,0.852058,50.607433,51.493181
BETA0,judgment-aggregation-ja-kemeny-preflib-00049-00000454_old.wcnf,True,True,715.0,717.0,0.291752,0.273336,57.87245,58.209356
BETA0,judgment-aggregation-ja-kemeny-preflib-00051-00000011_old.wcnf,True,True,779.0,730.0,1.490124,1.337952,58.898048,43.883395
BETA0,max-realizability_wt-power-distribution_11_7_old.wcnf,True,True,126.0,126.0,0.534698,0.506449,1.179387,1.130181
BETA0,max-realizability_wt-power-distribution_12_8_old.wcnf,True,True,216.0,216.0,1.314513,1.209924,1.783352,1.678426
BETA0,max-realizability_wt-robot-navigation_10_old.wcnf,True,True,39.0,39.0,10.870491,10.718861,10.870491,10.718861
BETA0,metro_wt-metro_8_8_5_20_10_6_500_1_3.lp.sm-extracted_old.wcnf,True,True,215.0,215.0,6.37451,6.300545,10.40372,10.285865
BETA0,mpe_wt-random-net-50-5_network-8.net_old.wcnf,True,True,48330.0,48106.0,0.074281,0.027998,33.219044,7.026634
BETA0,pseudoBoolean_wt-normalized-mps-v2-20-10-sentoy.opb.msat_old.wcnf,True,True,9460.0,9460.0,0.261517,0.060213,0.261517,0.060213
BETA0,railway-transport_wt-bf2030fvslack_old.wcnf,True,True,561747.0,264700.0,58.007234,18.422159,58.007234,43.031109
BETA0,railway-transport_wt-f2030_old.wcnf,True,True,6979.0,7727.0,9.488085,2.865118,59.720215,45.695378
BETA0,railway-transport_wt-r11_old.wcnf,True,True,73964834.0,68330631.0,54.235723,18.065524,59.981823,59.753174
BETA0,railway-transport_wt-wg2_old.wcnf,True,True,866.0,954.0,13.894965,11.77454,41.007915,39.5042
BETA0,ramsey_wt-ram_k3_n14.ra1_old.wcnf,True,True,3025.0,3025.0,0.072657,0.013607,0.563721,0.498293
BETA0,ramsey_wt-ram_k3_n16.ra1_old.wcnf,True,True,7271.0,7271.0,0.026102,0.003509,0.465915,0.44396
BETA0,ramsey_wt-ram_k3_n19.ra1_old.wcnf,True,True,20665.0,20665.0,0.047509,0.004635,1.241751,1.191299
BETA0,ramsey_wt-ram_k4_n19.ra1_old.wcnf,True,True,1240.0,1240.0,0.096689,0.051639,8.120485,8.034021
BETA0,relational-inference_wt-pa-1_old.wcnf,True,True,8282.0,8282.0,4.687011,2.75832,7.158971,5.25774
BETA0,relational-inference_wt-pa-2_old.wcnf,True,True,3093.0,3093.0,38.679657,34.904498,38.753257,34.979898
BETA0,relational-inference_wt-pa-3_old.wcnf,True,True,2967.0,446468655.0,34.577939,6.506756,57.496739,6.506756
BETA0,setcover_wt-rail2536_old.wcnf,True,True,2147034.0,2147034.0,1.167363,0.901403,1.167363,0.901403
BETA0,setcover_wt-rail4284_old.wcnf,True,True,2119198.0,2119198.0,1.060235,0.970122,1.060235,0.970122
BETA0,setcover_wt-rail4872_old.wcnf,True,True,1873139.0,1873139.0,2.159458,0.561981,2.159458,0.561981
BETA0,setcover_wt-rail507_old.wcnf,True,True,220.0,220.0,15.965565,15.395284,41.523105,40.921064
BETA0,shiftdesign_wt-limits-10-10_data-1_inst-084_30m.sm-extracted_old.wcnf,True,True,49932711.0,49932711.0,10.988424,8.941466,10.988424,8.941466
BETA0,shiftdesign_wt-limits-10-10_data-1_inst-137_30m.sm-extracted_old.wcnf,True,True,17244442.0,17244442.0,4.440402,3.765339,4.440402,3.765339
BETA0,shiftdesign_wt-limits-10-10_data-1_inst-182_30m.sm-extracted_old.wcnf,True,True,30573006.0,30573006.0,9.468072,7.701157,9.468072,7.701157
BETA0,shiftdesign_wt-limits-10-10_data-2_inst-003_30m.sm-extracted_old.wcnf,True,True,41321652.0,41321652.0,11.49043,7.575938,11.49043,7.575938
BETA0,shiftdesign_wt-limits-10-10_data-2_inst-025_30m.sm-extracted_old.wcnf,True,True,56212258.0,56212258.0,11.537841,10.06152,11.537841,10.06152
BETA0,shiftdesign_wt-limits-10-10_data-2_inst-030_30m.sm-extracted_old.wcnf,True,True,122128224.0,122128224.0,22.926491,20.552479,22.926491,20.552479
BETA0,shiftdesign_wt-limits-10-10_data-3_inst-002_30m.sm-extracted_old.wcnf,True,True,35896155.0,35896155.0,7.987121,6.348695,7.987121,6.348695
BETA0,shiftdesign_wt-limits-10-10_data-3_inst-003_30m.sm-extracted_old.wcnf,True,True,28190618.0,28190618.0,6.261324,5.083712,6.261324,5.083712
BETA0,shiftdesign_wt-limits-10-10_data-4_inst-003_60m.sm-extracted_old.wcnf,True,True,87521039.0,87521039.0,17.375027,12.20277,17.375027,12.20277
BETA0,spot5_wt-1401.wcsp.log_old.wcnf,True,True,468096.0,467097.0,0.028258,0.014331,7.602884,57.854845
BETA0,spot5_wt-1403.wcsp.dir_old.wcnf,True,True,477264.0,479266.0,0.075754,0.015279,0.144338,0.093019
BETA0,spot5_wt-1403.wcsp.log_old.wcnf,True,True,469238.0,470241.0,0.075896,0.018601,34.774426,18.450786
BETA0,spot5_wt-1405.wcsp.dir_old.wcnf,True,True,475458.0,484436.0,0.143778,0.022903,0.334534,47.194664
BETA0,spot5_wt-1506.wcsp.log_old.wcnf,True,True,360527.0,364531.0,0.050051,0.023929,34.504252,29.498682
BETA0,spot5_wt-5.wcsp.log_old.wcnf,True,True,270.0,265.0,0.045271,0.013163,0.050523,0.01746
BETA0,staff-scheduling_wt-instance10_old.wcnf,True,True,6550.0,6550.0,2.555672,2.527241,57.699272,58.860951
BETA0,staff-scheduling_wt-instance11_old.wcnf,True,True,3653.0,3653.0,1.199861,1.101394,22.795963,23.624864
BETA0,staff-scheduling_wt-instance12_old.wcnf,True,True,7671.0,7671.0,4.145644,3.680739,13.842314,12.034089
BETA0,staff-scheduling_wt-instance2_old.wcnf,True,True,838.0,838.0,0.036385,0.016724,3.616591,3.602139
BETA0,staff-scheduling_wt-instance3_old.wcnf,True,True,1026.0,1026.0,0.105129,0.048257,15.43724,15.494159
BETA0,staff-scheduling_wt-instance4_old.wcnf,True,True,1740.0,1740.0,0.093881,0.027569,41.333579,40.944538
BETA0,staff-scheduling_wt-instance5_old.wcnf,True,True,1287.0,1287.0,0.130588,0.075235,25.431748,25.324763
BETA0,staff-scheduling_wt-instance6_old.wcnf,True,True,2081.0,2081.0,0.141338,0.093758,10.601762,10.652577
BETA0,staff-scheduling_wt-instance7_old.wcnf,True,True,1178.0,1178.0,0.216248,0.118536,46.44659,45.9757
BETA0,staff-scheduling_wt-instance8_old.wcnf,True,True,2848.0,2848.0,0.687515,0.554475,20.639971,19.544847
BETA0,staff-scheduling_wt-instance9_old.wcnf,True,True,2161.0,2142.0,1.848458,1.603919,47.606658,59.411705
BETA0,switchingactivitymaximization-SwitchingActivityMaximization_OpenRISC1200_100_old.wcnf,True,True,392.0,392.0,1.088075,0.759742,1.088075,0.759742
BETA0,switchingactivitymaximization-SwitchingActivityMaximization_OpenRISC1200_150_old.wcnf,True,True,528.0,528.0,1.231364,0.788226,1.231364,0.788226
BETA0,switchingactivitymaximization-SwitchingActivityMaximization_OpenRISC1200_200_old.wcnf,True,True,602.0,602.0,2.059893,0.767479,2.059893,0.767479
BETA0,switchingactivitymaximization-SwitchingActivityMaximization_OpenRISC1200_66_old.wcnf,True,True,228.0,228.0,2.321311,0.786937,2.321311,0.786937
BETA0,switchingactivitymaximization-SwitchingActivityMaximization_OpenRISC1200_68_old.wcnf,True,True,193.0,193.0,1.591115,0.78023,1.591115,0.78023
BETA0,switchingactivitymaximization-SwitchingActivityMaximization_OpenRISC1200_70_old.wcnf,True,True,240.0,240.0,1.483199,0.790157,1.483199,0.790157
BETA0,switchingactivitymaximization-SwitchingActivityMaximization_OpenRISC1200_72_old.wcnf,True,True,202.0,202.0,1.982442,0.773558,1.982442,0.773558
BETA0,switchingactivitymaximization-SwitchingActivityMaximization_OpenRISC1200_80_old.wcnf,True,True,306.0,306.0,2.450808,0.765462,2.450808,0.765462
BETA0,switchingactivitymaximization-SwitchingActivityMaximization_OpenRISC1200_90_old.wcnf,True,True,283.0,283.0,6.267462,0.784706,6.267462,0.784706
BETA0,tcp_wt-tcp_students_112_it_2_old.wcnf,True,True,3699.0,3699.0,1.227663,0.243406,44.964902,43.65617
BETA0,timetabling_wt-comp02_old.wcnf,True,True,136.0,136.0,1.846114,0.820477,9.246761,8.256981
BETA0,timetabling_wt-comp09_old.wcnf,True,True,135.0,135.0,1.37508,0.824228,27.184037,28.327801
BETA0,timetabling_wt-comp12_old.wcnf,True,True,560.0,560.0,1.452485,0.649494,33.581973,29.829259
BETA0,timetabling_wt-dds4_old.wcnf,False,False,,,,,,
BETA_N025,MaxSATQueriesinInterpretableClassifiers_wt-credit_train_8_CNF_5_20_old.wcnf,True,True,96480.0,96480.0,15.021479,14.136088,43.861201,43.229024
BETA_N025,MaxSATQueriesinInterpretableClassifiers_wt-pima_train_6_CNF_3_20_old.wcnf,True,True,3310.0,3290.0,0.044567,0.058926,33.395268,10.971994
BETA_N025,MaxSATQueriesinInterpretableClassifiers_wt-toms_test_2_CNF_3_20_old.wcnf,True,True,195.0,195.0,0.609756,0.723564,7.252474,7.536099
BETA_N025,MinimumWeightDominatingSetProblem_wt-bn-human-BNU_1_0025865_session_1-bg_old.wcnf,True,True,140539244.0,140539244.0,6.239282,9.030501,6.239282,9.030501
BETA_N025,MinimumWeightDominatingSetProblem_wt-channel-500x100x100-b050_old.wcnf,True,True,478624478.0,479381461.0,21.004552,28.919955,60.487852,61.786655
BETA_N025,MinimumWeightDominatingSetProblem_wt-delaunay_n24_old.wcnf,True,True,1685918983.0,1686108752.0,50.026828,15.698567,62.178028,15.698567
BETA_N025,MinimumWeightDominatingSetProblem_wt-hugebubbles-00020_old.wcnf,True,True,2130406259.0,2130406259.0,31.237817,27.992207,31.237817,27.992207
BETA_N025,MinimumWeightDominatingSetProblem_wt-inf-road-usa_old.wcnf,True,True,2406704625.0,2406704625.0,26.741276,22.212857,26.741276,22.212857
BETA_N025,MinimumWeightDominatingSetProblem_wt-rgg_n_2_24_s0_old.wcnf,True,True,1686108752.0,1686108752.0,45.573177,39.058085,45.573177,39.058085
BETA_N025,MinimumWeightDominatingSetProblem_wt-sc-rel9_old.wcnf,True,False,593056574.0,,35.612281,30.958171,61.275281,62.355771
BETA_N025,MinimumWeightDominatingSetProblem_wt-soc-livejournal-user-groups_old.wcnf,True,True,752647274.0,752647274.0,26.920119,39.064948,26.920119,39.064948
BETA_N025,MinimumWeightDominatingSetProblem_wt-web-wikipedia2009_old.wcnf,True,True,174611880.0,35092853.0,11.480486,9.229107,60.605716,12.213397
BETA_N025,ParametricRBACMaintenance_mse20_wt-role_domino_multiple_0.1_8_old.wcnf,True,True,47682.0,47682.0,2.163202,1.804823,12.370532,11.547643
BETA_N025,ParametricRBACMaintenance_mse20_wt-role_domino_multiple_0.2_0_old.wcnf,True,True,74189.0,72265.0,2.160493,1.934784,9.582683,13.229554
BETA_N025,ParametricRBACMaintenance_mse20_wt-role_domino_multiple_0.5_1_old.wcnf,True,True,144463.0,144463.0,3.119143,1.856969,10.266053,7.808419
BETA_N025,ParametricRBACMaintenance_mse20_wt-role_domino_multiple_0.6_8_old.wcnf,True,True,159871.0,159871.0,2.134829,2.972472,11.652069,12.677122
BETA_N025,ParametricRBACMaintenance_mse20_wt-role_smallcomp_multiple_0.7_2_old.wcnf,True,True,277373.0,277373.0,12.558033,12.953952,58.706988,57.569231
BETA_N025,ParametricRBACMaintenance_mse20_wt-role_smallcomp_multiple_0.7_6_old.wcnf,True,True,252179.0,252179.0,0.029064,0.009924,3.486914,3.46905
BETA_N025,ParametricRBACMaintenance_mse20_wt-role_smallcomp_multiple_0.8_1_old.wcnf,True,True,350793.0,350793.0,0.027103,0.009693,10.317219,10.250367
BETA_N025,ParametricRBACMaintenance_mse20_wt-role_smallcomp_multiple_0.9_6_old.wcnf,True,True,282321.0,282321.0,0.051007,0.18448,0.191686,0.325267
BETA_N025,ParametricRBACMaintenance_mse20_wt-role_university_multiple_0.1_1_old.wcnf,True,True,63653.0,63653.0,2.951354,2.780162,11.422634,11.201512
BETA_N025,ParametricRBACMaintenance_mse20_wt-role_university_multiple_0.4_7_old.wcnf,True,True,234414.0,234414.0,4.696812,3.769033,11.854412,9.714133
BETA_N025,ParametricRBACMaintenance_mse20_wt-role_university_multiple_0.5_4_old.wcnf,True,True,215348.0,215348.0,3.291607,2.448646,13.458707,10.333906
BETA_N025,ParametricRBACMaintenance_mse20_wt-role_university_multiple_0.5_5_old.wcnf,True,True,198362.0,198362.0,3.076692,2.872143,12.371532,11.766453
BETA_N025,ParametricRBACMaintenance_mse20_wt-role_university_multiple_0.5_7_old.wcnf,True,True,263585.0,263585.0,3.979872,3.638694,9.758902,8.878334
BETA_N025,abstraction-refinement_wt-downcast-antlr_old.wcnf,True,True,79566.0,78873.0,9.610021,21.9318,9.610021,24.2772
BETA_N025,abstraction-refinement_wt-downcast-avrora_old.wcnf,True,True,49759.0,49759.0,14.415457,15.779306,18.520547,19.923766
BETA_N025,abstraction-refinement_wt-downcast-hsqldb_old.wcnf,True,True,32293.0,32293.0,31.648643,32.394234,40.549243,41.611234
BETA_N025,abstraction-refinement_wt-downcast-pmd_old.wcnf,True,False,6287.0,,31.192836,32.041061,41.553736,43.193761
BETA_N025,abstraction-refinement_wt-downcast-xalan_old.wcnf,True,True,65593.0,65619.0,16.6016,17.166691,59.13149,59.374521
BETA_N025,abstraction-refinement_wt-polysite-avrora_old.wcnf,True,True,55020.0,55020.0,16.46761,14.442034,20.44499,18.427484
BETA_N025,abstraction-refinement_wt-polysite-bloat_old.wcnf,True,True,2397.0,2950.0,45.862395,46.73039,61.341495,60.20109
BETA_N025,abstraction-refinement_wt-polysite-hsqldb_old.wcnf,True,True,177778.0,175624.0,14.378859,34.984591,14.378859,43.841391
BETA_N025,abstraction-refinement_wt-polysite-pmd_old.wcnf,True,True,190826.0,193158.0,26.473427,12.257287,34.166027,12.257287
BETA_N025,abstraction-refinement_wt-polysite-xalan_old.wcnf,True,True,117742.0,117742.0,22.222937,22.230724,27.096837,27.129824
BETA_N025,causal-discovery_wt-causal_Link_10_10000_old.wcnf,True,True,39112847.0,39112847.0,3.546758,3.587408,14.887858,14.845888
BETA_N025,causal-discovery_wt-causal_Link_10_1000_old.wcnf,True,True,33562494.0,33562494.0,3.653289,3.596467,30.145389,21.453757
BETA_N025,causal-discovery_wt-causal_Link_9_100_old.wcnf,True,True,3242187.0,3242187.0,1.996114,0.526964,1.996114,0.526964
BETA_N025,causal-discovery_wt-causal_Mushroom_7_1000_old.wcnf,True,True,9414169.0,9414169.0,0.1554,0.142109,17.869041,5.056693
BETA_N025,causal-discovery_wt-causal_Pigs_6_1000_old.wcnf,True,True,35110976.0,35110976.0,0.604325,0.282025,0.604325,0.282025
BETA_N025,causal-discovery_wt-causal_Water_10_1000_old.wcnf,True,True,45193159.0,45193159.0,3.237911,6.182685,11.619061,14.555985
BETA_N025,causal-discovery_wt-causal_alarm_9_1000_old.wcnf,True,True,36049513.0,36049513.0,1.268197,1.474576,10.24051,10.375086
BETA_N025,causal-discovery_wt-causal_carpo_8_1000_old.wcnf,True,True,2244087.0,2244087.0,0.460445,1.061971,59.12291,41.57307
BETA_N025,correlation-clustering_wt-Rounded_CorrelationClustering_Ionosphere_BINARY_N260_D0.200_old.wcnf,True,True,7014701.0,7014701.0,0.449744,0.961174,7.573165,8.305161
BETA_N025,correlation-clustering_wt-Rounded_CorrelationClustering_Protein1_UNARY_N290_old.wcnf,True,True,32090014.0,33957845.0,4.987195,7.422702,6.811545,7.422702
BETA_N025,correlation-clustering_wt-Rounded_CorrelationClustering_Protein2_BINARY_N220_old.wcnf,True,True,14004102.0,14004102.0,0.195893,0.237657,8.168712,8.383782
BETA_N025,correlation-clustering_wt-Rounded_CorrelationClustering_Protein2_BINARY_N240_old.wcnf,True,True,16116883.0,16116883.0,0.206399,0.358653,8.4641,8.604285
BETA_N025,correlation-clustering_wt-Rounded_CorrelationClustering_Protein2_BINARY_N380_old.wcnf,True,True,39198852.0,39198852.0,0.516161,0.783545,12.039557,12.250186
BETA_N025,correlation-clustering_wt-Rounded_CorrelationClustering_Protein2_UNARY_N220_old.wcnf,True,True,21300102.0,21300102.0,2.815447,2.925606,3.672867,3.797856
BETA_N025,correlation-clustering_wt-Rounded_CorrelationClustering_Protein3_TRANSITIVE_N280_old.wcnf,True,True,185255761.0,185085180.0,9.352062,11.943213,30.006912,46.681043
BETA_N025,correlation-clustering_wt-Rounded_CorrelationClustering_Protein3_UNARY_N220_old.wcnf,True,True,19154505.0,19154505.0,2.514262,3.102877,4.591722,5.370677
BETA_N025,correlation-clustering_wt-Rounded_CorrelationClustering_Protein4_BINARY_N320_old.wcnf,True,True,14733167.0,14733167.0,0.208796,0.245918,7.974472,7.974587
BETA_N025,correlation-clustering_wt-Rounded_CorrelationClustering_Protein4_UNARY_N250_old.wcnf,True,True,11103273.0,20419164.0,2.533845,4.308853,11.481845,4.308853
BETA_N025,correlation-clustering_wt-Rounded_CorrelationClustering_Vowel_BINARY_N700_D0.200_old.wcnf,True,True,75201247.0,822078090.0,2.389101,3.39587,2.576081,3.39587
BETA_N025,correlation-clustering_wt-Rounded_CorrelationClustering_Vowel_BINARY_N800_D0.200_old.wcnf,True,True,86276967.0,1169882030.0,3.327337,4.112456,8.202637,4.112456
BETA_N025,decision-tree-anneal-un-formula_0.8_2021_atleast_31_max-4_reduced_incomplete_adaboost_3_old.wcnf,True,True,355.0,355.0,1.553209,1.663086,3.154289,3.229086
BETA_N025,decision-tree-anneal-un-formula_0.8_2021_atleast_31_max-4_reduced_incomplete_adaboost_5_old.wcnf,True,True,762.0,762.0,1.528031,2.163634,8.742101,8.961504
BETA_N025,decision-tree-australian-credit-un-formula_0.8_2021_atleast_31_max-4_reduced_incomplete_adaboost_5_old.wcnf,True,True,575.0,575.0,2.22725,2.209971,4.0739,4.012221
BETA_N025,decision-tree-heart-cleveland-un-formula_0.8_2021_atleast_127_max-6_reduced_incomplete_adaboost_2_old.wcnf,True,True,139.0,139.0,3.043973,14.306322,3.043973,14.306322
BETA_N025,decision-tree-heart-cleveland-un-formula_0.8_2021_atleast_15_max-3_reduced_incomplete_adaboost_4_old.wcnf,True,True,138.0,138.0,0.31645,0.39305,0.501206,0.577331
BETA_N025,decision-tree-heart-cleveland-un-formula_0.8_2021_atleast_31_max-4_reduced_incomplete_adaboost_4_old.wcnf,True,True,146.0,146.0,0.730533,0.837775,1.028816,1.126715
BETA_N025,decision-tree-heart-cleveland-un-formula_0.8_2021_atleast_31_max-4_reduced_incomplete_adaboost_6_old.wcnf,True,True,240.0,240.0,0.759052,1.689086,1.454042,2.376513
BETA_N025,decision-tree-primary-tumor-un-formula_0.8_2021_atleast_127_max-6_reduced_incomplete_adaboost_2_old.wcnf,True,True,113.0,113.0,3.559732,2.924313,5.835292,4.972393
BETA_N025,decision-tree-primary-tumor-un-formula_0.8_2021_atleast_127_max-6_reduced_incomplete_adaboost_4_old.wcnf,True,True,212.0,269.0,4.117007,3.745573,4.258837,3.745573
BETA_N025,decision-tree-primary-tumor-un-formula_0.8_2021_atleast_15_max-3_reduced_incomplete_adaboost_2_old.wcnf,True,True,84.0,84.0,0.138589,0.199871,4.743873,4.8027
BETA_N025,decision-tree-primary-tumor-un-formula_0.8_2021_atleast_31_max-4_reduced_incomplete_adaboost_4_old.wcnf,True,True,155.0,155.0,0.272315,0.381783,4.112743,4.167177
BETA_N025,decision-tree-primary-tumor-un-formula_0.8_2021_atleast_63_max-5_reduced_incomplete_adaboost_6_old.wcnf,True,True,338.0,338.0,0.812037,1.045821,1.644059,1.876726
BETA_N025,decision-tree-tic-tac-toe-un-formula_0.8_2021_atleast_15_max-3_reduced_incomplete_adaboost_2_old.wcnf,True,True,335.0,335.0,0.280565,0.440385,0.432684,0.584617
BETA_N025,decision-tree-tic-tac-toe-un-formula_0.8_2021_atleast_15_max-3_reduced_incomplete_adaboost_3_old.wcnf,True,True,443.0,443.0,0.324483,0.24693,0.400081,0.322653
BETA_N025,decision-tree-tic-tac-toe-un-formula_0.8_2021_atleast_31_max-4_reduced_incomplete_adaboost_2_old.wcnf,True,True,286.0,286.0,0.444517,0.686815,0.444517,0.686815
BETA_N025,drmx-cryptogen_wt-geffe128_7_old.wcnf,True,True,811.0,811.0,0.019867,0.188286,29.304254,29.434385
BETA_N025,generalized-ising_wt-IS11_5.0.5.0.0.5_softer_periodic_old.wcnf,True,True,112229069992697.0,112229069992697.0,0.051307,0.151282,0.668252,0.765557
BETA_N025,generalized-ising_wt-IS12_5.0.5.0.0.5_softer_periodic_old.wcnf,True,True,113171466486232.0,113171466486232.0,0.233224,0.126514,0.239781,0.132993
BETA_N025,generalized-ising_wt-IS13_5.0.5.0.0.5_softer_periodic_old.wcnf,True,True,119401387482250.0,119401387482250.0,0.081375,0.149494,0.085178,0.152862
BETA_N025,generalized-ising_wt-IS15_5.0.5.0.0.5_softer_periodic_old.wcnf,True,True,114658059944605.0,114658059944605.0,0.106127,0.034849,0.111152,0.039362
BETA_N025,generalized-ising_wt-IS16_5.0.5.0.0.5_softer_periodic_old.wcnf,True,True,115258059944605.0,115258059944605.0,0.381611,0.102595,6.466168,6.066313
BETA_N025,generalized-ising_wt-IS17_5.0.5.0.0.5_softer_periodic_old.wcnf,True,True,115902780531937.0,115902780531937.0,0.058803,0.124981,14.651764,14.546699
BETA_N025,generalized-ising_wt-IS20_5.0.5.0.0.5_softer_periodic_old.wcnf,True,True,119388436533623.0,119388436533623.0,0.079473,0.08521,0.120177,0.12435
BETA_N025,generalized-ising_wt-IS22_5.0.5.0.0.5_softer_periodic_old.wcnf,True,True,119112776308211.0,119112776308211.0,0.048958,0.110231,0.059808,0.121118
BETA_N025,generalized-ising_wt-IS23_5.0.5.0.0.5_softer_periodic_old.wcnf,True,True,118663520151734.0,118663520151734.0,0.050812,0.092651,0.113351,0.152488
BETA_N025,generalized-ising_wt-IS3_5.0.5.0.0.5_softer_periodic_old.wcnf,True,True,116804575996363.0,116804575996363.0,0.136658,0.275375,6.525039,6.652612
BETA_N025,generalized-ising_wt-IS4_5.0.5.0.0.5_softer_periodic_old.wcnf,True,True,115857504490177.0,115857504490177.0,0.080799,0.034752,0.119734,0.072846
BETA_N025,generalized-ising_wt-IS5_5.0.5.0.0.5_softer_periodic_old.wcnf,True,True,114843630201223.0,114843630201223.0,0.058437,0.112795,0.54742,0.593485
BETA_N025,generalized-ising_wt-IS6_5.0.5.0.0.5_softer_periodic_old.wcnf,True,True,113797656078091.0,113797656078091.0,0.05406,0.631824,0.125752,0.703534
BETA_N025,generalized-ising_wt-IS7_5.0.5.0.0.5_softer_periodic_old.wcnf,True,True,112706601923009.0,112706601923009.0,0.053455,0.095438,0.085407,0.127391
BETA_N025,generalized-ising_wt-IS9_5.0.5.0.0.5_softer_periodic_old.wcnf,True,True,110066981524169.0,110066981524169.0,0.078338,0.121962,0.115075,0.158647
BETA_N025,hs-timetabling_wt-BrazilInstance1.xml_old.wcnf,True,True,117.0,117.0,0.102949,0.090239,41.348795,41.344252
BETA_N025,hs-timetabling_wt-BrazilInstance2.xml_old.wcnf,True,True,149.0,149.0,0.231236,0.20694,50.061829,49.540567
BETA_N025,hs-timetabling_wt-BrazilInstance4.xml_old.wcnf,True,True,267.0,267.0,1.486495,1.458233,1.486495,1.458233
BETA_N025,hs-timetabling_wt-BrazilInstance5.xml_old.wcnf,True,True,490.0,490.0,1.216193,0.70567,29.200132,28.876437
BETA_N025,hs-timetabling_wt-BrazilInstance6.xml_old.wcnf,True,True,546.0,546.0,0.852152,0.829262,55.44878,55.00996
BETA_N025,hs-timetabling_wt-BrazilInstance7.xml_old.wcnf,True,True,889.0,889.0,1.143801,1.173089,49.743412,49.46273
BETA_N025,hs-timetabling_wt-FinlandSecondarySchool.xml_old.wcnf,True,True,817.0,817.0,1.51645,1.613233,1.51645,1.613233
BETA_N025,hs-timetabling_wt-ItalyInstance4.xml_old.wcnf,True,True,12143.0,12143.0,9.223397,10.164908,19.116237,20.452228
BETA_N025,judgment-aggregation-ja-kemeny-preflib-00049-00000300_old.wcnf,True,True,793.0,847.0,0.27009,0.333071,44.989536,45.934887
BETA_N025,judgment-aggregation-ja-kemeny-preflib-00049-00000334_old.wcnf,True,True,612.0,610.0,0.151844,0.224507,52.27211,49.694507
BETA_N025,judgment-aggregation-ja-kemeny-preflib-00049-00000451_old.wcnf,True,True,1020.0,976.0,0.917298,1.115512,50.607433,59.958796
BETA_N025,judgment-aggregation-ja-kemeny-preflib-00049-00000454_old.wcnf,True,True,715.0,665.0,0.291752,0.28612,57.87245,39.120103
BETA_N025,judgment-aggregation-ja-kemeny-preflib-00051-00000011_old.wcnf,True,True,779.0,728.0,1.490124,2.24376,58.898048,59.693125
BETA_N025,max-realizability_wt-power-distribution_11_7_old.wcnf,True,True,126.0,126.0,0.534698,0.799378,1.179387,1.455131
BETA_N025,max-realizability_wt-power-distribution_12_8_old.wcnf,True,True,216.0,216.0,1.314513,1.51461,1.783352,2.022251
BETA_N025,max-realizability_wt-robot-navigation_10_old.wcnf,True,True,39.0,39.0,10.870491,11.449643,10.870491,11.449643
BETA_N025,metro_wt-metro_8_8_5_20_10_6_500_1_3.lp.sm-extracted_old.wcnf,True,True,215.0,215.0,6.37451,6.56031,10.40372,10.56912
BETA_N025,mpe_wt-random-net-50-5_network-8.net_old.wcnf,True,True,48330.0,48029.0,0.074281,0.024525,33.219044,39.215904
BETA_N025,pseudoBoolean_wt-normalized-mps-v2-20-10-sentoy.opb.msat_old.wcnf,True,True,9460.0,9460.0,0.261517,0.054577,0.261517,0.054577
BETA_N025,railway-transport_wt-bf2030fvslack_old.wcnf,True,True,561747.0,264711.0,58.007234,18.99882,58.007234,36.9546
BETA_N025,railway-transport_wt-f2030_old.wcnf,True,True,6979.0,6097.0,9.488085,2.843025,59.720215,55.198105
BETA_N025,railway-transport_wt-r11_old.wcnf,True,True,73964834.0,68324119.0,54.235723,20.560309,59.981823,59.865109
BETA_N025,railway-transport_wt-wg2_old.wcnf,True,True,866.0,847.0,13.894965,11.859501,41.007915,52.081301
BETA_N025,ramsey_wt-ram_k3_n14.ra1_old.wcnf,True,True,3025.0,3025.0,0.072657,0.03088,0.563721,0.517736
BETA_N025,ramsey_wt-ram_k3_n16.ra1_old.wcnf,True,True,7271.0,7271.0,0.026102,0.002823,0.465915,0.44284
BETA_N025,ramsey_wt-ram_k3_n19.ra1_old.wcnf,True,True,20665.0,20665.0,0.047509,0.004723,1.241751,1.190374
BETA_N025,ramsey_wt-ram_k4_n19.ra1_old.wcnf,True,True,1240.0,1240.0,0.096689,0.006938,8.120485,8.007673
BETA_N025,relational-inference_wt-pa-1_old.wcnf,True,True,8282.0,8282.0,4.687011,3.493914,7.158971,6.598734
BETA_N025,relational-inference_wt-pa-2_old.wcnf,True,True,3093.0,3093.0,38.679657,47.336333,38.753257,47.430933
BETA_N025,relational-inference_wt-pa-3_old.wcnf,True,True,2967.0,2967.0,34.577939,34.112122,57.496739,59.093322
BETA_N025,setcover_wt-rail2536_old.wcnf,True,True,2147034.0,2147034.0,1.167363,0.915226,1.167363,0.915226
BETA_N025,setcover_wt-rail4284_old.wcnf,True,True,2119198.0,2119198.0,1.060235,0.780941,1.060235,0.780941
BETA_N025,setcover_wt-rail4872_old.wcnf,True,True,1873139.0,1873139.0,2.159458,0.561011,2.159458,0.561011
BETA_N025,setcover_wt-rail507_old.wcnf,True,True,220.0,220.0,15.965565,15.447332,41.523105,41.282872
BETA_N025,shiftdesign_wt-limits-10-10_data-1_inst-084_30m.sm-extracted_old.wcnf,True,True,49932711.0,49932711.0,10.988424,9.128022,10.988424,9.128022
BETA_N025,shiftdesign_wt-limits-10-10_data-1_inst-137_30m.sm-extracted_old.wcnf,True,True,17244442.0,17244442.0,4.440402,4.01233,4.440402,4.01233
BETA_N025,shiftdesign_wt-limits-10-10_data-1_inst-182_30m.sm-extracted_old.wcnf,True,True,30573006.0,30573006.0,9.468072,8.021925,9.468072,8.021925
BETA_N025,shiftdesign_wt-limits-10-10_data-2_inst-003_30m.sm-extracted_old.wcnf,True,True,41321652.0,41321652.0,11.49043,8.151274,11.49043,8.151274
BETA_N025,shiftdesign_wt-limits-10-10_data-2_inst-025_30m.sm-extracted_old.wcnf,True,True,56212258.0,56212258.0,11.537841,10.545938,11.537841,10.545938
BETA_N025,shiftdesign_wt-limits-10-10_data-2_inst-030_30m.sm-extracted_old.wcnf,True,True,122128224.0,122128224.0,22.926491,21.648805,22.926491,21.648805
BETA_N025,shiftdesign_wt-limits-10-10_data-3_inst-002_30m.sm-extracted_old.wcnf,True,True,35896155.0,35896155.0,7.987121,6.613008,7.987121,6.613008
BETA_N025,shiftdesign_wt-limits-10-10_data-3_inst-003_30m.sm-extracted_old.wcnf,True,True,28190618.0,28190618.0,6.261324,5.506534,6.261324,5.506534
BETA_N025,shiftdesign_wt-limits-10-10_data-4_inst-003_60m.sm-extracted_old.wcnf,True,True,87521039.0,87521039.0,17.375027,12.342091,17.375027,12.342091
BETA_N025,spot5_wt-1401.wcsp.log_old.wcnf,True,True,468096.0,467097.0,0.028258,0.014666,7.602884,54.006693
BETA_N025,spot5_wt-1403.wcsp.dir_old.wcnf,True,True,477264.0,475262.0,0.075754,0.016034,0.144338,0.174714
BETA_N025,spot5_wt-1403.wcsp.log_old.wcnf,True,True,469238.0,469239.0,0.075896,0.019514,34.774426,16.567239
BETA_N025,spot5_wt-1405.wcsp.dir_old.wcnf,True,True,475458.0,485443.0,0.143778,0.023512,0.334534,11.385976
BETA_N025,spot5_wt-1506.wcsp.log_old.wcnf,True,True,360527.0,364529.0,0.050051,0.024685,34.504252,0.260058
BETA_N025,spot5_wt-5.wcsp.log_old.wcnf,True,True,270.0,271.0,0.045271,0.013591,0.050523,1.598313
BETA_N025,staff-scheduling_wt-instance10_old.wcnf,True,True,6550.0,6625.0,2.555672,2.623668,57.699272,36.174738
BETA_N025,staff-scheduling_wt-instance11_old.wcnf,True,True,3653.0,3653.0,1.199861,1.095611,22.795963,24.132906
BETA_N025,staff-scheduling_wt-instance12_old.wcnf,True,True,7671.0,7671.0,4.145644,3.924978,13.842314,12.859678
BETA_N025,staff-scheduling_wt-instance2_old.wcnf,True,True,838.0,838.0,0.036385,0.017032,3.616591,3.738789
BETA_N025,staff-scheduling_wt-instance3_old.wcnf,True,True,1026.0,1026.0,0.105129,0.048296,15.43724,15.282868
BETA_N025,staff-scheduling_wt-instance4_old.wcnf,True,True,1740.0,1740.0,0.093881,0.026874,41.333579,40.882932
BETA_N025,staff-scheduling_wt-instance5_old.wcnf,True,True,1287.0,1287.0,0.130588,0.074434,25.431748,25.417465
BETA_N025,staff-scheduling_wt-instance6_old.wcnf,True,True,2081.0,2081.0,0.141338,0.091987,10.601762,10.568927
BETA_N025,staff-scheduling_wt-instance7_old.wcnf,True,True,1178.0,1178.0,0.216248,0.117991,46.44659,45.707004
BETA_N025,staff-scheduling_wt-instance8_old.wcnf,True,True,2848.0,2848.0,0.687515,0.551501,20.639971,18.786625
BETA_N025,staff-scheduling_wt-instance9_old.wcnf,True,True,2161.0,2161.0,1.848458,1.62736,47.606658,40.021586
BETA_N025,switchingactivitymaximization-SwitchingActivityMaximization_OpenRISC1200_100_old.wcnf,True,True,392.0,392.0,1.088075,0.797392,1.088075,0.797392
BETA_N025,switchingactivitymaximization-SwitchingActivityMaximization_OpenRISC1200_150_old.wcnf,True,True,528.0,528.0,1.231364,0.886973,1.231364,0.886973
BETA_N025,switchingactivitymaximization-SwitchingActivityMaximization_OpenRISC1200_200_old.wcnf,True,True,602.0,602.0,2.059893,0.794785,2.059893,0.794785
BETA_N025,switchingactivitymaximization-SwitchingActivityMaximization_OpenRISC1200_66_old.wcnf,True,True,228.0,228.0,2.321311,0.801765,2.321311,0.801765
BETA_N025,switchingactivitymaximization-SwitchingActivityMaximization_OpenRISC1200_68_old.wcnf,True,True,193.0,193.0,1.591115,0.793735,1.591115,0.793735
BETA_N025,switchingactivitymaximization-SwitchingActivityMaximization_OpenRISC1200_70_old.wcnf,True,True,240.0,240.0,1.483199,0.814767,1.483199,0.814767
BETA_N025,switchingactivitymaximization-SwitchingActivityMaximization_OpenRISC1200_72_old.wcnf,True,True,202.0,202.0,1.982442,0.791154,1.982442,0.791154
BETA_N025,switchingactivitymaximization-SwitchingActivityMaximization_OpenRISC1200_80_old.wcnf,True,True,306.0,306.0,2.450808,0.797482,2.450808,0.797482
BETA_N025,switchingactivitymaximization-SwitchingActivityMaximization_OpenRISC1200_90_old.wcnf,True,True,283.0,283.0,6.267462,0.800713,6.267462,0.800713
BETA_N025,tcp_wt-tcp_students_112_it_2_old.wcnf,True,True,3699.0,3699.0,1.227663,0.253209,44.964902,43.012843
BETA_N025,timetabling_wt-comp02_old.wcnf,True,True,136.0,136.0,1.846114,0.882497,9.246761,9.015478
BETA_N025,timetabling_wt-comp09_old.wcnf,True,True,135.0,135.0,1.37508,0.882725,27.184037,28.85768
BETA_N025,timetabling_wt-comp12_old.wcnf,True,True,560.0,560.0,1.452485,0.645538,33.581973,30.290466
BETA_N025,timetabling_wt-dds4_old.wcnf,False,False,,,,,,
BETA_N1,MaxSATQueriesinInterpretableClassifiers_wt-credit_train_8_CNF_5_20_old.wcnf,True,True,96480.0,96480.0,15.021479,14.112984,43.861201,44.584834
BETA_N1,MaxSATQueriesinInterpretableClassifiers_wt-pima_train_6_CNF_3_20_old.wcnf,True,True,3310.0,3290.0,0.044567,0.00905,33.395268,58.665003
BETA_N1,MaxSATQueriesinInterpretableClassifiers_wt-toms_test_2_CNF_3_20_old.wcnf,True,True,195.0,195.0,0.609756,0.592517,7.252474,7.969821
BETA_N1,MinimumWeightDominatingSetProblem_wt-bn-human-BNU_1_0025865_session_1-bg_old.wcnf,True,True,140539244.0,140539244.0,6.239282,3.895564,6.239282,3.895564
BETA_N1,MinimumWeightDominatingSetProblem_wt-channel-500x100x100-b050_old.wcnf,True,True,478624478.0,479191985.0,21.004552,19.853945,60.487852,60.682145
BETA_N1,MinimumWeightDominatingSetProblem_wt-delaunay_n24_old.wcnf,True,True,1685918983.0,1685918983.0,50.026828,49.885784,62.178028,61.252684
BETA_N1,MinimumWeightDominatingSetProblem_wt-hugebubbles-00020_old.wcnf,True,True,2130406259.0,2130406259.0,31.237817,25.494931,31.237817,25.494931
BETA_N1,MinimumWeightDominatingSetProblem_wt-inf-road-usa_old.wcnf,True,True,2406704625.0,2406704625.0,26.741276,19.487482,26.741276,19.487482
BETA_N1,MinimumWeightDominatingSetProblem_wt-rgg_n_2_24_s0_old.wcnf,True,True,1686108752.0,1686108752.0,45.573177,20.896145,45.573177,20.896145
BETA_N1,MinimumWeightDominatingSetProblem_wt-sc-rel9_old.wcnf,True,True,593056574.0,592677474.0,35.612281,31.093227,61.275281,61.317027
BETA_N1,MinimumWeightDominatingSetProblem_wt-soc-livejournal-user-groups_old.wcnf,True,True,752647274.0,752647274.0,26.920119,17.581069,26.920119,17.581069
BETA_N1,MinimumWeightDominatingSetProblem_wt-web-wikipedia2009_old.wcnf,True,True,174611880.0,35092853.0,11.480486,9.935665,60.605716,13.111965
BETA_N1,ParametricRBACMaintenance_mse20_wt-role_domino_multiple_0.1_8_old.wcnf,True,True,47682.0,47682.0,2.163202,1.937457,12.370532,11.896947
BETA_N1,ParametricRBACMaintenance_mse20_wt-role_domino_multiple_0.2_0_old.wcnf,True,True,74189.0,72339.0,2.160493,2.052545,9.582683,12.746555
BETA_N1,ParametricRBACMaintenance_mse20_wt-role_domino_multiple_0.5_1_old.wcnf,True,True,144463.0,144463.0,3.119143,1.908236,10.266053,7.598686
BETA_N1,ParametricRBACMaintenance_mse20_wt-role_domino_multiple_0.6_8_old.wcnf,True,True,159871.0,159871.0,2.134829,1.846489,11.652069,11.048569
BETA_N1,ParametricRBACMaintenance_mse20_wt-role_smallcomp_multiple_0.7_2_old.wcnf,True,True,277373.0,277373.0,12.558033,12.521246,58.706988,59.378336
BETA_N1,ParametricRBACMaintenance_mse20_wt-role_smallcomp_multiple_0.7_6_old.wcnf,True,True,252179.0,252179.0,0.029064,0.010074,3.486914,3.468766
BETA_N1,ParametricRBACMaintenance_mse20_wt-role_smallcomp_multiple_0.8_1_old.wcnf,True,True,350793.0,350793.0,0.027103,0.013684,10.317219,10.347152
BETA_N1,ParametricRBACMaintenance_mse20_wt-role_smallcomp_multiple_0.9_6_old.wcnf,True,True,282321.0,282321.0,0.051007,0.011406,0.191686,0.153083
BETA_N1,ParametricRBACMaintenance_mse20_wt-role_university_multiple_0.1_1_old.wcnf,True,True,63653.0,63653.0,2.951354,2.838613,11.422634,11.317623
BETA_N1,ParametricRBACMaintenance_mse20_wt-role_university_multiple_0.4_7_old.wcnf,True,True,234414.0,234414.0,4.696812,4.223189,11.854412,10.433559
BETA_N1,ParametricRBACMaintenance_mse20_wt-role_university_multiple_0.5_4_old.wcnf,True,True,215348.0,215348.0,3.291607,2.51425,13.458707,10.5822
BETA_N1,ParametricRBACMaintenance_mse20_wt-role_university_multiple_0.5_5_old.wcnf,True,True,198362.0,198362.0,3.076692,2.878232,12.371532,11.186912
BETA_N1,ParametricRBACMaintenance_mse20_wt-role_university_multiple_0.5_7_old.wcnf,True,True,263585.0,263585.0,3.979872,3.751894,9.758902,9.038334
BETA_N1,abstraction-refinement_wt-downcast-antlr_old.wcnf,True,True,79566.0,78873.0,9.610021,21.787176,9.610021,24.351376
BETA_N1,abstraction-refinement_wt-downcast-avrora_old.wcnf,True,True,49759.0,49759.0,14.415457,15.837353,18.520547,19.967293
BETA_N1,abstraction-refinement_wt-downcast-hsqldb_old.wcnf,True,True,32293.0,34922.0,31.648643,15.957731,40.549243,15.957731
BETA_N1,abstraction-refinement_wt-downcast-pmd_old.wcnf,True,False,6287.0,,31.192836,31.961921,41.553736,43.301921
BETA_N1,abstraction-refinement_wt-downcast-xalan_old.wcnf,True,True,65593.0,65655.0,16.6016,18.335621,59.13149,52.836071
BETA_N1,abstraction-refinement_wt-polysite-avrora_old.wcnf,True,True,55020.0,55020.0,16.46761,14.802651,20.44499,18.796491
BETA_N1,abstraction-refinement_wt-polysite-bloat_old.wcnf,True,True,2397.0,2397.0,45.862395,43.389682,61.341495,60.543882
BETA_N1,abstraction-refinement_wt-polysite-hsqldb_old.wcnf,True,True,177778.0,175624.0,14.378859,35.172645,14.378859,45.390045
BETA_N1,abstraction-refinement_wt-polysite-pmd_old.wcnf,True,True,190826.0,190826.0,26.473427,28.070191,34.166027,35.238191
BETA_N1,abstraction-refinement_wt-polysite-xalan_old.wcnf,True,True,117742.0,117742.0,22.222937,20.286668,27.096837,25.261658
BETA_N1,causal-discovery_wt-causal_Link_10_10000_old.wcnf,True,True,39112847.0,39112847.0,3.546758,3.241484,14.887858,14.503774
BETA_N1,causal-discovery_wt-causal_Link_10_1000_old.wcnf,True,True,33562494.0,33562494.0,3.653289,3.491571,30.145389,21.464431
BETA_N1,causal-discovery_wt-causal_Link_9_100_old.wcnf,True,True,3242187.0,3242187.0,1.996114,0.527435,1.996114,0.527435
BETA_N1,causal-discovery_wt-causal_Mushroom_7_1000_old.wcnf,True,True,9414169.0,9573615.0,0.1554,0.134657,17.869041,11.742297
BETA_N1,causal-discovery_wt-causal_Pigs_6_1000_old.wcnf,True,True,35110976.0,35110976.0,0.604325,0.183308,0.604325,0.183308
BETA_N1,causal-discovery_wt-causal_Water_10_1000_old.wcnf,True,True,45193159.0,45193159.0,3.237911,3.525091,11.619061,11.971411
BETA_N1,causal-discovery_wt-causal_alarm_9_1000_old.wcnf,True,True,36049513.0,36049513.0,1.268197,1.20508,10.24051,10.288191
BETA_N1,causal-discovery_wt-causal_carpo_8_1000_old.wcnf,True,True,2244087.0,2244087.0,0.460445,0.406683,59.12291,16.235047
BETA_N1,correlation-clustering_wt-Rounded_CorrelationClustering_Ionosphere_BINARY_N260_D0.200_old.wcnf,True,True,7014701.0,7014701.0,0.449744,0.452269,7.573165,7.860827
BETA_N1,correlation-clustering_wt-Rounded_CorrelationClustering_Protein1_UNARY_N290_old.wcnf,True,True,32090014.0,32090014.0,4.987195,5.136878,6.811545,7.482048
BETA_N1,correlation-clustering_wt-Rounded_CorrelationClustering_Protein2_BINARY_N220_old.wcnf,True,True,14004102.0,14004102.0,0.195893,0.159693,8.168712,8.468514
BETA_N1,correlation-clustering_wt-Rounded_CorrelationClustering_Protein2_BINARY_N240_old.wcnf,True,True,16116883.0,16116883.0,0.206399,0.192063,8.4641,8.596195
BETA_N1,correlation-clustering_wt-Rounded_CorrelationClustering_Protein2_BINARY_N380_old.wcnf,True,True,39198852.0,39198852.0,0.516161,0.491595,12.039557,12.416164
BETA_N1,correlation-clustering_wt-Rounded_CorrelationClustering_Protein2_UNARY_N220_old.wcnf,True,True,21300102.0,21300102.0,2.815447,2.599891,3.672867,3.512871
BETA_N1,correlation-clustering_wt-Rounded_CorrelationClustering_Protein3_TRANSITIVE_N280_old.wcnf,True,True,185255761.0,187397370.0,9.352062,9.493139,30.006912,48.130239
BETA_N1,correlation-clustering_wt-Rounded_CorrelationClustering_Protein3_UNARY_N220_old.wcnf,True,True,19154505.0,19154505.0,2.514262,2.493561,4.591722,4.714001
BETA_N1,correlation-clustering_wt-Rounded_CorrelationClustering_Protein4_BINARY_N320_old.wcnf,True,True,14733167.0,14733167.0,0.208796,0.190265,7.974472,7.993648
BETA_N1,correlation-clustering_wt-Rounded_CorrelationClustering_Protein4_UNARY_N250_old.wcnf,True,True,11103273.0,11103273.0,2.533845,2.314932,11.481845,11.796672
BETA_N1,correlation-clustering_wt-Rounded_CorrelationClustering_Vowel_BINARY_N700_D0.200_old.wcnf,True,True,75201247.0,75201247.0,2.389101,2.337243,2.576081,2.525403
BETA_N1,correlation-clustering_wt-Rounded_CorrelationClustering_Vowel_BINARY_N800_D0.200_old.wcnf,True,True,86276967.0,86276967.0,3.327337,3.558655,8.202637,8.694095
BETA_N1,decision-tree-anneal-un-formula_0.8_2021_atleast_31_max-4_reduced_incomplete_adaboost_3_old.wcnf,True,True,355.0,355.0,1.553209,1.466325,3.154289,3.080545
BETA_N1,decision-tree-anneal-un-formula_0.8_2021_atleast_31_max-4_reduced_incomplete_adaboost_5_old.wcnf,True,True,762.0,762.0,1.528031,1.488807,8.742101,8.364497
BETA_N1,decision-tree-australian-credit-un-formula_0.8_2021_atleast_31_max-4_reduced_incomplete_adaboost_5_old.wcnf,True,True,575.0,575.0,2.22725,2.048379,4.0739,3.866559
BETA_N1,decision-tree-heart-cleveland-un-formula_0.8_2021_atleast_127_max-6_reduced_incomplete_adaboost_2_old.wcnf,True,True,139.0,139.0,3.043973,3.027862,3.043973,3.027862
BETA_N1,decision-tree-heart-cleveland-un-formula_0.8_2021_atleast_15_max-3_reduced_incomplete_adaboost_4_old.wcnf,True,True,138.0,138.0,0.31645,0.289898,0.501206,0.473671
BETA_N1,decision-tree-heart-cleveland-un-formula_0.8_2021_atleast_31_max-4_reduced_incomplete_adaboost_4_old.wcnf,True,True,146.0,146.0,0.730533,0.69661,1.028816,0.990985
BETA_N1,decision-tree-heart-cleveland-un-formula_0.8_2021_atleast_31_max-4_reduced_incomplete_adaboost_6_old.wcnf,True,True,240.0,240.0,0.759052,0.74092,1.454042,1.44233
BETA_N1,decision-tree-primary-tumor-un-formula_0.8_2021_atleast_127_max-6_reduced_incomplete_adaboost_2_old.wcnf,True,True,113.0,113.0,3.559732,2.873708,5.835292,4.977798
BETA_N1,decision-tree-primary-tumor-un-formula_0.8_2021_atleast_127_max-6_reduced_incomplete_adaboost_4_old.wcnf,True,True,212.0,212.0,4.117007,2.88815,4.258837,3.01746
BETA_N1,decision-tree-primary-tumor-un-formula_0.8_2021_atleast_15_max-3_reduced_incomplete_adaboost_2_old.wcnf,True,True,84.0,84.0,0.138589,0.098499,4.743873,4.670096
BETA_N1,decision-tree-primary-tumor-un-formula_0.8_2021_atleast_31_max-4_reduced_incomplete_adaboost_4_old.wcnf,True,True,155.0,155.0,0.272315,0.252281,4.112743,4.053713
BETA_N1,decision-tree-primary-tumor-un-formula_0.8_2021_atleast_63_max-5_reduced_incomplete_adaboost_6_old.wcnf,True,True,338.0,338.0,0.812037,0.795374,1.644059,1.65078
BETA_N1,decision-tree-tic-tac-toe-un-formula_0.8_2021_atleast_15_max-3_reduced_incomplete_adaboost_2_old.wcnf,True,True,335.0,335.0,0.280565,0.227178,0.432684,0.373412
BETA_N1,decision-tree-tic-tac-toe-un-formula_0.8_2021_atleast_15_max-3_reduced_incomplete_adaboost_3_old.wcnf,True,True,443.0,443.0,0.324483,0.249126,0.400081,0.324079
BETA_N1,decision-tree-tic-tac-toe-un-formula_0.8_2021_atleast_31_max-4_reduced_incomplete_adaboost_2_old.wcnf,True,True,286.0,286.0,0.444517,0.394848,0.444517,0.394848
BETA_N1,drmx-cryptogen_wt-geffe128_7_old.wcnf,True,True,811.0,811.0,0.019867,0.006946,29.304254,29.271601
BETA_N1,generalized-ising_wt-IS11_5.0.5.0.0.5_softer_periodic_old.wcnf,True,True,112229069992697.0,112229069992697.0,0.051307,0.034601,0.668252,0.655185
BETA_N1,generalized-ising_wt-IS12_5.0.5.0.0.5_softer_periodic_old.wcnf,True,True,113171466486232.0,113171466486232.0,0.233224,0.035308,0.239781,0.04178
BETA_N1,generalized-ising_wt-IS13_5.0.5.0.0.5_softer_periodic_old.wcnf,True,True,119401387482250.0,119401387482250.0,0.081375,0.035127,0.085178,0.038518
BETA_N1,generalized-ising_wt-IS15_5.0.5.0.0.5_softer_periodic_old.wcnf,True,True,114658059944605.0,114658059944605.0,0.106127,0.035113,0.111152,0.039621
BETA_N1,generalized-ising_wt-IS16_5.0.5.0.0.5_softer_periodic_old.wcnf,True,True,115258059944605.0,115258059944605.0,0.381611,0.034776,6.466168,6.03371
BETA_N1,generalized-ising_wt-IS17_5.0.5.0.0.5_softer_periodic_old.wcnf,True,True,115902780531937.0,115902780531937.0,0.058803,0.034707,14.651764,14.532065
BETA_N1,generalized-ising_wt-IS20_5.0.5.0.0.5_softer_periodic_old.wcnf,True,True,119388436533623.0,119388436533623.0,0.079473,0.034949,0.120177,0.074169
BETA_N1,generalized-ising_wt-IS22_5.0.5.0.0.5_softer_periodic_old.wcnf,True,True,119112776308211.0,119112776308211.0,0.048958,0.035145,0.059808,0.045972
BETA_N1,generalized-ising_wt-IS23_5.0.5.0.0.5_softer_periodic_old.wcnf,True,True,118663520151734.0,118663520151734.0,0.050812,0.034168,0.113351,0.094107
BETA_N1,generalized-ising_wt-IS3_5.0.5.0.0.5_softer_periodic_old.wcnf,True,True,116804575996363.0,116804575996363.0,0.136658,0.03466,6.525039,6.408191
BETA_N1,generalized-ising_wt-IS4_5.0.5.0.0.5_softer_periodic_old.wcnf,True,True,115857504490177.0,115857504490177.0,0.080799,0.03499,0.119734,0.073097
BETA_N1,generalized-ising_wt-IS5_5.0.5.0.0.5_softer_periodic_old.wcnf,True,True,114843630201223.0,114843630201223.0,0.058437,0.034975,0.54742,0.517271
BETA_N1,generalized-ising_wt-IS6_5.0.5.0.0.5_softer_periodic_old.wcnf,True,True,113797656078091.0,113797656078091.0,0.05406,0.034345,0.125752,0.106408
BETA_N1,generalized-ising_wt-IS7_5.0.5.0.0.5_softer_periodic_old.wcnf,True,True,112706601923009.0,112706601923009.0,0.053455,0.035097,0.085407,0.06706
BETA_N1,generalized-ising_wt-IS9_5.0.5.0.0.5_softer_periodic_old.wcnf,True,True,110066981524169.0,110066981524169.0,0.078338,0.034796,0.115075,0.071571
BETA_N1,hs-timetabling_wt-BrazilInstance1.xml_old.wcnf,True,True,117.0,117.0,0.102949,0.089754,41.348795,41.353989
BETA_N1,hs-timetabling_wt-BrazilInstance2.xml_old.wcnf,True,True,149.0,149.0,0.231236,0.218585,50.061829,50.057035
BETA_N1,hs-timetabling_wt-BrazilInstance4.xml_old.wcnf,True,True,267.0,267.0,1.486495,1.348968,1.486495,1.348968
BETA_N1,hs-timetabling_wt-BrazilInstance5.xml_old.wcnf,True,True,490.0,490.0,1.216193,0.570093,29.200132,28.626068
BETA_N1,hs-timetabling_wt-BrazilInstance6.xml_old.wcnf,True,True,546.0,546.0,0.852152,0.791549,55.44878,55.052222
BETA_N1,hs-timetabling_wt-BrazilInstance7.xml_old.wcnf,True,True,889.0,889.0,1.143801,1.028552,49.743412,49.285901
BETA_N1,hs-timetabling_wt-FinlandSecondarySchool.xml_old.wcnf,True,True,817.0,817.0,1.51645,1.430189,1.51645,1.430189
BETA_N1,hs-timetabling_wt-ItalyInstance4.xml_old.wcnf,True,True,12143.0,12143.0,9.223397,9.162352,19.116237,19.238112
BETA_N1,judgment-aggregation-ja-kemeny-preflib-00049-00000300_old.wcnf,True,True,793.0,877.0,0.27009,0.226812,44.989536,47.905855
BETA_N1,judgment-aggregation-ja-kemeny-preflib-00049-00000334_old.wcnf,True,True,612.0,562.0,0.151844,0.112066,52.27211,55.141642
BETA_N1,judgment-aggregation-ja-kemeny-preflib-00049-00000451_old.wcnf,True,True,1020.0,996.0,0.917298,0.854711,50.607433,58.145043
BETA_N1,judgment-aggregation-ja-kemeny-preflib-00049-00000454_old.wcnf,True,True,715.0,672.0,0.291752,0.28636,57.87245,37.852637
BETA_N1,judgment-aggregation-ja-kemeny-preflib-00051-00000011_old.wcnf,True,True,779.0,741.0,1.490124,1.431044,58.898048,59.725928
BETA_N1,max-realizability_wt-power-distribution_11_7_old.wcnf,True,True,126.0,126.0,0.534698,0.521459,1.179387,1.164966
BETA_N1,max-realizability_wt-power-distribution_12_8_old.wcnf,True,True,216.0,216.0,1.314513,1.249702,1.783352,1.743703
BETA_N1,max-realizability_wt-robot-navigation_10_old.wcnf,True,True,39.0,39.0,10.870491,10.900921,10.870491,10.900921
BETA_N1,metro_wt-metro_8_8_5_20_10_6_500_1_3.lp.sm-extracted_old.wcnf,True,True,215.0,215.0,6.37451,6.289416,10.40372,10.271986
BETA_N1,mpe_wt-random-net-50-5_network-8.net_old.wcnf,True,True,48330.0,48330.0,0.074281,0.015153,33.219044,4.122711
BETA_N1,pseudoBoolean_wt-normalized-mps-v2-20-10-sentoy.opb.msat_old.wcnf,True,True,9460.0,9460.0,0.261517,0.043031,0.261517,0.043031
BETA_N1,railway-transport_wt-bf2030fvslack_old.wcnf,True,True,561747.0,264711.0,58.007234,18.852868,58.007234,34.008208
BETA_N1,railway-transport_wt-f2030_old.wcnf,True,True,6979.0,7470.0,9.488085,2.871049,59.720215,54.382759
BETA_N1,railway-transport_wt-r11_old.wcnf,True,True,73964834.0,68374940.0,54.235723,18.635015,59.981823,59.578215
BETA_N1,railway-transport_wt-wg2_old.wcnf,True,True,866.0,984.0,13.894965,11.920616,41.007915,53.540516
BETA_N1,ramsey_wt-ram_k3_n14.ra1_old.wcnf,True,True,3025.0,3025.0,0.072657,0.002002,0.563721,0.495169
BETA_N1,ramsey_wt-ram_k3_n16.ra1_old.wcnf,True,True,7271.0,7271.0,0.026102,0.002817,0.465915,0.444777
BETA_N1,ramsey_wt-ram_k3_n19.ra1_old.wcnf,True,True,20665.0,20665.0,0.047509,0.004794,1.241751,1.191463
BETA_N1,ramsey_wt-ram_k4_n19.ra1_old.wcnf,True,True,1240.0,1240.0,0.096689,0.006972,8.120485,8.031699
BETA_N1,relational-inference_wt-pa-1_old.wcnf,True,True,8282.0,8282.0,4.687011,2.819071,7.158971,5.355021
BETA_N1,relational-inference_wt-pa-2_old.wcnf,True,True,3093.0,3093.0,38.679657,32.384727,38.753257,32.455927
BETA_N1,relational-inference_wt-pa-3_old.wcnf,True,True,2967.0,446468655.0,34.577939,5.347153,57.496739,5.347153
BETA_N1,setcover_wt-rail2536_old.wcnf,True,True,2147034.0,2147034.0,1.167363,0.684887,1.167363,0.684887
BETA_N1,setcover_wt-rail4284_old.wcnf,True,True,2119198.0,2119198.0,1.060235,0.700311,1.060235,0.700311
BETA_N1,setcover_wt-rail4872_old.wcnf,True,True,1873139.0,1873139.0,2.159458,0.565451,2.159458,0.565451
BETA_N1,setcover_wt-rail507_old.wcnf,True,True,220.0,220.0,15.965565,15.701078,41.523105,41.365958
BETA_N1,shiftdesign_wt-limits-10-10_data-1_inst-084_30m.sm-extracted_old.wcnf,True,True,49932711.0,49932711.0,10.988424,12.811693,10.988424,12.811693
BETA_N1,shiftdesign_wt-limits-10-10_data-1_inst-137_30m.sm-extracted_old.wcnf,True,True,17244442.0,17244442.0,4.440402,8.136921,4.440402,8.136921
BETA_N1,shiftdesign_wt-limits-10-10_data-1_inst-182_30m.sm-extracted_old.wcnf,True,True,30573006.0,30573006.0,9.468072,27.663362,9.468072,27.663362
BETA_N1,shiftdesign_wt-limits-10-10_data-2_inst-003_30m.sm-extracted_old.wcnf,True,True,41321652.0,41321652.0,11.49043,30.639376,11.49043,30.639376
BETA_N1,shiftdesign_wt-limits-10-10_data-2_inst-025_30m.sm-extracted_old.wcnf,True,True,56212258.0,56212258.0,11.537841,33.841797,11.537841,33.841797
BETA_N1,shiftdesign_wt-limits-10-10_data-2_inst-030_30m.sm-extracted_old.wcnf,True,True,122128224.0,122128224.0,22.926491,20.822503,22.926491,20.822503
BETA_N1,shiftdesign_wt-limits-10-10_data-3_inst-002_30m.sm-extracted_old.wcnf,True,True,35896155.0,35896155.0,7.987121,6.492607,7.987121,6.492607
BETA_N1,shiftdesign_wt-limits-10-10_data-3_inst-003_30m.sm-extracted_old.wcnf,True,True,28190618.0,28190618.0,6.261324,5.279947,6.261324,5.279947
BETA_N1,shiftdesign_wt-limits-10-10_data-4_inst-003_60m.sm-extracted_old.wcnf,True,True,87521039.0,87521039.0,17.375027,12.095129,17.375027,12.095129
BETA_N1,spot5_wt-1401.wcsp.log_old.wcnf,True,True,468096.0,469096.0,0.028258,0.014867,7.602884,36.30734
BETA_N1,spot5_wt-1403.wcsp.dir_old.wcnf,True,True,477264.0,491260.0,0.075754,0.016222,0.144338,30.329051
BETA_N1,spot5_wt-1403.wcsp.log_old.wcnf,True,True,469238.0,469242.0,0.075896,0.019444,34.774426,26.376188
BETA_N1,spot5_wt-1405.wcsp.dir_old.wcnf,True,True,475458.0,475467.0,0.143778,0.027205,0.334534,0.094163
BETA_N1,spot5_wt-1506.wcsp.log_old.wcnf,True,True,360527.0,362529.0,0.050051,0.028217,34.504252,33.916817
BETA_N1,spot5_wt-5.wcsp.log_old.wcnf,True,True,270.0,271.0,0.045271,0.013396,0.050523,0.01531
BETA_N1,staff-scheduling_wt-instance10_old.wcnf,True,True,6550.0,6625.0,2.555672,2.814591,57.699272,35.578521
BETA_N1,staff-scheduling_wt-instance11_old.wcnf,True,True,3653.0,3653.0,1.199861,1.111161,22.795963,23.507431
BETA_N1,staff-scheduling_wt-instance12_old.wcnf,True,True,7671.0,7671.0,4.145644,3.952525,13.842314,12.779665
BETA_N1,staff-scheduling_wt-instance2_old.wcnf,True,True,838.0,838.0,0.036385,0.017059,3.616591,3.630722
BETA_N1,staff-scheduling_wt-instance3_old.wcnf,True,True,1026.0,1026.0,0.105129,0.048888,15.43724,15.174127
BETA_N1,staff-scheduling_wt-instance4_old.wcnf,True,True,1740.0,1740.0,0.093881,0.028766,41.333579,40.757506
BETA_N1,staff-scheduling_wt-instance5_old.wcnf,True,True,1287.0,1287.0,0.130588,0.075087,25.431748,25.431479
BETA_N1,staff-scheduling_wt-instance6_old.wcnf,True,True,2081.0,2081.0,0.141338,0.093368,10.601762,10.682998
BETA_N1,staff-scheduling_wt-instance7_old.wcnf,True,True,1178.0,1178.0,0.216248,0.121121,46.44659,46.001855
BETA_N1,staff-scheduling_wt-instance8_old.wcnf,True,True,2848.0,2848.0,0.687515,0.55588,20.639971,18.5509
BETA_N1,staff-scheduling_wt-instance9_old.wcnf,True,True,2161.0,2161.0,1.848458,1.626719,47.606658,40.010594
BETA_N1,switchingactivitymaximization-SwitchingActivityMaximization_OpenRISC1200_100_old.wcnf,True,True,392.0,392.0,1.088075,0.764562,1.088075,0.764562
BETA_N1,switchingactivitymaximization-SwitchingActivityMaximization_OpenRISC1200_150_old.wcnf,True,True,528.0,528.0,1.231364,1.055094,1.231364,1.055094
BETA_N1,switchingactivitymaximization-SwitchingActivityMaximization_OpenRISC1200_200_old.wcnf,True,True,602.0,602.0,2.059893,0.769954,2.059893,0.769954
BETA_N1,switchingactivitymaximization-SwitchingActivityMaximization_OpenRISC1200_66_old.wcnf,True,True,228.0,228.0,2.321311,0.774283,2.321311,0.774283
BETA_N1,switchingactivitymaximization-SwitchingActivityMaximization_OpenRISC1200_68_old.wcnf,True,True,193.0,193.0,1.591115,0.768351,1.591115,0.768351
BETA_N1,switchingactivitymaximization-SwitchingActivityMaximization_OpenRISC1200_70_old.wcnf,True,True,240.0,240.0,1.483199,0.776452,1.483199,0.776452
BETA_N1,switchingactivitymaximization-SwitchingActivityMaximization_OpenRISC1200_72_old.wcnf,True,True,202.0,202.0,1.982442,0.772513,1.982442,0.772513
BETA_N1,switchingactivitymaximization-SwitchingActivityMaximization_OpenRISC1200_80_old.wcnf,True,True,306.0,306.0,2.450808,0.822218,2.450808,0.822218
BETA_N1,switchingactivitymaximization-SwitchingActivityMaximization_OpenRISC1200_90_old.wcnf,True,True,283.0,283.0,6.267462,0.820555,6.267462,0.820555
BETA_N1,tcp_wt-tcp_students_112_it_2_old.wcnf,True,True,3699.0,3699.0,1.227663,0.273298,44.964902,43.85198
BETA_N1,timetabling_wt-comp02_old.wcnf,True,True,136.0,136.0,1.846114,0.867835,9.246761,8.576764
BETA_N1,timetabling_wt-comp09_old.wcnf,True,True,135.0,135.0,1.37508,0.862419,27.184037,28.173471
BETA_N1,timetabling_wt-comp12_old.wcnf,True,True,560.0,560.0,1.452485,0.63567,33.581973,29.223978
BETA_N1,timetabling_wt-dds4_old.wcnf,False,False,,,,,,
GAMMA0,MaxSATQueriesinInterpretableClassifiers_wt-credit_train_8_CNF_5_20_old.wcnf,True,True,96480.0,95952.0,15.021479,14.054355,43.861201,21.742235
GAMMA0,MaxSATQueriesinInterpretableClassifiers_wt-pima_train_6_CNF_3_20_old.wcnf,True,True,3310.0,2757.0,0.044567,0.009159,33.395268,0.451393
GAMMA0,MaxSATQueriesinInterpretableClassifiers_wt-toms_test_2_CNF_3_20_old.wcnf,True,True,195.0,177.0,0.609756,12.990878,7.252474,53.723678
GAMMA0,MinimumWeightDominatingSetProblem_wt-bn-human-BNU_1_0025865_session_1-bg_old.wcnf,True,True,140539244.0,140539244.0,6.239282,3.996604,6.239282,3.996604
GAMMA0,MinimumWeightDominatingSetProblem_wt-channel-500x100x100-b050_old.wcnf,True,True,478624478.0,479003507.0,21.004552,25.687213,60.487852,61.193113
GAMMA0,MinimumWeightDominatingSetProblem_wt-delaunay_n24_old.wcnf,True,True,1685918983.0,1686108752.0,50.026828,18.819178,62.178028,18.819178
GAMMA0,MinimumWeightDominatingSetProblem_wt-hugebubbles-00020_old.wcnf,True,True,2130406259.0,2130406259.0,31.237817,20.775504,31.237817,20.775504
GAMMA0,MinimumWeightDominatingSetProblem_wt-inf-road-usa_old.wcnf,True,True,2406704625.0,2406514556.0,26.741276,45.292003,26.741276,60.719503
GAMMA0,MinimumWeightDominatingSetProblem_wt-rgg_n_2_24_s0_old.wcnf,True,True,1686108752.0,1686108752.0,45.573177,20.9418,45.573177,20.9418
GAMMA0,MinimumWeightDominatingSetProblem_wt-sc-rel9_old.wcnf,True,True,593056574.0,592487432.0,35.612281,29.368643,61.275281,61.477843
GAMMA0,MinimumWeightDominatingSetProblem_wt-soc-livejournal-user-groups_old.wcnf,True,True,752647274.0,752647274.0,26.920119,16.892071,26.920119,16.892071
GAMMA0,MinimumWeightDominatingSetProblem_wt-web-wikipedia2009_old.wcnf,True,True,174611880.0,27059921.0,11.480486,22.114513,60.605716,55.435213
GAMMA0,ParametricRBACMaintenance_mse20_wt-role_domino_multiple_0.1_8_old.wcnf,True,True,47682.0,39264.0,2.163202,14.147504,12.370532,47.957925
GAMMA0,ParametricRBACMaintenance_mse20_wt-role_domino_multiple_0.2_0_old.wcnf,True,True,74189.0,72339.0,2.160493,1.928598,9.582683,12.382258
GAMMA0,ParametricRBACMaintenance_mse20_wt-role_domino_multiple_0.5_1_old.wcnf,True,True,144463.0,144463.0,3.119143,1.88931,10.266053,7.22989
GAMMA0,ParametricRBACMaintenance_mse20_wt-role_domino_multiple_0.6_8_old.wcnf,True,True,159871.0,159871.0,2.134829,1.793242,11.652069,10.610572
GAMMA0,ParametricRBACMaintenance_mse20_wt-role_smallcomp_multiple_0.7_2_old.wcnf,True,True,277373.0,277625.0,12.558033,12.517998,58.706988,20.445372
GAMMA0,ParametricRBACMaintenance_mse20_wt-role_smallcomp_multiple_0.7_6_old.wcnf,True,True,252179.0,252162.0,0.029064,12.519039,3.486914,33.454034
GAMMA0,ParametricRBACMaintenance_mse20_wt-role_smallcomp_multiple_0.8_1_old.wcnf,True,True,350793.0,349962.0,0.027103,12.519338,10.317219,35.441467
GAMMA0,ParametricRBACMaintenance_mse20_wt-role_smallcomp_multiple_0.9_6_old.wcnf,True,True,282321.0,282321.0,0.051007,0.010326,0.191686,0.150997
GAMMA0,ParametricRBACMaintenance_mse20_wt-role_university_multiple_0.1_1_old.wcnf,True,True,63653.0,59658.0,2.951354,14.991703,11.422634,27.502753
GAMMA0,ParametricRBACMaintenance_mse20_wt-role_university_multiple_0.4_7_old.wcnf,True,True,234414.0,234414.0,4.696812,4.061597,11.854412,10.539727
GAMMA0,ParametricRBACMaintenance_mse20_wt-role_university_multiple_0.5_4_old.wcnf,True,True,215348.0,215348.0,3.291607,2.485078,13.458707,10.073488
GAMMA0,ParametricRBACMaintenance_mse20_wt-role_university_multiple_0.5_5_old.wcnf,True,True,198362.0,198362.0,3.076692,3.26866,12.371532,12.21973
GAMMA0,ParametricRBACMaintenance_mse20_wt-role_university_multiple_0.5_7_old.wcnf,True,True,263585.0,263585.0,3.979872,3.577845,9.758902,8.541935
GAMMA0,abstraction-refinement_wt-downcast-antlr_old.wcnf,True,True,79566.0,79566.0,9.610021,9.135254,9.610021,9.135254
GAMMA0,abstraction-refinement_wt-downcast-avrora_old.wcnf,True,True,49759.0,46708.0,14.415457,15.523421,18.520547,59.877081
GAMMA0,abstraction-refinement_wt-downcast-hsqldb_old.wcnf,True,True,32293.0,30394.0,31.648643,31.092766,40.549243,59.844466
GAMMA0,abstraction-refinement_wt-downcast-pmd_old.wcnf,True,True,6287.0,8791.0,31.192836,14.396461,41.553736,14.396461
GAMMA0,abstraction-refinement_wt-downcast-xalan_old.wcnf,True,True,65593.0,65535.0,16.6016,17.033596,59.13149,40.470026
GAMMA0,abstraction-refinement_wt-polysite-avrora_old.wcnf,True,True,55020.0,52159.0,16.46761,13.8486,20.44499,40.53943
GAMMA0,abstraction-refinement_wt-polysite-bloat_old.wcnf,True,True,2397.0,331.0,45.862395,43.754495,61.341495,56.009095
GAMMA0,abstraction-refinement_wt-polysite-hsqldb_old.wcnf,True,False,177778.0,,14.378859,35.544901,14.378859,35.999101
GAMMA0,abstraction-refinement_wt-polysite-pmd_old.wcnf,True,True,190826.0,188499.0,26.473427,25.909652,34.166027,48.169652
GAMMA0,abstraction-refinement_wt-polysite-xalan_old.wcnf,True,True,117742.0,119606.0,22.222937,8.24289,27.096837,8.24289
GAMMA0,causal-discovery_wt-causal_Link_10_10000_old.wcnf,True,True,39112847.0,478857475.0,3.546758,1.362423,14.887858,1.362423
GAMMA0,causal-discovery_wt-causal_Link_10_1000_old.wcnf,True,True,33562494.0,40972742.0,3.653289,1.444306,30.145389,1.444306
GAMMA0,causal-discovery_wt-causal_Link_9_100_old.wcnf,True,True,3242187.0,3242187.0,1.996114,0.506601,1.996114,0.506601
GAMMA0,causal-discovery_wt-causal_Mushroom_7_1000_old.wcnf,True,True,9414169.0,252610.0,0.1554,0.1359,17.869041,12.075214
GAMMA0,causal-discovery_wt-causal_Pigs_6_1000_old.wcnf,True,True,35110976.0,35110976.0,0.604325,0.173508,0.604325,0.173508
GAMMA0,causal-discovery_wt-causal_Water_10_1000_old.wcnf,True,True,45193159.0,158174844.0,3.237911,1.36843,11.619061,1.36843
GAMMA0,causal-discovery_wt-causal_alarm_9_1000_old.wcnf,True,True,36049513.0,118725495.0,1.268197,0.506267,10.24051,0.506267
GAMMA0,causal-discovery_wt-causal_carpo_8_1000_old.wcnf,True,True,2244087.0,4594492.0,0.460445,0.390253,59.12291,2.515636
GAMMA0,correlation-clustering_wt-Rounded_CorrelationClustering_Ionosphere_BINARY_N260_D0.200_old.wcnf,True,True,7014701.0,6967313.0,0.449744,12.899696,7.573165,35.901826
GAMMA0,correlation-clustering_wt-Rounded_CorrelationClustering_Protein1_UNARY_N290_old.wcnf,True,True,32090014.0,20499054.0,4.987195,17.424744,6.811545,59.333944
GAMMA0,correlation-clustering_wt-Rounded_CorrelationClustering_Protein2_BINARY_N220_old.wcnf,True,True,14004102.0,13827608.0,0.195893,12.646628,8.168712,39.311632
GAMMA0,correlation-clustering_wt-Rounded_CorrelationClustering_Protein2_BINARY_N240_old.wcnf,True,True,16116883.0,16116883.0,0.206399,0.188461,8.4641,8.47966
GAMMA0,correlation-clustering_wt-Rounded_CorrelationClustering_Protein2_BINARY_N380_old.wcnf,True,True,39198852.0,37837460.0,0.516161,12.932707,12.039557,13.991355
GAMMA0,correlation-clustering_wt-Rounded_CorrelationClustering_Protein2_UNARY_N220_old.wcnf,True,True,21300102.0,14777411.0,2.815447,15.080657,3.672867,58.796037
GAMMA0,correlation-clustering_wt-Rounded_CorrelationClustering_Protein3_TRANSITIVE_N280_old.wcnf,True,True,185255761.0,19705316.0,9.352062,8.951483,30.006912,54.561863
GAMMA0,correlation-clustering_wt-Rounded_CorrelationClustering_Protein3_UNARY_N220_old.wcnf,True,True,19154505.0,15983738.0,2.514262,15.461995,4.591722,57.709465
GAMMA0,correlation-clustering_wt-Rounded_CorrelationClustering_Protein4_BINARY_N320_old.wcnf,True,True,14733167.0,13695845.0,0.208796,12.678699,7.974472,45.221068
GAMMA0,correlation-clustering_wt-Rounded_CorrelationClustering_Protein4_UNARY_N250_old.wcnf,True,True,11103273.0,9876278.0,2.533845,14.859077,11.481845,54.007167
GAMMA0,correlation-clustering_wt-Rounded_CorrelationClustering_Vowel_BINARY_N700_D0.200_old.wcnf,True,True,75201247.0,75201247.0,2.389101,2.283424,2.576081,2.451434
GAMMA0,correlation-clustering_wt-Rounded_CorrelationClustering_Vowel_BINARY_N800_D0.200_old.wcnf,True,True,86276967.0,86276967.0,3.327337,3.460694,8.202637,9.107974
GAMMA0,decision-tree-anneal-un-formula_0.8_2021_atleast_31_max-4_reduced_incomplete_adaboost_3_old.wcnf,True,True,355.0,355.0,1.553209,1.460265,3.154289,3.038785
GAMMA0,decision-tree-anneal-un-formula_0.8_2021_atleast_31_max-4_reduced_incomplete_adaboost_5_old.wcnf,True,True,762.0,762.0,1.528031,1.438792,8.742101,8.301162
GAMMA0,decision-tree-australian-credit-un-formula_0.8_2021_atleast_31_max-4_reduced_incomplete_adaboost_5_old.wcnf,True,True,575.0,575.0,2.22725,2.026267,4.0739,3.883577
GAMMA0,decision-tree-heart-cleveland-un-formula_0.8_2021_atleast_127_max-6_reduced_incomplete_adaboost_2_old.wcnf,True,True,139.0,72.0,3.043973,8.609481,3.043973,8.665001
GAMMA0,decision-tree-heart-cleveland-un-formula_0.8_2021_atleast_15_max-3_reduced_incomplete_adaboost_4_old.wcnf,True,True,138.0,138.0,0.31645,0.287203,0.501206,0.470288
GAMMA0,decision-tree-heart-cleveland-un-formula_0.8_2021_atleast_31_max-4_reduced_incomplete_adaboost_4_old.wcnf,True,True,146.0,146.0,0.730533,0.657197,1.028816,0.941848
GAMMA0,decision-tree-heart-cleveland-un-formula_0.8_2021_atleast_31_max-4_reduced_incomplete_adaboost_6_old.wcnf,True,True,240.0,240.0,0.759052,0.679948,1.454042,1.365017
GAMMA0,decision-tree-primary-tumor-un-formula_0.8_2021_atleast_127_max-6_reduced_incomplete_adaboost_2_old.wcnf,True,True,113.0,113.0,3.559732,2.810787,5.835292,4.786717
GAMMA0,decision-tree-primary-tumor-un-formula_0.8_2021_atleast_127_max-6_reduced_incomplete_adaboost_4_old.wcnf,True,True,212.0,212.0,4.117007,2.937518,4.258837,3.071388
GAMMA0,decision-tree-primary-tumor-un-formula_0.8_2021_atleast_15_max-3_reduced_incomplete_adaboost_2_old.wcnf,True,True,84.0,84.0,0.138589,0.09856,4.743873,4.70909
GAMMA0,decision-tree-primary-tumor-un-formula_0.8_2021_atleast_31_max-4_reduced_incomplete_adaboost_4_old.wcnf,True,True,155.0,155.0,0.272315,0.249862,4.112743,4.042876
GAMMA0,decision-tree-primary-tumor-un-formula_0.8_2021_atleast_63_max-5_reduced_incomplete_adaboost_6_old.wcnf,True,True,338.0,338.0,0.812037,0.765432,1.644059,1.584901
GAMMA0,decision-tree-tic-tac-toe-un-formula_0.8_2021_atleast_15_max-3_reduced_incomplete_adaboost_2_old.wcnf,True,True,335.0,335.0,0.280565,0.21696,0.432684,0.363804
GAMMA0,decision-tree-tic-tac-toe-un-formula_0.8_2021_atleast_15_max-3_reduced_incomplete_adaboost_3_old.wcnf,True,True,443.0,443.0,0.324483,0.245654,0.400081,0.320433
GAMMA0,decision-tree-tic-tac-toe-un-formula_0.8_2021_atleast_31_max-4_reduced_incomplete_adaboost_2_old.wcnf,True,True,286.0,286.0,0.444517,0.378152,0.444517,0.378152
GAMMA0,drmx-cryptogen_wt-geffe128_7_old.wcnf,True,True,811.0,811.0,0.019867,0.028053,29.304254,29.249121
GAMMA0,generalized-ising_wt-IS11_5.0.5.0.0.5_softer_periodic_old.wcnf,True,True,112229069992697.0,112229069992697.0,0.051307,0.0347,0.668252,0.653783
GAMMA0,generalized-ising_wt-IS12_5.0.5.0.0.5_softer_periodic_old.wcnf,True,True,113171466486232.0,113171466486232.0,0.233224,0.034386,0.239781,0.040877
GAMMA0,generalized-ising_wt-IS13_5.0.5.0.0.5_softer_periodic_old.wcnf,True,True,119401387482250.0,119401387482250.0,0.081375,0.034439,0.085178,0.037757
GAMMA0,generalized-ising_wt-IS15_5.0.5.0.0.5_softer_periodic_old.wcnf,True,True,114658059944605.0,114658059944605.0,0.106127,0.052136,0.111152,0.056595
GAMMA0,generalized-ising_wt-IS16_5.0.5.0.0.5_softer_periodic_old.wcnf,True,True,115258059944605.0,115258059944605.0,0.381611,0.034103,6.466168,5.987155
GAMMA0,generalized-ising_wt-IS17_5.0.5.0.0.5_softer_periodic_old.wcnf,True,True,115902780531937.0,115902780531937.0,0.058803,0.034188,14.651764,14.474185
GAMMA0,generalized-ising_wt-IS20_5.0.5.0.0.5_softer_periodic_old.wcnf,True,True,119388436533623.0,119388436533623.0,0.079473,0.03395,0.120177,0.072565
GAMMA0,generalized-ising_wt-IS22_5.0.5.0.0.5_softer_periodic_old.wcnf,True,True,119112776308211.0,119112776308211.0,0.048958,0.034132,0.059808,0.045187
GAMMA0,generalized-ising_wt-IS23_5.0.5.0.0.5_softer_periodic_old.wcnf,True,True,118663520151734.0,118663520151734.0,0.050812,0.03423,0.113351,0.099504
GAMMA0,generalized-ising_wt-IS3_5.0.5.0.0.5_softer_periodic_old.wcnf,True,True,116804575996363.0,116804575996363.0,0.136658,0.034694,6.525039,6.410302
GAMMA0,generalized-ising_wt-IS4_5.0.5.0.0.5_softer_periodic_old.wcnf,True,True,115857504490177.0,115857504490177.0,0.080799,0.034323,0.119734,0.072415
GAMMA0,generalized-ising_wt-IS5_5.0.5.0.0.5_softer_periodic_old.wcnf,True,True,114843630201223.0,114843630201223.0,0.058437,0.034434,0.54742,0.53764
GAMMA0,generalized-ising_wt-IS6_5.0.5.0.0.5_softer_periodic_old.wcnf,True,True,113797656078091.0,113797656078091.0,0.05406,0.033984,0.125752,0.106306
GAMMA0,generalized-ising_wt-IS7_5.0.5.0.0.5_softer_periodic_old.wcnf,True,True,112706601923009.0,112706601923009.0,0.053455,0.033876,0.085407,0.065353
GAMMA0,generalized-ising_wt-IS9_5.0.5.0.0.5_softer_periodic_old.wcnf,True,True,110066981524169.0,110066981524169.0,0.078338,0.034733,0.115075,0.071329
GAMMA0,hs-timetabling_wt-BrazilInstance1.xml_old.wcnf,True,True,117.0,117.0,0.102949,0.08866,41.348795,41.186594
GAMMA0,hs-timetabling_wt-BrazilInstance2.xml_old.wcnf,True,True,149.0,149.0,0.231236,0.206919,50.061829,49.49585
GAMMA0,hs-timetabling_wt-BrazilInstance4.xml_old.wcnf,True,True,267.0,267.0,1.486495,1.332924,1.486495,1.332924
GAMMA0,hs-timetabling_wt-BrazilInstance5.xml_old.wcnf,True,True,490.0,490.0,1.216193,0.561021,29.200132,28.50594
GAMMA0,hs-timetabling_wt-BrazilInstance6.xml_old.wcnf,True,True,546.0,546.0,0.852152,0.787372,55.44878,54.802713
GAMMA0,hs-timetabling_wt-BrazilInstance7.xml_old.wcnf,True,True,889.0,889.0,1.143801,1.020201,49.743412,48.428076
GAMMA0,hs-timetabling_wt-FinlandSecondarySchool.xml_old.wcnf,True,True,817.0,817.0,1.51645,1.421787,1.51645,1.421787
GAMMA0,hs-timetabling_wt-ItalyInstance4.xml_old.wcnf,True,True,12143.0,12143.0,9.223397,8.47166,19.116237,17.98025
GAMMA0,judgment-aggregation-ja-kemeny-preflib-00049-00000300_old.wcnf,True,True,793.0,776.0,0.27009,0.222602,44.989536,32.648506
GAMMA0,judgment-aggregation-ja-kemeny-preflib-00049-00000334_old.wcnf,True,True,612.0,542.0,0.151844,0.110287,52.27211,6.579463
GAMMA0,judgment-aggregation-ja-kemeny-preflib-00049-00000451_old.wcnf,True,True,1020.0,929.0,0.917298,0.838826,50.607433,10.442963
GAMMA0,judgment-aggregation-ja-kemeny-preflib-00049-00000454_old.wcnf,True,True,715.0,631.0,0.291752,0.273586,57.87245,17.090181
GAMMA0,judgment-aggregation-ja-kemeny-preflib-00051-00000011_old.wcnf,True,True,779.0,695.0,1.490124,1.284888,58.898048,24.262653
GAMMA0,max-realizability_wt-power-distribution_11_7_old.wcnf,True,True,126.0,126.0,0.534698,0.512053,1.179387,1.13275
GAMMA0,max-realizability_wt-power-distribution_12_8_old.wcnf,True,True,216.0,216.0,1.314513,1.195811,1.783352,1.663219
GAMMA0,max-realizability_wt-robot-navigation_10_old.wcnf,True,True,39.0,39.0,10.870491,10.999663,10.870491,10.999663
GAMMA0,metro_wt-metro_8_8_5_20_10_6_500_1_3.lp.sm-extracted_old.wcnf,True,True,215.0,215.0,6.37451,6.351807,10.40372,10.342047
GAMMA0,mpe_wt-random-net-50-5_network-8.net_old.wcnf,True,True,48330.0,46535.0,0.074281,0.012023,33.219044,8.817843
GAMMA0,pseudoBoolean_wt-normalized-mps-v2-20-10-sentoy.opb.msat_old.wcnf,True,True,9460.0,9460.0,0.261517,0.04406,0.261517,0.04406
GAMMA0,railway-transport_wt-bf2030fvslack_old.wcnf,True,True,561747.0,561747.0,58.007234,12.857357,58.007234,12.857357
GAMMA0,railway-transport_wt-f2030_old.wcnf,True,True,6979.0,29608.0,9.488085,1.505845,59.720215,1.505845
GAMMA0,railway-transport_wt-r11_old.wcnf,True,True,73964834.0,124181197.0,54.235723,7.355801,59.981823,7.355801
GAMMA0,railway-transport_wt-wg2_old.wcnf,True,True,866.0,151.0,13.894965,11.676181,41.007915,38.419791
GAMMA0,ramsey_wt-ram_k3_n14.ra1_old.wcnf,True,True,3025.0,3025.0,0.072657,0.001979,0.563721,0.492882
GAMMA0,ramsey_wt-ram_k3_n16.ra1_old.wcnf,True,True,7271.0,7271.0,0.026102,0.002849,0.465915,0.444356
GAMMA0,ramsey_wt-ram_k3_n19.ra1_old.wcnf,True,True,20665.0,20665.0,0.047509,0.00465,1.241751,1.202237
GAMMA0,ramsey_wt-ram_k4_n19.ra1_old.wcnf,True,True,1240.0,1240.0,0.096689,0.027736,8.120485,8.050056
GAMMA0,relational-inference_wt-pa-1_old.wcnf,True,True,8282.0,8282.0,4.687011,3.171076,7.158971,5.824406
GAMMA0,relational-inference_wt-pa-2_old.wcnf,True,True,3093.0,3093.0,38.679657,30.894643,38.753257,30.965643
GAMMA0,relational-inference_wt-pa-3_old.wcnf,True,True,2967.0,2967.0,34.577939,29.593331,57.496739,50.773431
GAMMA0,setcover_wt-rail2536_old.wcnf,True,True,2147034.0,2147034.0,1.167363,0.680524,1.167363,0.680524
GAMMA0,setcover_wt-rail4284_old.wcnf,True,True,2119198.0,2119198.0,1.060235,0.690778,1.060235,0.690778
GAMMA0,setcover_wt-rail4872_old.wcnf,True,True,1873139.0,1873139.0,2.159458,0.554561,2.159458,0.554561
GAMMA0,setcover_wt-rail507_old.wcnf,True,True,220.0,190.0,15.965565,15.339314,41.523105,16.520874
GAMMA0,shiftdesign_wt-limits-10-10_data-1_inst-084_30m.sm-extracted_old.wcnf,True,True,49932711.0,49932711.0,10.988424,8.216488,10.988424,8.216488
GAMMA0,shiftdesign_wt-limits-10-10_data-1_inst-137_30m.sm-extracted_old.wcnf,True,True,17244442.0,17244442.0,4.440402,4.188192,4.440402,4.188192
GAMMA0,shiftdesign_wt-limits-10-10_data-1_inst-182_30m.sm-extracted_old.wcnf,True,True,30573006.0,30573006.0,9.468072,8.600919,9.468072,8.600919
GAMMA0,shiftdesign_wt-limits-10-10_data-2_inst-003_30m.sm-extracted_old.wcnf,True,True,41321652.0,41321652.0,11.49043,7.736423,11.49043,7.736423
GAMMA0,shiftdesign_wt-limits-10-10_data-2_inst-025_30m.sm-extracted_old.wcnf,True,True,56212258.0,56212258.0,11.537841,10.034673,11.537841,10.034673
GAMMA0,shiftdesign_wt-limits-10-10_data-2_inst-030_30m.sm-extracted_old.wcnf,True,True,122128224.0,122128224.0,22.926491,19.890077,22.926491,19.890077
GAMMA0,shiftdesign_wt-limits-10-10_data-3_inst-002_30m.sm-extracted_old.wcnf,True,True,35896155.0,35896155.0,7.987121,6.235635,7.987121,6.235635
GAMMA0,shiftdesign_wt-limits-10-10_data-3_inst-003_30m.sm-extracted_old.wcnf,True,True,28190618.0,28190618.0,6.261324,4.826266,6.261324,4.826266
GAMMA0,shiftdesign_wt-limits-10-10_data-4_inst-003_60m.sm-extracted_old.wcnf,True,True,87521039.0,87521039.0,17.375027,11.492679,17.375027,11.492679
GAMMA0,spot5_wt-1401.wcsp.log_old.wcnf,True,True,468096.0,459106.0,0.028258,0.014941,7.602884,1.554057
GAMMA0,spot5_wt-1403.wcsp.dir_old.wcnf,True,True,477264.0,459249.0,0.075754,0.016177,0.144338,9.895541
GAMMA0,spot5_wt-1403.wcsp.log_old.wcnf,True,True,469238.0,459247.0,0.075896,0.019214,34.774426,13.994065
GAMMA0,spot5_wt-1405.wcsp.dir_old.wcnf,True,True,475458.0,459427.0,0.143778,0.02352,0.334534,24.940548
GAMMA0,spot5_wt-1506.wcsp.log_old.wcnf,True,True,360527.0,354528.0,0.050051,0.024899,34.504252,10.915233
GAMMA0,spot5_wt-5.wcsp.log_old.wcnf,True,True,270.0,261.0,0.045271,0.013715,0.050523,0.099494
GAMMA0,staff-scheduling_wt-instance10_old.wcnf,True,True,6550.0,6550.0,2.555672,2.564955,57.699272,58.299865
GAMMA0,staff-scheduling_wt-instance11_old.wcnf,True,True,3653.0,3653.0,1.199861,1.062548,22.795963,22.260525
GAMMA0,staff-scheduling_wt-instance12_old.wcnf,True,True,7671.0,7138.0,4.145644,3.564809,13.842314,59.162879
GAMMA0,staff-scheduling_wt-instance2_old.wcnf,True,True,838.0,838.0,0.036385,0.016945,3.616591,3.611368
GAMMA0,staff-scheduling_wt-instance3_old.wcnf,True,True,1026.0,1026.0,0.105129,0.048521,15.43724,15.269431
GAMMA0,staff-scheduling_wt-instance4_old.wcnf,True,True,1740.0,1740.0,0.093881,0.027764,41.333579,40.73366
GAMMA0,staff-scheduling_wt-instance5_old.wcnf,True,True,1287.0,1287.0,0.130588,0.076666,25.431748,25.368948
GAMMA0,staff-scheduling_wt-instance6_old.wcnf,True,True,2081.0,2081.0,0.141338,0.093107,10.601762,10.653155
GAMMA0,staff-scheduling_wt-instance7_old.wcnf,True,True,1178.0,1178.0,0.216248,0.120162,46.44659,46.328688
GAMMA0,staff-scheduling_wt-instance8_old.wcnf,True,True,2848.0,2848.0,0.687515,0.55485,20.639971,18.734489
GAMMA0,staff-scheduling_wt-instance9_old.wcnf,True,True,2161.0,2142.0,1.848458,1.58573,47.606658,58.274324
GAMMA0,switchingactivitymaximization-SwitchingActivityMaximization_OpenRISC1200_100_old.wcnf,True,True,392.0,392.0,1.088075,0.767073,1.088075,0.767073
GAMMA0,switchingactivitymaximization-SwitchingActivityMaximization_OpenRISC1200_150_old.wcnf,True,True,528.0,528.0,1.231364,0.768483,1.231364,0.768483
GAMMA0,switchingactivitymaximization-SwitchingActivityMaximization_OpenRISC1200_200_old.wcnf,True,True,602.0,602.0,2.059893,0.769561,2.059893,0.769561
GAMMA0,switchingactivitymaximization-SwitchingActivityMaximization_OpenRISC1200_66_old.wcnf,True,True,228.0,228.0,2.321311,0.762169,2.321311,0.762169
GAMMA0,switchingactivitymaximization-SwitchingActivityMaximization_OpenRISC1200_68_old.wcnf,True,True,193.0,193.0,1.591115,0.75742,1.591115,0.75742
GAMMA0,switchingactivitymaximization-SwitchingActivityMaximization_OpenRISC1200_70_old.wcnf,True,True,240.0,240.0,1.483199,0.774009,1.483199,0.774009
GAMMA0,switchingactivitymaximization-SwitchingActivityMaximization_OpenRISC1200_72_old.wcnf,True,True,202.0,202.0,1.982442,0.756772,1.982442,0.756772
GAMMA0,switchingactivitymaximization-SwitchingActivityMaximization_OpenRISC1200_80_old.wcnf,True,True,306.0,306.0,2.450808,0.772755,2.450808,0.772755
GAMMA0,switchingactivitymaximization-SwitchingActivityMaximization_OpenRISC1200_90_old.wcnf,True,True,283.0,283.0,6.267462,0.790887,6.267462,0.790887
GAMMA0,tcp_wt-tcp_students_112_it_2_old.wcnf,True,True,3699.0,3699.0,1.227663,0.259735,44.964902,44.549935
GAMMA0,timetabling_wt-comp02_old.wcnf,True,True,136.0,136.0,1.846114,0.877846,9.246761,9.059875
GAMMA0,timetabling_wt-comp09_old.wcnf,True,True,135.0,135.0,1.37508,0.880359,27.184037,27.859801
GAMMA0,timetabling_wt-comp12_old.wcnf,True,True,560.0,560.0,1.452485,0.663648,33.581973,29.876601
GAMMA0,timetabling_wt-dds4_old.wcnf,False,False,,,,,,
GAMMA05,MaxSATQueriesinInterpretableClassifiers_wt-credit_train_8_CNF_5_20_old.wcnf,True,True,96480.0,95428.0,15.021479,14.086475,43.861201,14.458482
GAMMA05,MaxSATQueriesinInterpretableClassifiers_wt-pima_train_6_CNF_3_20_old.wcnf,True,True,3310.0,2839.0,0.044567,0.009313,33.395268,27.040926
GAMMA05,MaxSATQueriesinInterpretableClassifiers_wt-toms_test_2_CNF_3_20_old.wcnf,True,True,195.0,195.0,0.609756,0.61188,7.252474,7.585063
GAMMA05,MinimumWeightDominatingSetProblem_wt-bn-human-BNU_1_0025865_session_1-bg_old.wcnf,True,True,140539244.0,140539244.0,6.239282,3.953131,6.239282,3.953131
GAMMA05,MinimumWeightDominatingSetProblem_wt-channel-500x100x100-b050_old.wcnf,True,True,478624478.0,478435131.0,21.004552,19.23603,60.487852,60.01223
GAMMA05,MinimumWeightDominatingSetProblem_wt-delaunay_n24_old.wcnf,True,False,1685918983.0,,50.026828,44.149947,62.178028,64.304147
GAMMA05,MinimumWeightDominatingSetProblem_wt-hugebubbles-00020_old.wcnf,True,True,2130406259.0,2130406259.0,31.237817,20.339355,31.237817,20.339355
GAMMA05,MinimumWeightDominatingSetProblem_wt-inf-road-usa_old.wcnf,True,False,2406704625.0,,26.741276,46.899444,26.741276,63.962644
GAMMA05,MinimumWeightDominatingSetProblem_wt-rgg_n_2_24_s0_old.wcnf,True,True,1686108752.0,1686108752.0,45.573177,21.805101,45.573177,21.805101
GAMMA05,MinimumWeightDominatingSetProblem_wt-sc-rel9_old.wcnf,True,True,593056574.0,592677474.0,35.612281,31.34969,61.275281,62.13239
GAMMA05,MinimumWeightDominatingSetProblem_wt-soc-livejournal-user-groups_old.wcnf,True,True,752647274.0,752647274.0,26.920119,18.469551,26.920119,18.469551
GAMMA05,MinimumWeightDominatingSetProblem_wt-web-wikipedia2009_old.wcnf,True,True,174611880.0,28580583.0,11.480486,20.32343,60.605716,59.95887
GAMMA05,ParametricRBACMaintenance_mse20_wt-role_domino_multiple_0.1_8_old.wcnf,True,True,47682.0,47682.0,2.163202,1.808691,12.370532,11.545591
GAMMA05,ParametricRBACMaintenance_mse20_wt-role_domino_multiple_0.2_0_old.wcnf,True,True,74189.0,72339.0,2.160493,1.988783,9.582683,12.872133
GAMMA05,ParametricRBACMaintenance_mse20_wt-role_domino_multiple_0.5_1_old.wcnf,True,True,144463.0,144463.0,3.119143,1.928591,10.266053,8.332931
GAMMA05,ParametricRBACMaintenance_mse20_wt-role_domino_multiple_0.6_8_old.wcnf,True,True,159871.0,159871.0,2.134829,1.912596,11.652069,12.862216
GAMMA05,ParametricRBACMaintenance_mse20_wt-role_smallcomp_multiple_0.7_2_old.wcnf,True,True,277373.0,277625.0,12.558033,12.518663,58.706988,34.787557
GAMMA05,ParametricRBACMaintenance_mse20_wt-role_smallcomp_multiple_0.7_6_old.wcnf,True,True,252179.0,252179.0,0.029064,0.010668,3.486914,3.477766
GAMMA05,ParametricRBACMaintenance_mse20_wt-role_smallcomp_multiple_0.8_1_old.wcnf,True,True,350793.0,350793.0,0.027103,0.010192,10.317219,10.259185
GAMMA05,ParametricRBACMaintenance_mse20_wt-role_smallcomp_multiple_0.9_6_old.wcnf,True,True,282321.0,282321.0,0.051007,0.01064,0.191686,0.151644
GAMMA05,ParametricRBACMaintenance_mse20_wt-role_university_multiple_0.1_1_old.wcnf,True,True,63653.0,63653.0,2.951354,2.747282,11.422634,13.420222
GAMMA05,ParametricRBACMaintenance_mse20_wt-role_university_multiple_0.4_7_old.wcnf,True,True,234414.0,234414.0,4.696812,3.685564,11.854412,9.610134
GAMMA05,ParametricRBACMaintenance_mse20_wt-role_university_multiple_0.5_4_old.wcnf,True,True,215348.0,215348.0,3.291607,2.562875,13.458707,11.997035
GAMMA05,ParametricRBACMaintenance_mse20_wt-role_university_multiple_0.5_5_old.wcnf,True,True,198362.0,198362.0,3.076692,3.083926,12.371532,12.478626
GAMMA05,ParametricRBACMaintenance_mse20_wt-role_university_multiple_0.5_7_old.wcnf,True,True,263585.0,263585.0,3.979872,3.586417,9.758902,9.718367
GAMMA05,abstraction-refinement_wt-downcast-antlr_old.wcnf,True,True,79566.0,76330.0,9.610021,20.794601,9.610021,54.664831
GAMMA05,abstraction-refinement_wt-downcast-avrora_old.wcnf,True,True,49759.0,46872.0,14.415457,15.281815,18.520547,49.375555
GAMMA05,abstraction-refinement_wt-downcast-hsqldb_old.wcnf,True,False,32293.0,,31.648643,31.067618,40.549243,31.774218
GAMMA05,abstraction-refinement_wt-downcast-pmd_old.wcnf,True,True,6287.0,6287.0,31.192836,30.956173,41.553736,41.980373
GAMMA05,abstraction-refinement_wt-downcast-xalan_old.wcnf,True,True,65593.0,65609.0,16.6016,16.209625,59.13149,34.296675
GAMMA05,abstraction-refinement_wt-polysite-avrora_old.wcnf,True,True,55020.0,55020.0,16.46761,15.49194,20.44499,19.50157
GAMMA05,abstraction-refinement_wt-polysite-bloat_old.wcnf,True,True,2397.0,2397.0,45.862395,42.498837,61.341495,58.474937
GAMMA05,abstraction-refinement_wt-polysite-hsqldb_old.wcnf,True,True,177778.0,177778.0,14.378859,16.742682,14.378859,16.742682
GAMMA05,abstraction-refinement_wt-polysite-pmd_old.wcnf,True,True,190826.0,190826.0,26.473427,25.871966,34.166027,32.855666
GAMMA05,abstraction-refinement_wt-polysite-xalan_old.wcnf,True,True,117742.0,119606.0,22.222937,8.293906,27.096837,8.293906
GAMMA05,causal-discovery_wt-causal_Link_10_10000_old.wcnf,True,True,39112847.0,39112847.0,3.546758,3.196699,14.887858,13.509499
GAMMA05,causal-discovery_wt-causal_Link_10_1000_old.wcnf,True,True,33562494.0,33562494.0,3.653289,3.317673,30.145389,13.022883
GAMMA05,causal-discovery_wt-causal_Link_9_100_old.wcnf,True,True,3242187.0,3242187.0,1.996114,0.519137,1.996114,0.519137
GAMMA05,causal-discovery_wt-causal_Mushroom_7_1000_old.wcnf,True,True,9414169.0,9384011.0,0.1554,0.135904,17.869041,9.6104
GAMMA05,causal-discovery_wt-causal_Pigs_6_1000_old.wcnf,True,True,35110976.0,35110976.0,0.604325,0.187289,0.604325,0.187289
GAMMA05,causal-discovery_wt-causal_Water_10_1000_old.wcnf,True,True,45193159.0,45193159.0,3.237911,3.190179,11.619061,11.013599
GAMMA05,causal-discovery_wt-causal_alarm_9_1000_old.wcnf,True,True,36049513.0,13804978.0,1.268197,1.169608,10.24051,30.799452
GAMMA05,causal-discovery_wt-causal_carpo_8_1000_old.wcnf,True,True,2244087.0,1041895.0,0.460445,0.398623,59.12291,46.033425
GAMMA05,correlation-clustering_wt-Rounded_CorrelationClustering_Ionosphere_BINARY_N260_D0.200_old.wcnf,True,True,7014701.0,7014701.0,0.449744,0.455423,7.573165,7.602938
GAMMA05,correlation-clustering_wt-Rounded_CorrelationClustering_Protein1_UNARY_N290_old.wcnf,True,True,32090014.0,25393161.0,4.987195,17.415507,6.811545,17.532417
GAMMA05,correlation-clustering_wt-Rounded_CorrelationClustering_Protein2_BINARY_N220_old.wcnf,True,True,14004102.0,14004102.0,0.195893,0.158247,8.168712,8.434345
GAMMA05,correlation-clustering_wt-Rounded_CorrelationClustering_Protein2_BINARY_N240_old.wcnf,True,True,16116883.0,16116883.0,0.206399,0.18985,8.4641,8.672014
GAMMA05,correlation-clustering_wt-Rounded_CorrelationClustering_Protein2_BINARY_N380_old.wcnf,True,True,39198852.0,39198852.0,0.516161,0.473706,12.039557,11.774966
GAMMA05,correlation-clustering_wt-Rounded_CorrelationClustering_Protein2_UNARY_N220_old.wcnf,True,True,21300102.0,19399025.0,2.815447,15.040825,3.672867,15.296275
GAMMA05,correlation-clustering_wt-Rounded_CorrelationClustering_Protein3_TRANSITIVE_N280_old.wcnf,True,True,185255761.0,179303673.0,9.352062,9.664511,30.006912,17.427921
GAMMA05,correlation-clustering_wt-Rounded_CorrelationClustering_Protein3_UNARY_N220_old.wcnf,True,True,19154505.0,19154505.0,2.514262,2.465812,4.591722,4.431662
GAMMA05,correlation-clustering_wt-Rounded_CorrelationClustering_Protein4_BINARY_N320_old.wcnf,True,True,14733167.0,14733167.0,0.208796,0.184872,7.974472,7.932992
GAMMA05,correlation-clustering_wt-Rounded_CorrelationClustering_Protein4_UNARY_N250_old.wcnf,True,True,11103273.0,11103273.0,2.533845,2.372356,11.481845,11.104996
GAMMA05,correlation-clustering_wt-Rounded_CorrelationClustering_Vowel_BINARY_N700_D0.200_old.wcnf,True,True,75201247.0,75201247.0,2.389101,2.315555,2.576081,2.486615
GAMMA05,correlation-clustering_wt-Rounded_CorrelationClustering_Vowel_BINARY_N800_D0.200_old.wcnf,True,True,86276967.0,86276967.0,3.327337,3.700998,8.202637,9.517218
GAMMA05,decision-tree-anneal-un-formula_0.8_2021_atleast_31_max-4_reduced_incomplete_adaboost_3_old.wcnf,True,True,355.0,355.0,1.553209,1.464871,3.154289,3.083381
GAMMA05,decision-tree-anneal-un-formula_0.8_2021_atleast_31_max-4_reduced_incomplete_adaboost_5_old.wcnf,True,True,762.0,762.0,1.528031,1.444071,8.742101,8.374581
GAMMA05,decision-tree-australian-credit-un-formula_0.8_2021_atleast_31_max-4_reduced_incomplete_adaboost_5_old.wcnf,True,True,575.0,575.0,2.22725,2.061839,4.0739,3.916239
GAMMA05,decision-tree-heart-cleveland-un-formula_0.8_2021_atleast_127_max-6_reduced_incomplete_adaboost_2_old.wcnf,True,True,139.0,72.0,3.043973,8.218223,3.043973,8.268703
GAMMA05,decision-tree-heart-cleveland-un-formula_0.8_2021_atleast_15_max-3_reduced_incomplete_adaboost_4_old.wcnf,True,True,138.0,138.0,0.31645,0.287701,0.501206,0.472573
GAMMA05,decision-tree-heart-cleveland-un-formula_0.8_2021_atleast_31_max-4_reduced_incomplete_adaboost_4_old.wcnf,True,True,146.0,146.0,0.730533,0.675942,1.028816,0.961354
GAMMA05,decision-tree-heart-cleveland-un-formula_0.8_2021_atleast_31_max-4_reduced_incomplete_adaboost_6_old.wcnf,True,True,240.0,240.0,0.759052,0.725983,1.454042,1.416231
GAMMA05,decision-tree-primary-tumor-un-formula_0.8_2021_atleast_127_max-6_reduced_incomplete_adaboost_2_old.wcnf,True,True,113.0,113.0,3.559732,2.998807,5.835292,5.162667
GAMMA05,decision-tree-primary-tumor-un-formula_0.8_2021_atleast_127_max-6_reduced_incomplete_adaboost_4_old.wcnf,True,True,212.0,212.0,4.117007,2.827719,4.258837,2.953359
GAMMA05,decision-tree-primary-tumor-un-formula_0.8_2021_atleast_15_max-3_reduced_incomplete_adaboost_2_old.wcnf,True,True,84.0,84.0,0.138589,0.098098,4.743873,4.670471
GAMMA05,decision-tree-primary-tumor-un-formula_0.8_2021_atleast_31_max-4_reduced_incomplete_adaboost_4_old.wcnf,True,True,155.0,155.0,0.272315,0.247547,4.112743,4.02664
GAMMA05,decision-tree-primary-tumor-un-formula_0.8_2021_atleast_63_max-5_reduced_incomplete_adaboost_6_old.wcnf,True,True,338.0,338.0,0.812037,0.780435,1.644059,1.629423
GAMMA05,decision-tree-tic-tac-toe-un-formula_0.8_2021_atleast_15_max-3_reduced_incomplete_adaboost_2_old.wcnf,True,True,335.0,335.0,0.280565,0.216667,0.432684,0.358875
GAMMA05,decision-tree-tic-tac-toe-un-formula_0.8_2021_atleast_15_max-3_reduced_incomplete_adaboost_3_old.wcnf,True,True,443.0,443.0,0.324483,0.246049,0.400081,0.321308
GAMMA05,decision-tree-tic-tac-toe-un-formula_0.8_2021_atleast_31_max-4_reduced_incomplete_adaboost_2_old.wcnf,True,True,286.0,286.0,0.444517,0.39046,0.444517,0.39046
GAMMA05,drmx-cryptogen_wt-geffe128_7_old.wcnf,True,True,811.0,811.0,0.019867,0.007624,29.304254,29.371831
GAMMA05,generalized-ising_wt-IS11_5.0.5.0.0.5_softer_periodic_old.wcnf,True,True,112229069992697.0,112229069992697.0,0.051307,0.035389,0.668252,0.653276
GAMMA05,generalized-ising_wt-IS12_5.0.5.0.0.5_softer_periodic_old.wcnf,True,True,113171466486232.0,113171466486232.0,0.233224,0.034748,0.239781,0.041223
GAMMA05,generalized-ising_wt-IS13_5.0.5.0.0.5_softer_periodic_old.wcnf,True,True,119401387482250.0,119401387482250.0,0.081375,0.035919,0.085178,0.039396
GAMMA05,generalized-ising_wt-IS15_5.0.5.0.0.5_softer_periodic_old.wcnf,True,True,114658059944605.0,114658059944605.0,0.106127,0.036011,0.111152,0.040553
GAMMA05,generalized-ising_wt-IS16_5.0.5.0.0.5_softer_periodic_old.wcnf,True,True,115258059944605.0,115258059944605.0,0.381611,0.035531,6.466168,6.052328
GAMMA05,generalized-ising_wt-IS17_5.0.5.0.0.5_softer_periodic_old.wcnf,True,True,115902780531937.0,115902780531937.0,0.058803,0.035069,14.651764,14.401966
GAMMA05,generalized-ising_wt-IS20_5.0.5.0.0.5_softer_periodic_old.wcnf,True,True,119388436533623.0,119388436533623.0,0.079473,0.035682,0.120177,0.075985
GAMMA05,generalized-ising_wt-IS22_5.0.5.0.0.5_softer_periodic_old.wcnf,True,True,119112776308211.0,119112776308211.0,0.048958,0.034109,0.059808,0.045058
GAMMA05,generalized-ising_wt-IS23_5.0.5.0.0.5_softer_periodic_old.wcnf,True,True,118663520151734.0,118663520151734.0,0.050812,0.034976,0.113351,0.097244
GAMMA05,generalized-ising_wt-IS3_5.0.5.0.0.5_softer_periodic_old.wcnf,True,True,116804575996363.0,116804575996363.0,0.136658,0.034211,6.525039,6.538267
GAMMA05,generalized-ising_wt-IS4_5.0.5.0.0.5_softer_periodic_old.wcnf,True,True,115857504490177.0,115857504490177.0,0.080799,0.03547,0.119734,0.075674
GAMMA05,generalized-ising_wt-IS5_5.0.5.0.0.5_softer_periodic_old.wcnf,True,True,114843630201223.0,114843630201223.0,0.058437,0.03417,0.54742,0.51601
GAMMA05,generalized-ising_wt-IS6_5.0.5.0.0.5_softer_periodic_old.wcnf,True,True,113797656078091.0,113797656078091.0,0.05406,0.034183,0.125752,0.106889
GAMMA05,generalized-ising_wt-IS7_5.0.5.0.0.5_softer_periodic_old.wcnf,True,True,112706601923009.0,112706601923009.0,0.053455,0.033707,0.085407,0.065535
GAMMA05,generalized-ising_wt-IS9_5.0.5.0.0.5_softer_periodic_old.wcnf,True,True,110066981524169.0,110066981524169.0,0.078338,0.034968,0.115075,0.071431
GAMMA05,hs-timetabling_wt-BrazilInstance1.xml_old.wcnf,True,True,117.0,117.0,0.102949,0.089441,41.348795,41.346263
GAMMA05,hs-timetabling_wt-BrazilInstance2.xml_old.wcnf,True,True,149.0,149.0,0.231236,0.209288,50.061829,49.544504
GAMMA05,hs-timetabling_wt-BrazilInstance4.xml_old.wcnf,True,True,267.0,267.0,1.486495,1.341368,1.486495,1.341368
GAMMA05,hs-timetabling_wt-BrazilInstance5.xml_old.wcnf,True,True,490.0,490.0,1.216193,0.569727,29.200132,28.620672
GAMMA05,hs-timetabling_wt-BrazilInstance6.xml_old.wcnf,True,True,546.0,546.0,0.852152,0.803394,55.44878,55.892722
GAMMA05,hs-timetabling_wt-BrazilInstance7.xml_old.wcnf,True,True,889.0,889.0,1.143801,1.037787,49.743412,48.885823
GAMMA05,hs-timetabling_wt-FinlandSecondarySchool.xml_old.wcnf,True,True,817.0,817.0,1.51645,1.364496,1.51645,1.364496
GAMMA05,hs-timetabling_wt-ItalyInstance4.xml_old.wcnf,True,True,12143.0,12143.0,9.223397,9.570729,19.116237,20.212179
GAMMA05,judgment-aggregation-ja-kemeny-preflib-00049-00000300_old.wcnf,True,True,793.0,887.0,0.27009,0.225699,44.989536,55.760703
GAMMA05,judgment-aggregation-ja-kemeny-preflib-00049-00000334_old.wcnf,True,True,612.0,591.0,0.151844,0.109645,52.27211,50.780386
GAMMA05,judgment-aggregation-ja-kemeny-preflib-00049-00000451_old.wcnf,True,True,1020.0,1026.0,0.917298,0.853837,50.607433,43.319062
GAMMA05,judgment-aggregation-ja-kemeny-preflib-00049-00000454_old.wcnf,True,True,715.0,716.0,0.291752,0.280044,57.87245,12.220175
GAMMA05,judgment-aggregation-ja-kemeny-preflib-00051-00000011_old.wcnf,True,True,779.0,756.0,1.490124,1.313681,58.898048,59.072339
GAMMA05,max-realizability_wt-power-distribution_11_7_old.wcnf,True,True,126.0,126.0,0.534698,0.519358,1.179387,1.157334
GAMMA05,max-realizability_wt-power-distribution_12_8_old.wcnf,True,True,216.0,216.0,1.314513,1.205904,1.783352,1.672238
GAMMA05,max-realizability_wt-robot-navigation_10_old.wcnf,True,True,39.0,39.0,10.870491,11.179535,10.870491,11.179535
GAMMA05,metro_wt-metro_8_8_5_20_10_6_500_1_3.lp.sm-extracted_old.wcnf,True,True,215.0,215.0,6.37451,6.34547,10.40372,10.3405
GAMMA05,mpe_wt-random-net-50-5_network-8.net_old.wcnf,True,True,48330.0,48169.0,0.074281,0.01221,33.219044,34.467258
GAMMA05,pseudoBoolean_wt-normalized-mps-v2-20-10-sentoy.opb.msat_old.wcnf,True,True,9460.0,9460.0,0.261517,0.044653,0.261517,0.044653
GAMMA05,railway-transport_wt-bf2030fvslack_old.wcnf,True,True,561747.0,264711.0,58.007234,18.806015,58.007234,41.737625
GAMMA05,railway-transport_wt-f2030_old.wcnf,True,True,6979.0,5928.0,9.488085,2.822634,59.720215,57.847584
GAMMA05,railway-transport_wt-r11_old.wcnf,True,True,73964834.0,124181197.0,54.235723,7.544882,59.981823,7.544882
GAMMA05,railway-transport_wt-wg2_old.wcnf,True,True,866.0,821.0,13.894965,12.243676,41.007915,55.007006
GAMMA05,ramsey_wt-ram_k3_n14.ra1_old.wcnf,True,True,3025.0,3025.0,0.072657,0.002073,0.563721,0.488637
GAMMA05,ramsey_wt-ram_k3_n16.ra1_old.wcnf,True,True,7271.0,7271.0,0.026102,0.002886,0.465915,0.442559
GAMMA05,ramsey_wt-ram_k3_n19.ra1_old.wcnf,True,True,20665.0,20665.0,0.047509,0.004761,1.241751,1.193905
GAMMA05,ramsey_wt-ram_k4_n19.ra1_old.wcnf,True,True,1240.0,1240.0,0.096689,0.006939,8.120485,8.024361
GAMMA05,relational-inference_wt-pa-1_old.wcnf,True,True,8282.0,8282.0,4.687011,2.834182,7.158971,5.233762
GAMMA05,relational-inference_wt-pa-2_old.wcnf,True,True,3093.0,3093.0,38.679657,32.344179,38.753257,32.413879
GAMMA05,relational-inference_wt-pa-3_old.wcnf,True,True,2967.0,2967.0,34.577939,28.29624,57.496739,48.83484
GAMMA05,setcover_wt-rail2536_old.wcnf,True,True,2147034.0,2147034.0,1.167363,0.680821,1.167363,0.680821
GAMMA05,setcover_wt-rail4284_old.wcnf,True,True,2119198.0,2119198.0,1.060235,0.70551,1.060235,0.70551
GAMMA05,setcover_wt-rail4872_old.wcnf,True,True,1873139.0,1873139.0,2.159458,0.737721,2.159458,0.737721
GAMMA05,setcover_wt-rail507_old.wcnf,True,True,220.0,208.0,15.965565,15.652928,41.523105,45.345388
GAMMA05,shiftdesign_wt-limits-10-10_data-1_inst-084_30m.sm-extracted_old.wcnf,True,True,49932711.0,49932711.0,10.988424,9.389279,10.988424,9.389279
GAMMA05,shiftdesign_wt-limits-10-10_data-1_inst-137_30m.sm-extracted_old.wcnf,True,True,17244442.0,17244442.0,4.440402,4.017671,4.440402,4.017671
GAMMA05,shiftdesign_wt-limits-10-10_data-1_inst-182_30m.sm-extracted_old.wcnf,True,True,30573006.0,30573006.0,9.468072,7.710618,9.468072,7.710618
GAMMA05,shiftdesign_wt-limits-10-10_data-2_inst-003_30m.sm-extracted_old.wcnf,True,True,41321652.0,41321652.0,11.49043,7.605827,11.49043,7.605827
GAMMA05,shiftdesign_wt-limits-10-10_data-2_inst-025_30m.sm-extracted_old.wcnf,True,True,56212258.0,56212258.0,11.537841,10.578279,11.537841,10.578279
GAMMA05,shiftdesign_wt-limits-10-10_data-2_inst-030_30m.sm-extracted_old.wcnf,True,True,122128224.0,122128224.0,22.926491,20.869212,22.926491,20.869212
GAMMA05,shiftdesign_wt-limits-10-10_data-3_inst-002_30m.sm-extracted_old.wcnf,True,True,35896155.0,35896155.0,7.987121,6.295739,7.987121,6.295739
GAMMA05,shiftdesign_wt-limits-10-10_data-3_inst-003_30m.sm-extracted_old.wcnf,True,True,28190618.0,28190618.0,6.261324,5.323092,6.261324,5.323092
GAMMA05,shiftdesign_wt-limits-10-10_data-4_inst-003_60m.sm-extracted_old.wcnf,True,True,87521039.0,87521039.0,17.375027,12.380131,17.375027,12.380131
GAMMA05,spot5_wt-1401.wcsp.log_old.wcnf,True,True,468096.0,463105.0,0.028258,0.014578,7.602884,29.243596
GAMMA05,spot5_wt-1403.wcsp.dir_old.wcnf,True,True,477264.0,463260.0,0.075754,0.01613,0.144338,27.074171
GAMMA05,spot5_wt-1403.wcsp.log_old.wcnf,True,True,469238.0,461250.0,0.075896,0.018875,34.774426,1.697188
GAMMA05,spot5_wt-1405.wcsp.dir_old.wcnf,True,True,475458.0,463438.0,0.143778,0.023453,0.334534,38.438766
GAMMA05,spot5_wt-1506.wcsp.log_old.wcnf,True,True,360527.0,354539.0,0.050051,0.023846,34.504252,12.163718
GAMMA05,spot5_wt-5.wcsp.log_old.wcnf,True,True,270.0,262.0,0.045271,0.013321,0.050523,5.514593
GAMMA05,staff-scheduling_wt-instance10_old.wcnf,True,True,6550.0,6625.0,2.555672,2.445856,57.699272,37.063986
GAMMA05,staff-scheduling_wt-instance11_old.wcnf,True,True,3653.0,3653.0,1.199861,1.086155,22.795963,25.186017
GAMMA05,staff-scheduling_wt-instance12_old.wcnf,True,True,7671.0,7671.0,4.145644,3.964602,13.842314,13.088062
GAMMA05,staff-scheduling_wt-instance2_old.wcnf,True,True,838.0,838.0,0.036385,0.016721,3.616591,3.600747
GAMMA05,staff-scheduling_wt-instance3_old.wcnf,True,True,1026.0,1026.0,0.105129,0.048692,15.43724,15.217561
GAMMA05,staff-scheduling_wt-instance4_old.wcnf,True,True,1740.0,1740.0,0.093881,0.026895,41.333579,40.169833
GAMMA05,staff-scheduling_wt-instance5_old.wcnf,True,True,1287.0,1287.0,0.130588,0.075702,25.431748,25.44843
GAMMA05,staff-scheduling_wt-instance6_old.wcnf,True,True,2081.0,2081.0,0.141338,0.095198,10.601762,10.799352
GAMMA05,staff-scheduling_wt-instance7_old.wcnf,True,True,1178.0,1178.0,0.216248,0.202102,46.44659,45.932034
GAMMA05,staff-scheduling_wt-instance8_old.wcnf,True,True,2848.0,2848.0,0.687515,0.566436,20.639971,19.068209
GAMMA05,staff-scheduling_wt-instance9_old.wcnf,True,True,2161.0,2161.0,1.848458,1.627671,47.606658,42.100726
GAMMA05,switchingactivitymaximization-SwitchingActivityMaximization_OpenRISC1200_100_old.wcnf,True,True,392.0,392.0,1.088075,0.775365,1.088075,0.775365
GAMMA05,switchingactivitymaximization-SwitchingActivityMaximization_OpenRISC1200_150_old.wcnf,True,True,528.0,528.0,1.231364,0.788909,1.231364,0.788909
GAMMA05,switchingactivitymaximization-SwitchingActivityMaximization_OpenRISC1200_200_old.wcnf,True,True,602.0,602.0,2.059893,0.775275,2.059893,0.775275
GAMMA05,switchingactivitymaximization-SwitchingActivityMaximization_OpenRISC1200_66_old.wcnf,True,True,228.0,228.0,2.321311,0.817317,2.321311,0.817317
GAMMA05,switchingactivitymaximization-SwitchingActivityMaximization_OpenRISC1200_68_old.wcnf,True,True,193.0,193.0,1.591115,0.787232,1.591115,0.787232
GAMMA05,switchingactivitymaximization-SwitchingActivityMaximization_OpenRISC1200_70_old.wcnf,True,True,240.0,240.0,1.483199,0.776905,1.483199,0.776905
GAMMA05,switchingactivitymaximization-SwitchingActivityMaximization_OpenRISC1200_72_old.wcnf,True,True,202.0,202.0,1.982442,0.773393,1.982442,0.773393
GAMMA05,switchingactivitymaximization-SwitchingActivityMaximization_OpenRISC1200_80_old.wcnf,True,True,306.0,306.0,2.450808,0.783555,2.450808,0.783555
GAMMA05,switchingactivitymaximization-SwitchingActivityMaximization_OpenRISC1200_90_old.wcnf,True,True,283.0,283.0,6.267462,0.911355,6.267462,0.911355
GAMMA05,tcp_wt-tcp_students_112_it_2_old.wcnf,True,True,3699.0,3699.0,1.227663,0.248451,44.964902,43.582095
GAMMA05,timetabling_wt-comp02_old.wcnf,True,True,136.0,136.0,1.846114,0.838403,9.246761,8.637518
GAMMA05,timetabling_wt-comp09_old.wcnf,True,True,135.0,135.0,1.37508,0.852933,27.184037,28.005595
GAMMA05,timetabling_wt-comp12_old.wcnf,True,True,560.0,560.0,1.452485,0.609015,33.581973,29.486235
GAMMA05,timetabling_wt-dds4_old.wcnf,False,False,,,,,,
GAMMA1,MaxSATQueriesinInterpretableClassifiers_wt-credit_train_8_CNF_5_20_old.wcnf,True,True,96480.0,96105.0,15.021479,14.239686,43.861201,15.358731
GAMMA1,MaxSATQueriesinInterpretableClassifiers_wt-pima_train_6_CNF_3_20_old.wcnf,True,True,3310.0,3290.0,0.044567,0.00879,33.395268,12.885292
GAMMA1,MaxSATQueriesinInterpretableClassifiers_wt-toms_test_2_CNF_3_20_old.wcnf,True,True,195.0,195.0,0.609756,0.623918,7.252474,8.48017
GAMMA1,MinimumWeightDominatingSetProblem_wt-bn-human-BNU_1_0025865_session_1-bg_old.wcnf,True,True,140539244.0,140539244.0,6.239282,4.145061,6.239282,4.145061
GAMMA1,MinimumWeightDominatingSetProblem_wt-channel-500x100x100-b050_old.wcnf,True,True,478624478.0,479191985.0,21.004552,20.633082,60.487852,61.296182
GAMMA1,MinimumWeightDominatingSetProblem_wt-delaunay_n24_old.wcnf,True,True,1685918983.0,1686108752.0,50.026828,17.654988,62.178028,17.654988
GAMMA1,MinimumWeightDominatingSetProblem_wt-hugebubbles-00020_old.wcnf,True,True,2130406259.0,2130406259.0,31.237817,26.96455,31.237817,26.96455
GAMMA1,MinimumWeightDominatingSetProblem_wt-inf-road-usa_old.wcnf,True,True,2406704625.0,2406704625.0,26.741276,19.401706,26.741276,19.401706
GAMMA1,MinimumWeightDominatingSetProblem_wt-rgg_n_2_24_s0_old.wcnf,True,True,1686108752.0,1686108752.0,45.573177,22.800087,45.573177,22.800087
GAMMA1,MinimumWeightDominatingSetProblem_wt-sc-rel9_old.wcnf,True,False,593056574.0,,35.612281,38.016288,61.275281,62.334888
GAMMA1,MinimumWeightDominatingSetProblem_wt-soc-livejournal-user-groups_old.wcnf,True,True,752647274.0,752647274.0,26.920119,21.541485,26.920119,21.541485
GAMMA1,MinimumWeightDominatingSetProblem_wt-web-wikipedia2009_old.wcnf,True,True,174611880.0,36530121.0,11.480486,12.349642,60.605716,12.349642
GAMMA1,ParametricRBACMaintenance_mse20_wt-role_domino_multiple_0.1_8_old.wcnf,True,True,47682.0,47682.0,2.163202,2.01185,12.370532,13.05356
GAMMA1,ParametricRBACMaintenance_mse20_wt-role_domino_multiple_0.2_0_old.wcnf,True,True,74189.0,74189.0,2.160493,2.077903,9.582683,10.370573
GAMMA1,ParametricRBACMaintenance_mse20_wt-role_domino_multiple_0.5_1_old.wcnf,True,True,144463.0,144463.0,3.119143,2.078285,10.266053,8.346125
GAMMA1,ParametricRBACMaintenance_mse20_wt-role_domino_multiple_0.6_8_old.wcnf,True,True,159871.0,160050.0,2.134829,2.076518,11.652069,8.397678
GAMMA1,ParametricRBACMaintenance_mse20_wt-role_smallcomp_multiple_0.7_2_old.wcnf,True,True,277373.0,277688.0,12.558033,12.562968,58.706988,30.490213
GAMMA1,ParametricRBACMaintenance_mse20_wt-role_smallcomp_multiple_0.7_6_old.wcnf,True,True,252179.0,252179.0,0.029064,0.025476,3.486914,3.49857
GAMMA1,ParametricRBACMaintenance_mse20_wt-role_smallcomp_multiple_0.8_1_old.wcnf,True,True,350793.0,350793.0,0.027103,0.02532,10.317219,10.315465
GAMMA1,ParametricRBACMaintenance_mse20_wt-role_smallcomp_multiple_0.9_6_old.wcnf,True,True,282321.0,282321.0,0.051007,0.009922,0.191686,0.151169
GAMMA1,ParametricRBACMaintenance_mse20_wt-role_university_multiple_0.1_1_old.wcnf,True,True,63653.0,67265.0,2.951354,3.333817,11.422634,13.044757
GAMMA1,ParametricRBACMaintenance_mse20_wt-role_university_multiple_0.4_7_old.wcnf,True,True,234414.0,234414.0,4.696812,4.773807,11.854412,11.668277
GAMMA1,ParametricRBACMaintenance_mse20_wt-role_university_multiple_0.5_4_old.wcnf,True,True,215348.0,215348.0,3.291607,2.665646,13.458707,12.632076
GAMMA1,ParametricRBACMaintenance_mse20_wt-role_university_multiple_0.5_5_old.wcnf,True,True,198362.0,470818.0,3.076692,5.225522,12.371532,25.608952
GAMMA1,ParametricRBACMaintenance_mse20_wt-role_university_multiple_0.5_7_old.wcnf,True,True,263585.0,263585.0,3.979872,5.095436,9.758902,10.649326
GAMMA1,abstraction-refinement_wt-downcast-antlr_old.wcnf,True,True,79566.0,78873.0,9.610021,22.780843,9.610021,25.312843
GAMMA1,abstraction-refinement_wt-downcast-avrora_old.wcnf,True,True,49759.0,49759.0,14.415457,15.684315,18.520547,19.817665
GAMMA1,abstraction-refinement_wt-downcast-hsqldb_old.wcnf,True,True,32293.0,32293.0,31.648643,30.731805,40.549243,39.364805
GAMMA1,abstraction-refinement_wt-downcast-pmd_old.wcnf,True,True,6287.0,6287.0,31.192836,30.58489,41.553736,40.02729
GAMMA1,abstraction-refinement_wt-downcast-xalan_old.wcnf,True,True,65593.0,65614.0,16.6016,16.202046,59.13149,43.539056
GAMMA1,abstraction-refinement_wt-polysite-avrora_old.wcnf,True,True,55020.0,55020.0,16.46761,15.566667,20.44499,19.548507
GAMMA1,abstraction-refinement_wt-polysite-bloat_old.wcnf,True,True,2397.0,2950.0,45.862395,49.911131,61.341495,61.379131
GAMMA1,abstraction-refinement_wt-polysite-hsqldb_old.wcnf,True,True,177778.0,175624.0,14.378859,35.648745,14.378859,43.698045
GAMMA1,abstraction-refinement_wt-polysite-pmd_old.wcnf,True,True,190826.0,190826.0,26.473427,26.056669,34.166027,33.038869
GAMMA1,abstraction-refinement_wt-polysite-xalan_old.wcnf,True,True,117742.0,117742.0,22.222937,18.905917,27.096837,23.764597
GAMMA1,causal-discovery_wt-causal_Link_10_10000_old.wcnf,True,True,39112847.0,39112847.0,3.546758,3.166056,14.887858,19.547046
GAMMA1,causal-discovery_wt-causal_Link_10_1000_old.wcnf,True,True,33562494.0,33562494.0,3.653289,3.187439,30.145389,36.678949
GAMMA1,causal-discovery_wt-causal_Link_9_100_old.wcnf,True,True,3242187.0,3242187.0,1.996114,0.552891,1.996114,0.552891
GAMMA1,causal-discovery_wt-causal_Mushroom_7_1000_old.wcnf,True,True,9414169.0,9384011.0,0.1554,0.200546,17.869041,12.149437
GAMMA1,causal-discovery_wt-causal_Pigs_6_1000_old.wcnf,True,True,35110976.0,35110976.0,0.604325,0.177158,0.604325,0.177158
GAMMA1,causal-discovery_wt-causal_Water_10_1000_old.wcnf,True,True,45193159.0,45193159.0,3.237911,3.175404,11.619061,11.517054
GAMMA1,causal-discovery_wt-causal_alarm_9_1000_old.wcnf,True,True,36049513.0,37913754.0,1.268197,1.16312,10.24051,11.169174
GAMMA1,causal-discovery_wt-causal_carpo_8_1000_old.wcnf,True,True,2244087.0,2244087.0,0.460445,0.394798,59.12291,10.163552
GAMMA1,correlation-clustering_wt-Rounded_CorrelationClustering_Ionosphere_BINARY_N260_D0.200_old.wcnf,True,True,7014701.0,7014701.0,0.449744,0.434103,7.573165,7.545695
GAMMA1,correlation-clustering_wt-Rounded_CorrelationClustering_Protein1_UNARY_N290_old.wcnf,True,True,32090014.0,32090014.0,4.987195,4.872384,6.811545,6.629294
GAMMA1,correlation-clustering_wt-Rounded_CorrelationClustering_Protein2_BINARY_N220_old.wcnf,True,True,14004102.0,14004102.0,0.195893,0.165013,8.168712,8.256641
GAMMA1,correlation-clustering_wt-Rounded_CorrelationClustering_Protein2_BINARY_N240_old.wcnf,True,True,16116883.0,16116883.0,0.206399,0.184109,8.4641,8.361883
GAMMA1,correlation-clustering_wt-Rounded_CorrelationClustering_Protein2_BINARY_N380_old.wcnf,True,True,39198852.0,39198852.0,0.516161,0.464521,12.039557,11.699254
GAMMA1,correlation-clustering_wt-Rounded_CorrelationClustering_Protein2_UNARY_N220_old.wcnf,True,True,21300102.0,21300102.0,2.815447,2.516157,3.672867,3.340837
GAMMA1,correlation-clustering_wt-Rounded_CorrelationClustering_Protein3_TRANSITIVE_N280_old.wcnf,True,True,185255761.0,184961727.0,9.352062,9.303318,30.006912,34.115528
GAMMA1,correlation-clustering_wt-Rounded_CorrelationClustering_Protein3_UNARY_N220_old.wcnf,True,True,19154505.0,19154505.0,2.514262,2.440459,4.591722,4.380099
GAMMA1,correlation-clustering_wt-Rounded_CorrelationClustering_Protein4_BINARY_N320_old.wcnf,True,True,14733167.0,14733167.0,0.208796,0.185978,7.974472,7.715922
GAMMA1,correlation-clustering_wt-Rounded_CorrelationClustering_Protein4_UNARY_N250_old.wcnf,True,True,11103273.0,11103273.0,2.533845,2.269309,11.481845,11.053689
GAMMA1,correlation-clustering_wt-Rounded_CorrelationClustering_Vowel_BINARY_N700_D0.200_old.wcnf,True,True,75201247.0,75201247.0,2.389101,2.314841,2.576081,2.482601
GAMMA1,correlation-clustering_wt-Rounded_CorrelationClustering_Vowel_BINARY_N800_D0.200_old.wcnf,True,True,86276967.0,86276967.0,3.327337,3.228404,8.202637,7.841764
GAMMA1,decision-tree-anneal-un-formula_0.8_2021_atleast_31_max-4_reduced_incomplete_adaboost_3_old.wcnf,True,True,355.0,355.0,1.553209,1.44729,3.154289,2.99919
GAMMA1,decision-tree-anneal-un-formula_0.8_2021_atleast_31_max-4_reduced_incomplete_adaboost_5_old.wcnf,True,True,762.0,762.0,1.528031,1.470869,8.742101,8.211559
GAMMA1,decision-tree-australian-credit-un-formula_0.8_2021_atleast_31_max-4_reduced_incomplete_adaboost_5_old.wcnf,True,True,575.0,575.0,2.22725,2.011864,4.0739,3.823294
GAMMA1,decision-tree-heart-cleveland-un-formula_0.8_2021_atleast_127_max-6_reduced_incomplete_adaboost_2_old.wcnf,True,True,139.0,72.0,3.043973,8.354311,3.043973,8.405481
GAMMA1,decision-tree-heart-cleveland-un-formula_0.8_2021_atleast_15_max-3_reduced_incomplete_adaboost_4_old.wcnf,True,True,138.0,138.0,0.31645,0.29175,0.501206,0.480611
GAMMA1,decision-tree-heart-cleveland-un-formula_0.8_2021_atleast_31_max-4_reduced_incomplete_adaboost_4_old.wcnf,True,True,146.0,146.0,0.730533,0.678665,1.028816,0.972265
GAMMA1,decision-tree-heart-cleveland-un-formula_0.8_2021_atleast_31_max-4_reduced_incomplete_adaboost_6_old.wcnf,True,True,240.0,240.0,0.759052,0.690918,1.454042,1.398991
GAMMA1,decision-tree-primary-tumor-un-formula_0.8_2021_atleast_127_max-6_reduced_incomplete_adaboost_2_old.wcnf,True,True,113.0,113.0,3.559732,2.837214,5.835292,4.832534
GAMMA1,decision-tree-primary-tumor-un-formula_0.8_2021_atleast_127_max-6_reduced_incomplete_adaboost_4_old.wcnf,True,True,212.0,212.0,4.117007,2.851016,4.258837,2.978206
GAMMA1,decision-tree-primary-tumor-un-formula_0.8_2021_atleast_15_max-3_reduced_incomplete_adaboost_2_old.wcnf,True,True,84.0,84.0,0.138589,0.098198,4.743873,4.63931
GAMMA1,decision-tree-primary-tumor-un-formula_0.8_2021_atleast_31_max-4_reduced_incomplete_adaboost_4_old.wcnf,True,True,155.0,155.0,0.272315,0.252413,4.112743,4.035721
GAMMA1,decision-tree-primary-tumor-un-formula_0.8_2021_atleast_63_max-5_reduced_incomplete_adaboost_6_old.wcnf,True,True,338.0,338.0,0.812037,0.765783,1.644059,1.596618
GAMMA1,decision-tree-tic-tac-toe-un-formula_0.8_2021_atleast_15_max-3_reduced_incomplete_adaboost_2_old.wcnf,True,True,335.0,335.0,0.280565,0.217749,0.432684,0.359974
GAMMA1,decision-tree-tic-tac-toe-un-formula_0.8_2021_atleast_15_max-3_reduced_incomplete_adaboost_3_old.wcnf,True,True,443.0,443.0,0.324483,0.274381,0.400081,0.349229
GAMMA1,decision-tree-tic-tac-toe-un-formula_0.8_2021_atleast_31_max-4_reduced_incomplete_adaboost_2_old.wcnf,True,True,286.0,286.0,0.444517,0.386105,0.444517,0.386105
GAMMA1,drmx-cryptogen_wt-geffe128_7_old.wcnf,True,True,811.0,811.0,0.019867,0.006795,29.304254,29.312742
GAMMA1,generalized-ising_wt-IS11_5.0.5.0.0.5_softer_periodic_old.wcnf,True,True,112229069992697.0,112229069992697.0,0.051307,0.034915,0.668252,0.651185
GAMMA1,generalized-ising_wt-IS12_5.0.5.0.0.5_softer_periodic_old.wcnf,True,True,113171466486232.0,113171466486232.0,0.233224,0.03384,0.239781,0.040213
GAMMA1,generalized-ising_wt-IS13_5.0.5.0.0.5_softer_periodic_old.wcnf,True,True,119401387482250.0,119401387482250.0,0.081375,0.033522,0.085178,0.036825
GAMMA1,generalized-ising_wt-IS15_5.0.5.0.0.5_softer_periodic_old.wcnf,True,True,114658059944605.0,114658059944605.0,0.106127,0.033514,0.111152,0.037967
GAMMA1,generalized-ising_wt-IS16_5.0.5.0.0.5_softer_periodic_old.wcnf,True,True,115258059944605.0,115258059944605.0,0.381611,0.034454,6.466168,6.012998
GAMMA1,generalized-ising_wt-IS17_5.0.5.0.0.5_softer_periodic_old.wcnf,True,True,115902780531937.0,115902780531937.0,0.058803,0.034648,14.651764,14.502273
GAMMA1,generalized-ising_wt-IS20_5.0.5.0.0.5_softer_periodic_old.wcnf,True,True,119388436533623.0,119388436533623.0,0.079473,0.03446,0.120177,0.074938
GAMMA1,generalized-ising_wt-IS22_5.0.5.0.0.5_softer_periodic_old.wcnf,True,True,119112776308211.0,119112776308211.0,0.048958,0.033862,0.059808,0.044583
GAMMA1,generalized-ising_wt-IS23_5.0.5.0.0.5_softer_periodic_old.wcnf,True,True,118663520151734.0,118663520151734.0,0.050812,0.03537,0.113351,0.095187
GAMMA1,generalized-ising_wt-IS3_5.0.5.0.0.5_softer_periodic_old.wcnf,True,True,116804575996363.0,116804575996363.0,0.136658,0.047544,6.525039,6.60094
GAMMA1,generalized-ising_wt-IS4_5.0.5.0.0.5_softer_periodic_old.wcnf,True,True,115857504490177.0,115857504490177.0,0.080799,0.051905,0.119734,0.089657
GAMMA1,generalized-ising_wt-IS5_5.0.5.0.0.5_softer_periodic_old.wcnf,True,True,114843630201223.0,114843630201223.0,0.058437,0.033749,0.54742,0.52984
GAMMA1,generalized-ising_wt-IS6_5.0.5.0.0.5_softer_periodic_old.wcnf,True,True,113797656078091.0,113797656078091.0,0.05406,0.034384,0.125752,0.107105
GAMMA1,generalized-ising_wt-IS7_5.0.5.0.0.5_softer_periodic_old.wcnf,True,True,112706601923009.0,112706601923009.0,0.053455,0.035142,0.085407,0.066624
GAMMA1,generalized-ising_wt-IS9_5.0.5.0.0.5_softer_periodic_old.wcnf,True,True,110066981524169.0,110066981524169.0,0.078338,0.034831,0.115075,0.071407
GAMMA1,hs-timetabling_wt-BrazilInstance1.xml_old.wcnf,True,True,117.0,117.0,0.102949,0.109929,41.348795,41.492882
GAMMA1,hs-timetabling_wt-BrazilInstance2.xml_old.wcnf,True,True,149.0,149.0,0.231236,0.217822,50.061829,49.72693
GAMMA1,hs-timetabling_wt-BrazilInstance4.xml_old.wcnf,True,True,267.0,267.0,1.486495,1.380682,1.486495,1.380682
GAMMA1,hs-timetabling_wt-BrazilInstance5.xml_old.wcnf,True,True,490.0,490.0,1.216193,0.560823,29.200132,28.630268
GAMMA1,hs-timetabling_wt-BrazilInstance6.xml_old.wcnf,True,True,546.0,546.0,0.852152,0.810082,55.44878,54.896277
GAMMA1,hs-timetabling_wt-BrazilInstance7.xml_old.wcnf,True,True,889.0,889.0,1.143801,1.086629,49.743412,49.045968
GAMMA1,hs-timetabling_wt-FinlandSecondarySchool.xml_old.wcnf,True,True,817.0,817.0,1.51645,1.394519,1.51645,1.394519
GAMMA1,hs-timetabling_wt-ItalyInstance4.xml_old.wcnf,True,True,12143.0,12143.0,9.223397,8.663838,19.116237,18.391598
GAMMA1,judgment-aggregation-ja-kemeny-preflib-00049-00000300_old.wcnf,True,True,793.0,840.0,0.27009,3.084065,44.989536,58.934402
GAMMA1,judgment-aggregation-ja-kemeny-preflib-00049-00000334_old.wcnf,True,True,612.0,617.0,0.151844,0.10899,52.27211,59.992316
GAMMA1,judgment-aggregation-ja-kemeny-preflib-00049-00000451_old.wcnf,True,True,1020.0,1091.0,0.917298,2.167225,50.607433,52.802597
GAMMA1,judgment-aggregation-ja-kemeny-preflib-00049-00000454_old.wcnf,True,True,715.0,721.0,0.291752,0.325999,57.87245,55.744284
GAMMA1,judgment-aggregation-ja-kemeny-preflib-00051-00000011_old.wcnf,True,True,779.0,736.0,1.490124,1.485719,58.898048,47.902802
GAMMA1,max-realizability_wt-power-distribution_11_7_old.wcnf,True,True,126.0,126.0,0.534698,0.540091,1.179387,1.232332
GAMMA1,max-realizability_wt-power-distribution_12_8_old.wcnf,True,True,216.0,216.0,1.314513,1.334607,1.783352,1.852832
GAMMA1,max-realizability_wt-robot-navigation_10_old.wcnf,True,True,39.0,39.0,10.870491,11.836692,10.870491,11.836692
GAMMA1,metro_wt-metro_8_8_5_20_10_6_500_1_3.lp.sm-extracted_old.wcnf,True,True,215.0,215.0,6.37451,6.307111,10.40372,10.300941
GAMMA1,mpe_wt-random-net-50-5_network-8.net_old.wcnf,True,True,48330.0,48330.0,0.074281,0.029646,33.219044,33.1303
GAMMA1,pseudoBoolean_wt-normalized-mps-v2-20-10-sentoy.opb.msat_old.wcnf,True,True,9460.0,9460.0,0.261517,0.06245,0.261517,0.06245
GAMMA1,railway-transport_wt-bf2030fvslack_old.wcnf,True,True,561747.0,264711.0,58.007234,22.003599,58.007234,43.326839
GAMMA1,railway-transport_wt-f2030_old.wcnf,True,True,6979.0,6176.0,9.488085,2.869602,59.720215,46.761532
GAMMA1,railway-transport_wt-r11_old.wcnf,True,True,73964834.0,68500007.0,54.235723,20.400741,59.981823,46.608141
GAMMA1,railway-transport_wt-wg2_old.wcnf,True,True,866.0,979.0,13.894965,12.154847,41.007915,59.744777
GAMMA1,ramsey_wt-ram_k3_n14.ra1_old.wcnf,True,True,3025.0,3025.0,0.072657,0.002011,0.563721,0.488815
GAMMA1,ramsey_wt-ram_k3_n16.ra1_old.wcnf,True,True,7271.0,7271.0,0.026102,0.016064,0.465915,0.455951
GAMMA1,ramsey_wt-ram_k3_n19.ra1_old.wcnf,True,True,20665.0,20665.0,0.047509,0.013901,1.241751,1.201653
GAMMA1,ramsey_wt-ram_k4_n19.ra1_old.wcnf,True,True,1240.0,1240.0,0.096689,0.006956,8.120485,8.152848
GAMMA1,relational-inference_wt-pa-1_old.wcnf,True,True,8282.0,8282.0,4.687011,3.229586,7.158971,6.070456
GAMMA1,relational-inference_wt-pa-2_old.wcnf,True,True,3093.0,3093.0,38.679657,44.846883,38.753257,44.940083
GAMMA1,relational-inference_wt-pa-3_old.wcnf,True,True,2967.0,6544.0,34.577939,36.222345,57.496739,62.765545
GAMMA1,setcover_wt-rail2536_old.wcnf,True,True,2147034.0,2147034.0,1.167363,1.365904,1.167363,1.365904
GAMMA1,setcover_wt-rail4284_old.wcnf,True,True,2119198.0,2119198.0,1.060235,1.059463,1.060235,1.059463
GAMMA1,setcover_wt-rail4872_old.wcnf,True,True,1873139.0,1873139.0,2.159458,0.620425,2.159458,0.620425
GAMMA1,setcover_wt-rail507_old.wcnf,True,True,220.0,223.0,15.965565,15.526609,41.523105,30.654489
GAMMA1,shiftdesign_wt-limits-10-10_data-1_inst-084_30m.sm-extracted_old.wcnf,True,True,49932711.0,49932711.0,10.988424,9.245694,10.988424,9.245694
GAMMA1,shiftdesign_wt-limits-10-10_data-1_inst-137_30m.sm-extracted_old.wcnf,True,True,17244442.0,17244442.0,4.440402,3.937888,4.440402,3.937888
GAMMA1,shiftdesign_wt-limits-10-10_data-1_inst-182_30m.sm-extracted_old.wcnf,True,True,30573006.0,30573006.0,9.468072,9.0946,9.468072,9.0946
GAMMA1,shiftdesign_wt-limits-10-10_data-2_inst-003_30m.sm-extracted_old.wcnf,True,True,41321652.0,41321652.0,11.49043,8.241814,11.49043,8.241814
GAMMA1,shiftdesign_wt-limits-10-10_data-2_inst-025_30m.sm-extracted_old.wcnf,True,True,56212258.0,56212258.0,11.537841,9.920211,11.537841,9.920211
GAMMA1,shiftdesign_wt-limits-10-10_data-2_inst-030_30m.sm-extracted_old.wcnf,True,True,122128224.0,122128224.0,22.926491,20.651264,22.926491,20.651264
GAMMA1,shiftdesign_wt-limits-10-10_data-3_inst-002_30m.sm-extracted_old.wcnf,True,True,35896155.0,35896155.0,7.987121,6.237056,7.987121,6.237056
GAMMA1,shiftdesign_wt-limits-10-10_data-3_inst-003_30m.sm-extracted_old.wcnf,True,True,28190618.0,28190618.0,6.261324,5.2195,6.261324,5.2195
GAMMA1,shiftdesign_wt-limits-10-10_data-4_inst-003_60m.sm-extracted_old.wcnf,True,True,87521039.0,87521039.0,17.375027,12.108917,17.375027,12.108917
GAMMA1,spot5_wt-1401.wcsp.log_old.wcnf,True,True,468096.0,465097.0,0.028258,0.014827,7.602884,54.29012
GAMMA1,spot5_wt-1403.wcsp.dir_old.wcnf,True,True,477264.0,472261.0,0.075754,0.01589,0.144338,30.542319
GAMMA1,spot5_wt-1403.wcsp.log_old.wcnf,True,True,469238.0,467248.0,0.075896,0.018932,34.774426,42.718183
GAMMA1,spot5_wt-1405.wcsp.dir_old.wcnf,True,True,475458.0,473434.0,0.143778,0.023168,0.334534,47.98376
GAMMA1,spot5_wt-1506.wcsp.log_old.wcnf,True,True,360527.0,360527.0,0.050051,0.024566,34.504252,50.023121
GAMMA1,spot5_wt-5.wcsp.log_old.wcnf,True,True,270.0,268.0,0.045271,0.013327,0.050523,0.014648
GAMMA1,staff-scheduling_wt-instance10_old.wcnf,True,True,6550.0,6625.0,2.555672,2.593758,57.699272,35.585468
GAMMA1,staff-scheduling_wt-instance11_old.wcnf,True,True,3653.0,3653.0,1.199861,1.117603,22.795963,26.192266
GAMMA1,staff-scheduling_wt-instance12_old.wcnf,True,True,7671.0,7671.0,4.145644,4.046243,13.842314,13.276403
GAMMA1,staff-scheduling_wt-instance2_old.wcnf,True,True,838.0,838.0,0.036385,0.01683,3.616591,3.649848
GAMMA1,staff-scheduling_wt-instance3_old.wcnf,True,True,1026.0,1026.0,0.105129,0.048388,15.43724,15.459062
GAMMA1,staff-scheduling_wt-instance4_old.wcnf,True,True,1740.0,1740.0,0.093881,0.027044,41.333579,40.826253
GAMMA1,staff-scheduling_wt-instance5_old.wcnf,True,True,1287.0,1287.0,0.130588,0.076802,25.431748,25.506494
GAMMA1,staff-scheduling_wt-instance6_old.wcnf,True,True,2081.0,2081.0,0.141338,0.094006,10.601762,10.746263
GAMMA1,staff-scheduling_wt-instance7_old.wcnf,True,True,1178.0,1178.0,0.216248,0.196922,46.44659,46.330487
GAMMA1,staff-scheduling_wt-instance8_old.wcnf,True,True,2848.0,2848.0,0.687515,0.552451,20.639971,18.772242
GAMMA1,staff-scheduling_wt-instance9_old.wcnf,True,True,2161.0,2161.0,1.848458,1.678886,47.606658,42.230861
GAMMA1,switchingactivitymaximization-SwitchingActivityMaximization_OpenRISC1200_100_old.wcnf,True,True,392.0,392.0,1.088075,1.127645,1.088075,1.127645
GAMMA1,switchingactivitymaximization-SwitchingActivityMaximization_OpenRISC1200_150_old.wcnf,True,True,528.0,528.0,1.231364,1.05134,1.231364,1.05134
GAMMA1,switchingactivitymaximization-SwitchingActivityMaximization_OpenRISC1200_200_old.wcnf,True,True,602.0,602.0,2.059893,1.976946,2.059893,1.976946
GAMMA1,switchingactivitymaximization-SwitchingActivityMaximization_OpenRISC1200_66_old.wcnf,True,True,228.0,228.0,2.321311,2.082925,2.321311,2.082925
GAMMA1,switchingactivitymaximization-SwitchingActivityMaximization_OpenRISC1200_68_old.wcnf,True,True,193.0,193.0,1.591115,1.282065,1.591115,1.282065
GAMMA1,switchingactivitymaximization-SwitchingActivityMaximization_OpenRISC1200_70_old.wcnf,True,True,240.0,240.0,1.483199,1.396446,1.483199,1.396446
GAMMA1,switchingactivitymaximization-SwitchingActivityMaximization_OpenRISC1200_72_old.wcnf,True,True,202.0,202.0,1.982442,3.398955,1.982442,3.398955
GAMMA1,switchingactivitymaximization-SwitchingActivityMaximization_OpenRISC1200_80_old.wcnf,True,True,306.0,306.0,2.450808,1.388191,2.450808,1.388191
GAMMA1,switchingactivitymaximization-SwitchingActivityMaximization_OpenRISC1200_90_old.wcnf,True,True,283.0,283.0,6.267462,1.094571,6.267462,1.094571
GAMMA1,tcp_wt-tcp_students_112_it_2_old.wcnf,True,True,3699.0,3699.0,1.227663,1.181166,44.964902,44.701956
GAMMA1,timetabling_wt-comp02_old.wcnf,True,True,136.0,136.0,1.846114,1.923342,9.246761,10.110252
GAMMA1,timetabling_wt-comp09_old.wcnf,True,True,135.0,135.0,1.37508,1.000321,27.184037,28.391331
GAMMA1,timetabling_wt-comp12_old.wcnf,True,True,560.0,560.0,1.452485,0.710095,33.581973,30.014929
GAMMA1,timetabling_wt-dds4_old.wcnf,False,False,,,,,,
GAMMA15,MaxSATQueriesinInterpretableClassifiers_wt-credit_train_8_CNF_5_20_old.wcnf,True,True,96480.0,413504.0,15.021479,9.856453,43.861201,59.960221
GAMMA15,MaxSATQueriesinInterpretableClassifiers_wt-pima_train_6_CNF_3_20_old.wcnf,True,True,3310.0,3291.0,0.044567,0.026866,33.395268,58.550272
GAMMA15,MaxSATQueriesinInterpretableClassifiers_wt-toms_test_2_CNF_3_20_old.wcnf,True,True,195.0,195.0,0.609756,0.607181,7.252474,8.151132
GAMMA15,MinimumWeightDominatingSetProblem_wt-bn-human-BNU_1_0025865_session_1-bg_old.wcnf,True,True,140539244.0,140539244.0,6.239282,9.359624,6.239282,9.359624
GAMMA15,MinimumWeightDominatingSetProblem_wt-channel-500x100x100-b050_old.wcnf,True,True,478624478.0,479191985.0,21.004552,27.09734,60.487852,61.73734
GAMMA15,MinimumWeightDominatingSetProblem_wt-delaunay_n24_old.wcnf,True,True,1685918983.0,1685918983.0,50.026828,49.533929,62.178028,60.670929
GAMMA15,MinimumWeightDominatingSetProblem_wt-hugebubbles-00020_old.wcnf,True,False,2130406259.0,,31.237817,,31.237817,
GAMMA15,MinimumWeightDominatingSetProblem_wt-inf-road-usa_old.wcnf,True,True,2406704625.0,2406704625.0,26.741276,30.650201,26.741276,30.650201
GAMMA15,MinimumWeightDominatingSetProblem_wt-rgg_n_2_24_s0_old.wcnf,True,True,1686108752.0,1686108752.0,45.573177,44.85252,45.573177,44.85252
GAMMA15,MinimumWeightDominatingSetProblem_wt-sc-rel9_old.wcnf,True,True,593056574.0,593623407.0,35.612281,36.55966,61.275281,60.09836
GAMMA15,MinimumWeightDominatingSetProblem_wt-soc-livejournal-user-groups_old.wcnf,True,True,752647274.0,752647274.0,26.920119,26.799104,26.920119,26.799104
GAMMA15,MinimumWeightDominatingSetProblem_wt-web-wikipedia2009_old.wcnf,True,True,174611880.0,35092853.0,11.480486,9.976363,60.605716,13.189583
GAMMA15,ParametricRBACMaintenance_mse20_wt-role_domino_multiple_0.1_8_old.wcnf,True,True,47682.0,47682.0,2.163202,2.261912,12.370532,12.955312
GAMMA15,ParametricRBACMaintenance_mse20_wt-role_domino_multiple_0.2_0_old.wcnf,True,True,74189.0,74189.0,2.160493,2.027345,9.582683,9.872375
GAMMA15,ParametricRBACMaintenance_mse20_wt-role_domino_multiple_0.5_1_old.wcnf,True,True,144463.0,144463.0,3.119143,1.950894,10.266053,8.175094
GAMMA15,ParametricRBACMaintenance_mse20_wt-role_domino_multiple_0.6_8_old.wcnf,True,True,159871.0,159871.0,2.134829,1.987627,11.652069,11.700157
GAMMA15,ParametricRBACMaintenance_mse20_wt-role_smallcomp_multiple_0.7_2_old.wcnf,True,True,277373.0,277436.0,12.558033,12.527497,58.706988,24.87199
GAMMA15,ParametricRBACMaintenance_mse20_wt-role_smallcomp_multiple_0.7_6_old.wcnf,True,True,252179.0,252179.0,0.029064,0.009999,3.486914,3.476307
GAMMA15,ParametricRBACMaintenance_mse20_wt-role_smallcomp_multiple_0.8_1_old.wcnf,True,True,350793.0,350793.0,0.027103,0.009543,10.317219,10.73049
GAMMA15,ParametricRBACMaintenance_mse20_wt-role_smallcomp_multiple_0.9_6_old.wcnf,True,True,282321.0,282321.0,0.051007,0.257178,0.191686,0.398292
GAMMA15,ParametricRBACMaintenance_mse20_wt-role_university_multiple_0.1_1_old.wcnf,True,True,63653.0,123016.0,2.951354,33.212504,11.422634,59.738344
GAMMA15,ParametricRBACMaintenance_mse20_wt-role_university_multiple_0.4_7_old.wcnf,True,True,234414.0,409213.0,4.696812,55.57754,11.854412,59.97941
GAMMA15,ParametricRBACMaintenance_mse20_wt-role_university_multiple_0.5_4_old.wcnf,True,True,215348.0,215348.0,3.291607,2.656163,13.458707,11.335083
GAMMA15,ParametricRBACMaintenance_mse20_wt-role_university_multiple_0.5_5_old.wcnf,True,True,198362.0,198362.0,3.076692,3.187458,12.371532,11.727878
GAMMA15,ParametricRBACMaintenance_mse20_wt-role_university_multiple_0.5_7_old.wcnf,True,True,263585.0,263585.0,3.979872,3.915513,9.758902,9.908273
GAMMA15,abstraction-refinement_wt-downcast-antlr_old.wcnf,True,False,79566.0,,9.610021,31.749621,9.610021,34.411621
GAMMA15,abstraction-refinement_wt-downcast-avrora_old.wcnf,True,True,49759.0,49759.0,14.415457,17.277191,18.520547,21.425581
GAMMA15,abstraction-refinement_wt-downcast-hsqldb_old.wcnf,True,True,32293.0,34922.0,31.648643,17.360641,40.549243,17.360641
GAMMA15,abstraction-refinement_wt-downcast-pmd_old.wcnf,True,True,6287.0,6287.0,31.192836,45.298239,41.553736,56.953639
GAMMA15,abstraction-refinement_wt-downcast-xalan_old.wcnf,True,True,65593.0,67710.0,16.6016,20.884108,59.13149,25.669128
GAMMA15,abstraction-refinement_wt-polysite-avrora_old.wcnf,True,True,55020.0,55020.0,16.46761,14.731794,20.44499,18.727174
GAMMA15,abstraction-refinement_wt-polysite-bloat_old.wcnf,True,True,2397.0,4948.0,45.862395,36.418223,61.341495,36.418223
GAMMA15,abstraction-refinement_wt-polysite-hsqldb_old.wcnf,True,True,177778.0,175624.0,14.378859,35.928106,14.378859,45.549706
GAMMA15,abstraction-refinement_wt-polysite-pmd_old.wcnf,True,True,190826.0,190826.0,26.473427,27.525295,34.166027,34.585395
GAMMA15,abstraction-refinement_wt-polysite-xalan_old.wcnf,True,True,117742.0,117742.0,22.222937,19.833764,27.096837,24.782824
GAMMA15,causal-discovery_wt-causal_Link_10_10000_old.wcnf,True,True,39112847.0,39112847.0,3.546758,3.32054,14.887858,14.63554
GAMMA15,causal-discovery_wt-causal_Link_10_1000_old.wcnf,True,True,33562494.0,33562494.0,3.653289,3.576857,30.145389,29.328267
GAMMA15,causal-discovery_wt-causal_Link_9_100_old.wcnf,True,True,3242187.0,3242187.0,1.996114,0.531762,1.996114,0.531762
GAMMA15,causal-discovery_wt-causal_Mushroom_7_1000_old.wcnf,True,True,9414169.0,9384011.0,0.1554,0.138356,17.869041,24.805676
GAMMA15,causal-discovery_wt-causal_Pigs_6_1000_old.wcnf,True,True,35110976.0,35110976.0,0.604325,0.176059,0.604325,0.176059
GAMMA15,causal-discovery_wt-causal_Water_10_1000_old.wcnf,True,True,45193159.0,45193159.0,3.237911,3.347027,11.619061,11.648107
GAMMA15,causal-discovery_wt-causal_alarm_9_1000_old.wcnf,True,True,36049513.0,36049513.0,1.268197,1.211104,10.24051,10.793017
GAMMA15,causal-discovery_wt-causal_carpo_8_1000_old.wcnf,True,True,2244087.0,2244087.0,0.460445,0.415063,59.12291,10.110804
GAMMA15,correlation-clustering_wt-Rounded_CorrelationClustering_Ionosphere_BINARY_N260_D0.200_old.wcnf,True,True,7014701.0,7014701.0,0.449744,0.46746,7.573165,7.957076
GAMMA15,correlation-clustering_wt-Rounded_CorrelationClustering_Protein1_UNARY_N290_old.wcnf,True,True,32090014.0,32090014.0,4.987195,5.916723,6.811545,7.809843
GAMMA15,correlation-clustering_wt-Rounded_CorrelationClustering_Protein2_BINARY_N220_old.wcnf,True,True,14004102.0,14004102.0,0.195893,0.237444,8.168712,8.485563
GAMMA15,correlation-clustering_wt-Rounded_CorrelationClustering_Protein2_BINARY_N240_old.wcnf,True,True,16116883.0,16116883.0,0.206399,1.271988,8.4641,9.640618
GAMMA15,correlation-clustering_wt-Rounded_CorrelationClustering_Protein2_BINARY_N380_old.wcnf,True,True,39198852.0,39752461.0,0.516161,0.532292,12.039557,12.551247
GAMMA15,correlation-clustering_wt-Rounded_CorrelationClustering_Protein2_UNARY_N220_old.wcnf,True,True,21300102.0,23179718.0,2.815447,11.686657,3.672867,11.686657
GAMMA15,correlation-clustering_wt-Rounded_CorrelationClustering_Protein3_TRANSITIVE_N280_old.wcnf,True,True,185255761.0,184112273.0,9.352062,11.591858,30.006912,46.412468
GAMMA15,correlation-clustering_wt-Rounded_CorrelationClustering_Protein3_UNARY_N220_old.wcnf,True,True,19154505.0,19154505.0,2.514262,2.802026,4.591722,5.395356
GAMMA15,correlation-clustering_wt-Rounded_CorrelationClustering_Protein4_BINARY_N320_old.wcnf,True,True,14733167.0,14733167.0,0.208796,0.957749,7.974472,8.638854
GAMMA15,correlation-clustering_wt-Rounded_CorrelationClustering_Protein4_UNARY_N250_old.wcnf,True,True,11103273.0,20419164.0,2.533845,14.843333,11.481845,14.843333
GAMMA15,correlation-clustering_wt-Rounded_CorrelationClustering_Vowel_BINARY_N700_D0.200_old.wcnf,True,True,75201247.0,822078090.0,2.389101,34.144446,2.576081,34.144446
GAMMA15,correlation-clustering_wt-Rounded_CorrelationClustering_Vowel_BINARY_N800_D0.200_old.wcnf,True,True,86276967.0,1169882030.0,3.327337,32.487258,8.202637,32.487258
GAMMA15,decision-tree-anneal-un-formula_0.8_2021_atleast_31_max-4_reduced_incomplete_adaboost_3_old.wcnf,True,True,355.0,592.0,1.553209,21.956904,3.154289,21.956904
GAMMA15,decision-tree-anneal-un-formula_0.8_2021_atleast_31_max-4_reduced_incomplete_adaboost_5_old.wcnf,True,True,762.0,792.0,1.528031,17.943384,8.742101,17.943384
GAMMA15,decision-tree-australian-credit-un-formula_0.8_2021_atleast_31_max-4_reduced_incomplete_adaboost_5_old.wcnf,True,True,575.0,575.0,2.22725,2.31198,4.0739,4.24274
GAMMA15,decision-tree-heart-cleveland-un-formula_0.8_2021_atleast_127_max-6_reduced_incomplete_adaboost_2_old.wcnf,True,True,139.0,139.0,3.043973,23.010513,3.043973,23.010513
GAMMA15,decision-tree-heart-cleveland-un-formula_0.8_2021_atleast_15_max-3_reduced_incomplete_adaboost_4_old.wcnf,True,True,138.0,138.0,0.31645,3.486682,0.501206,3.671861
GAMMA15,decision-tree-heart-cleveland-un-formula_0.8_2021_atleast_31_max-4_reduced_incomplete_adaboost_4_old.wcnf,True,True,146.0,187.0,0.730533,10.220844,1.028816,10.220844
GAMMA15,decision-tree-heart-cleveland-un-formula_0.8_2021_atleast_31_max-4_reduced_incomplete_adaboost_6_old.wcnf,True,True,240.0,240.0,0.759052,2.994878,1.454042,3.720302
GAMMA15,decision-tree-primary-tumor-un-formula_0.8_2021_atleast_127_max-6_reduced_incomplete_adaboost_2_old.wcnf,True,True,113.0,113.0,3.559732,2.878864,5.835292,5.026754
GAMMA15,decision-tree-primary-tumor-un-formula_0.8_2021_atleast_127_max-6_reduced_incomplete_adaboost_4_old.wcnf,True,True,212.0,269.0,4.117007,4.235053,4.258837,4.235053
GAMMA15,decision-tree-primary-tumor-un-formula_0.8_2021_atleast_15_max-3_reduced_incomplete_adaboost_2_old.wcnf,True,True,84.0,84.0,0.138589,0.115688,4.743873,4.710768
GAMMA15,decision-tree-primary-tumor-un-formula_0.8_2021_atleast_31_max-4_reduced_incomplete_adaboost_4_old.wcnf,True,True,155.0,155.0,0.272315,1.121681,4.112743,4.979934
GAMMA15,decision-tree-primary-tumor-un-formula_0.8_2021_atleast_63_max-5_reduced_incomplete_adaboost_6_old.wcnf,True,True,338.0,338.0,0.812037,1.567312,1.644059,2.44838
GAMMA15,decision-tree-tic-tac-toe-un-formula_0.8_2021_atleast_15_max-3_reduced_incomplete_adaboost_2_old.wcnf,True,True,335.0,335.0,0.280565,0.41097,0.432684,0.555076
GAMMA15,decision-tree-tic-tac-toe-un-formula_0.8_2021_atleast_15_max-3_reduced_incomplete_adaboost_3_old.wcnf,True,True,443.0,443.0,0.324483,0.25038,0.400081,0.327171
GAMMA15,decision-tree-tic-tac-toe-un-formula_0.8_2021_atleast_31_max-4_reduced_incomplete_adaboost_2_old.wcnf,True,True,286.0,286.0,0.444517,1.115546,0.444517,1.115546
GAMMA15,drmx-cryptogen_wt-geffe128_7_old.wcnf,True,True,811.0,811.0,0.019867,0.007089,29.304254,29.331987
GAMMA15,generalized-ising_wt-IS11_5.0.5.0.0.5_softer_periodic_old.wcnf,True,True,112229069992697.0,112229069992697.0,0.051307,0.107729,0.668252,0.723104
GAMMA15,generalized-ising_wt-IS12_5.0.5.0.0.5_softer_periodic_old.wcnf,True,True,113171466486232.0,113171466486232.0,0.233224,0.064783,0.239781,0.071309
GAMMA15,generalized-ising_wt-IS13_5.0.5.0.0.5_softer_periodic_old.wcnf,True,True,119401387482250.0,119401387482250.0,0.081375,0.133309,0.085178,0.136713
GAMMA15,generalized-ising_wt-IS15_5.0.5.0.0.5_softer_periodic_old.wcnf,True,True,114658059944605.0,114658059944605.0,0.106127,0.092469,0.111152,0.097049
GAMMA15,generalized-ising_wt-IS16_5.0.5.0.0.5_softer_periodic_old.wcnf,True,True,115258059944605.0,115258059944605.0,0.381611,0.345615,6.466168,6.355894
GAMMA15,generalized-ising_wt-IS17_5.0.5.0.0.5_softer_periodic_old.wcnf,True,True,115902780531937.0,115902780531937.0,0.058803,0.046581,14.651764,14.576257
GAMMA15,generalized-ising_wt-IS20_5.0.5.0.0.5_softer_periodic_old.wcnf,True,True,119388436533623.0,119388436533623.0,0.079473,0.048979,0.120177,0.088707
GAMMA15,generalized-ising_wt-IS22_5.0.5.0.0.5_softer_periodic_old.wcnf,True,True,119112776308211.0,119112776308211.0,0.048958,0.183149,0.059808,0.193846
GAMMA15,generalized-ising_wt-IS23_5.0.5.0.0.5_softer_periodic_old.wcnf,True,True,118663520151734.0,118663520151734.0,0.050812,0.050512,0.113351,0.111279
GAMMA15,generalized-ising_wt-IS3_5.0.5.0.0.5_softer_periodic_old.wcnf,True,True,116804575996363.0,116804575996363.0,0.136658,0.79685,6.525039,7.148252
GAMMA15,generalized-ising_wt-IS4_5.0.5.0.0.5_softer_periodic_old.wcnf,True,True,115857504490177.0,115857504490177.0,0.080799,0.034867,0.119734,0.0727
GAMMA15,generalized-ising_wt-IS5_5.0.5.0.0.5_softer_periodic_old.wcnf,True,True,114843630201223.0,114843630201223.0,0.058437,0.048557,0.54742,0.531228
GAMMA15,generalized-ising_wt-IS6_5.0.5.0.0.5_softer_periodic_old.wcnf,True,True,113797656078091.0,113797656078091.0,0.05406,0.314044,0.125752,0.386335
GAMMA15,generalized-ising_wt-IS7_5.0.5.0.0.5_softer_periodic_old.wcnf,True,True,112706601923009.0,112706601923009.0,0.053455,0.251271,0.085407,0.283234
GAMMA15,generalized-ising_wt-IS9_5.0.5.0.0.5_softer_periodic_old.wcnf,True,True,110066981524169.0,110066981524169.0,0.078338,1.637057,0.115075,1.673784
GAMMA15,hs-timetabling_wt-BrazilInstance1.xml_old.wcnf,True,True,117.0,117.0,0.102949,0.089254,41.348795,41.221932
GAMMA15,hs-timetabling_wt-BrazilInstance2.xml_old.wcnf,True,True,149.0,149.0,0.231236,0.207895,50.061829,49.906968
GAMMA15,hs-timetabling_wt-BrazilInstance4.xml_old.wcnf,True,True,267.0,267.0,1.486495,1.426154,1.486495,1.426154
GAMMA15,hs-timetabling_wt-BrazilInstance5.xml_old.wcnf,True,True,490.0,490.0,1.216193,0.67563,29.200132,29.001057
GAMMA15,hs-timetabling_wt-BrazilInstance6.xml_old.wcnf,True,True,546.0,546.0,0.852152,0.793319,55.44878,55.634486
GAMMA15,hs-timetabling_wt-BrazilInstance7.xml_old.wcnf,True,True,889.0,889.0,1.143801,1.063344,49.743412,49.765925
GAMMA15,hs-timetabling_wt-FinlandSecondarySchool.xml_old.wcnf,True,True,817.0,817.0,1.51645,1.467213,1.51645,1.467213
GAMMA15,hs-timetabling_wt-ItalyInstance4.xml_old.wcnf,True,True,12143.0,12143.0,9.223397,9.381078,19.116237,19.627928
GAMMA15,judgment-aggregation-ja-kemeny-preflib-00049-00000300_old.wcnf,True,True,793.0,852.0,0.27009,0.703271,44.989536,59.992261
GAMMA15,judgment-aggregation-ja-kemeny-preflib-00049-00000334_old.wcnf,True,True,612.0,605.0,0.151844,1.715686,52.27211,44.325084
GAMMA15,judgment-aggregation-ja-kemeny-preflib-00049-00000451_old.wcnf,True,True,1020.0,1127.0,0.917298,8.567329,50.607433,46.569033
GAMMA15,judgment-aggregation-ja-kemeny-preflib-00049-00000454_old.wcnf,True,True,715.0,725.0,0.291752,0.686241,57.87245,58.930683
GAMMA15,judgment-aggregation-ja-kemeny-preflib-00051-00000011_old.wcnf,True,True,779.0,739.0,1.490124,3.441103,58.898048,58.378804
GAMMA15,max-realizability_wt-power-distribution_11_7_old.wcnf,True,True,126.0,126.0,0.534698,3.018588,1.179387,3.644397
GAMMA15,max-realizability_wt-power-distribution_12_8_old.wcnf,True,True,216.0,216.0,1.314513,1.524065,1.783352,2.032609
GAMMA15,max-realizability_wt-robot-navigation_10_old.wcnf,True,True,39.0,39.0,10.870491,11.769507,10.870491,11.769507
GAMMA15,metro_wt-metro_8_8_5_20_10_6_500_1_3.lp.sm-extracted_old.wcnf,True,True,215.0,215.0,6.37451,6.355423,10.40372,10.368693
GAMMA15,mpe_wt-random-net-50-5_network-8.net_old.wcnf,True,True,48330.0,47386.0,0.074281,0.03042,33.219044,53.928161
GAMMA15,pseudoBoolean_wt-normalized-mps-v2-20-10-sentoy.opb.msat_old.wcnf,True,True,9460.0,9460.0,0.261517,0.059392,0.261517,0.059392
GAMMA15,railway-transport_wt-bf2030fvslack_old.wcnf,True,True,561747.0,264715.0,58.007234,19.91373,58.007234,35.35482
GAMMA15,railway-transport_wt-f2030_old.wcnf,True,True,6979.0,9274.0,9.488085,6.499639,59.720215,7.002129
GAMMA15,railway-transport_wt-r11_old.wcnf,True,True,73964834.0,68463439.0,54.235723,22.174898,59.981823,58.473198
GAMMA15,railway-transport_wt-wg2_old.wcnf,True,True,866.0,951.0,13.894965,12.669886,41.007915,55.670676
GAMMA15,ramsey_wt-ram_k3_n14.ra1_old.wcnf,True,True,3025.0,3025.0,0.072657,0.015321,0.563721,0.499731
GAMMA15,ramsey_wt-ram_k3_n16.ra1_old.wcnf,True,True,7271.0,7271.0,0.026102,0.01592,0.465915,0.456684
GAMMA15,ramsey_wt-ram_k3_n19.ra1_old.wcnf,True,True,20665.0,20665.0,0.047509,0.004606,1.241751,1.195423
GAMMA15,ramsey_wt-ram_k4_n19.ra1_old.wcnf,True,True,1240.0,1240.0,0.096689,0.137445,8.120485,8.135384
GAMMA15,relational-inference_wt-pa-1_old.wcnf,True,True,8282.0,8282.0,4.687011,3.637083,7.158971,6.337453
GAMMA15,relational-inference_wt-pa-2_old.wcnf,True,True,3093.0,391009241.0,38.679657,10.566392,38.753257,10.566392
GAMMA15,relational-inference_wt-pa-3_old.wcnf,True,True,2967.0,446468655.0,34.577939,17.039578,57.496739,17.039578
GAMMA15,setcover_wt-rail2536_old.wcnf,True,True,2147034.0,2147034.0,1.167363,1.499722,1.167363,1.499722
GAMMA15,setcover_wt-rail4284_old.wcnf,True,True,2119198.0,2119198.0,1.060235,0.752105,1.060235,0.752105
GAMMA15,setcover_wt-rail4872_old.wcnf,True,True,1873139.0,1873139.0,2.159458,0.751761,2.159458,0.751761
GAMMA15,setcover_wt-rail507_old.wcnf,True,True,220.0,229.0,15.965565,2.961551,41.523105,11.339291
GAMMA15,shiftdesign_wt-limits-10-10_data-1_inst-084_30m.sm-extracted_old.wcnf,True,True,49932711.0,49932711.0,10.988424,10.09233,10.988424,10.09233
GAMMA15,shiftdesign_wt-limits-10-10_data-1_inst-137_30m.sm-extracted_old.wcnf,True,True,17244442.0,17244442.0,4.440402,4.874454,4.440402,4.874454
GAMMA15,shiftdesign_wt-limits-10-10_data-1_inst-182_30m.sm-extracted_old.wcnf,True,True,30573006.0,30573006.0,9.468072,8.072592,9.468072,8.072592
GAMMA15,shiftdesign_wt-limits-10-10_data-2_inst-003_30m.sm-extracted_old.wcnf,True,True,41321652.0,41321652.0,11.49043,9.074803,11.49043,9.074803
GAMMA15,shiftdesign_wt-limits-10-10_data-2_inst-025_30m.sm-extracted_old.wcnf,True,True,56212258.0,56212258.0,11.537841,11.76315,11.537841,11.76315
GAMMA15,shiftdesign_wt-limits-10-10_data-2_inst-030_30m.sm-extracted_old.wcnf,True,True,122128224.0,122128224.0,22.926491,21.879738,22.926491,21.879738
GAMMA15,shiftdesign_wt-limits-10-10_data-3_inst-002_30m.sm-extracted_old.wcnf,True,True,35896155.0,35896155.0,7.987121,6.985165,7.987121,6.985165
GAMMA15,shiftdesign_wt-limits-10-10_data-3_inst-003_30m.sm-extracted_old.wcnf,True,True,28190618.0,28190618.0,6.261324,5.838656,6.261324,5.838656
GAMMA15,shiftdesign_wt-limits-10-10_data-4_inst-003_60m.sm-extracted_old.wcnf,True,True,87521039.0,87521039.0,17.375027,11.783634,17.375027,11.783634
GAMMA15,spot5_wt-1401.wcsp.log_old.wcnf,True,True,468096.0,467098.0,0.028258,0.019654,7.602884,44.537672
GAMMA15,spot5_wt-1403.wcsp.dir_old.wcnf,True,True,477264.0,471264.0,0.075754,0.027378,0.144338,0.261281
GAMMA15,spot5_wt-1403.wcsp.log_old.wcnf,True,True,469238.0,467244.0,0.075896,0.760093,34.774426,11.478334
GAMMA15,spot5_wt-1405.wcsp.dir_old.wcnf,True,True,475458.0,487439.0,0.143778,0.033179,0.334534,24.905817
GAMMA15,spot5_wt-1506.wcsp.log_old.wcnf,True,True,360527.0,361535.0,0.050051,0.037272,34.504252,27.650312
GAMMA15,spot5_wt-5.wcsp.log_old.wcnf,True,True,270.0,268.0,0.045271,0.02603,0.050523,0.035232
GAMMA15,staff-scheduling_wt-instance10_old.wcnf,True,True,6550.0,6625.0,2.555672,2.466174,57.699272,36.482224
GAMMA15,staff-scheduling_wt-instance11_old.wcnf,True,True,3653.0,3653.0,1.199861,1.142592,22.795963,24.941315
GAMMA15,staff-scheduling_wt-instance12_old.wcnf,True,True,7671.0,7671.0,4.145644,4.072204,13.842314,13.269164
GAMMA15,staff-scheduling_wt-instance2_old.wcnf,True,True,838.0,838.0,0.036385,0.028542,3.616591,3.596446
GAMMA15,staff-scheduling_wt-instance3_old.wcnf,True,True,1026.0,1026.0,0.105129,0.060055,15.43724,15.282117
GAMMA15,staff-scheduling_wt-instance4_old.wcnf,True,True,1740.0,1740.0,0.093881,0.036598,41.333579,41.126025
GAMMA15,staff-scheduling_wt-instance5_old.wcnf,True,True,1287.0,1287.0,0.130588,0.092234,25.431748,25.637273
GAMMA15,staff-scheduling_wt-instance6_old.wcnf,True,True,2081.0,2081.0,0.141338,0.107791,10.601762,10.823491
GAMMA15,staff-scheduling_wt-instance7_old.wcnf,True,True,1178.0,1178.0,0.216248,0.14314,46.44659,46.592461
GAMMA15,staff-scheduling_wt-instance8_old.wcnf,True,True,2848.0,2848.0,0.687515,0.590275,20.639971,19.220302
GAMMA15,staff-scheduling_wt-instance9_old.wcnf,True,True,2161.0,2161.0,1.848458,1.777317,47.606658,42.698661
GAMMA15,switchingactivitymaximization-SwitchingActivityMaximization_OpenRISC1200_100_old.wcnf,True,True,392.0,392.0,1.088075,1.179038,1.088075,1.179038
GAMMA15,switchingactivitymaximization-SwitchingActivityMaximization_OpenRISC1200_150_old.wcnf,True,True,528.0,528.0,1.231364,0.86985,1.231364,0.86985
GAMMA15,switchingactivitymaximization-SwitchingActivityMaximization_OpenRISC1200_200_old.wcnf,True,True,602.0,602.0,2.059893,1.279508,2.059893,1.279508
GAMMA15,switchingactivitymaximization-SwitchingActivityMaximization_OpenRISC1200_66_old.wcnf,True,True,228.0,228.0,2.321311,0.885,2.321311,0.885
GAMMA15,switchingactivitymaximization-SwitchingActivityMaximization_OpenRISC1200_68_old.wcnf,True,True,193.0,193.0,1.591115,3.752205,1.591115,3.752205
GAMMA15,switchingactivitymaximization-SwitchingActivityMaximization_OpenRISC1200_70_old.wcnf,True,True,240.0,240.0,1.483199,0.853292,1.483199,0.853292
GAMMA15,switchingactivitymaximization-SwitchingActivityMaximization_OpenRISC1200_72_old.wcnf,True,True,202.0,202.0,1.982442,0.867718,1.982442,0.867718
GAMMA15,switchingactivitymaximization-SwitchingActivityMaximization_OpenRISC1200_80_old.wcnf,True,True,306.0,306.0,2.450808,0.87107,2.450808,0.87107
GAMMA15,switchingactivitymaximization-SwitchingActivityMaximization_OpenRISC1200_90_old.wcnf,True,True,283.0,283.0,6.267462,2.185373,6.267462,2.185373
GAMMA15,tcp_wt-tcp_students_112_it_2_old.wcnf,True,True,3699.0,3699.0,1.227663,0.26329,44.964902,45.160391
GAMMA15,timetabling_wt-comp02_old.wcnf,True,True,136.0,136.0,1.846114,0.927888,9.246761,8.96471
GAMMA15,timetabling_wt-comp09_old.wcnf,True,True,135.0,135.0,1.37508,0.909065,27.184037,28.932996
GAMMA15,timetabling_wt-comp12_old.wcnf,True,True,560.0,560.0,1.452485,0.623802,33.581973,30.586997
GAMMA15,timetabling_wt-dds4_old.wcnf,False,False,,,,,,
HL2000,MaxSATQueriesinInterpretableClassifiers_wt-credit_train_8_CNF_5_20_old.wcnf,True,True,96480.0,96480.0,15.021479,14.16456,43.861201,42.846097
HL2000,MaxSATQueriesinInterpretableClassifiers_wt-pima_train_6_CNF_3_20_old.wcnf,True,True,3310.0,3310.0,0.044567,0.019888,33.395268,33.031013
HL2000,MaxSATQueriesinInterpretableClassifiers_wt-toms_test_2_CNF_3_20_old.wcnf,True,True,195.0,195.0,0.609756,0.54183,7.252474,6.984153
HL2000,MinimumWeightDominatingSetProblem_wt-bn-human-BNU_1_0025865_session_1-bg_old.wcnf,True,True,140539244.0,140539244.0,6.239282,4.669632,6.239282,4.669632
HL2000,MinimumWeightDominatingSetProblem_wt-channel-500x100x100-b050_old.wcnf,True,True,478624478.0,478435131.0,21.004552,19.013306,60.487852,60.034106
HL2000,MinimumWeightDominatingSetProblem_wt-delaunay_n24_old.wcnf,True,True,1685918983.0,1685918983.0,50.026828,49.510075,62.178028,60.495975
HL2000,MinimumWeightDominatingSetProblem_wt-hugebubbles-00020_old.wcnf,True,True,2130406259.0,2130406259.0,31.237817,21.805091,31.237817,21.805091
HL2000,MinimumWeightDominatingSetProblem_wt-inf-road-usa_old.wcnf,True,False,2406704625.0,,26.741276,48.554317,26.741276,64.167817
HL2000,MinimumWeightDominatingSetProblem_wt-rgg_n_2_24_s0_old.wcnf,True,True,1686108752.0,1686108752.0,45.573177,21.490627,45.573177,21.490627
HL2000,MinimumWeightDominatingSetProblem_wt-sc-rel9_old.wcnf,True,True,593056574.0,592867377.0,35.612281,31.572701,61.275281,60.986201
HL2000,MinimumWeightDominatingSetProblem_wt-soc-livejournal-user-groups_old.wcnf,True,True,752647274.0,752647274.0,26.920119,19.182333,26.920119,19.182333
HL2000,MinimumWeightDominatingSetProblem_wt-web-wikipedia2009_old.wcnf,True,True,174611880.0,35092853.0,11.480486,10.928641,60.605716,14.378621
HL2000,ParametricRBACMaintenance_mse20_wt-role_domino_multiple_0.1_8_old.wcnf,True,True,47682.0,47682.0,2.163202,1.835547,12.370532,11.652637
HL2000,ParametricRBACMaintenance_mse20_wt-role_domino_multiple_0.2_0_old.wcnf,True,True,74189.0,72339.0,2.160493,1.913523,9.582683,12.361983
HL2000,ParametricRBACMaintenance_mse20_wt-role_domino_multiple_0.5_1_old.wcnf,True,True,144463.0,144463.0,3.119143,1.882539,10.266053,7.374649
HL2000,ParametricRBACMaintenance_mse20_wt-role_domino_multiple_0.6_8_old.wcnf,True,True,159871.0,159871.0,2.134829,1.87159,11.652069,10.8407
HL2000,ParametricRBACMaintenance_mse20_wt-role_smallcomp_multiple_0.7_2_old.wcnf,True,True,277373.0,277373.0,12.558033,12.51657,58.706988,58.020917
HL2000,ParametricRBACMaintenance_mse20_wt-role_smallcomp_multiple_0.7_6_old.wcnf,True,True,252179.0,252179.0,0.029064,0.009908,3.486914,3.47645
HL2000,ParametricRBACMaintenance_mse20_wt-role_smallcomp_multiple_0.8_1_old.wcnf,True,True,350793.0,350793.0,0.027103,0.009544,10.317219,10.298358
HL2000,ParametricRBACMaintenance_mse20_wt-role_smallcomp_multiple_0.9_6_old.wcnf,True,True,282321.0,282321.0,0.051007,0.010097,0.191686,0.15081
HL2000,ParametricRBACMaintenance_mse20_wt-role_university_multiple_0.1_1_old.wcnf,True,True,63653.0,63134.0,2.951354,2.64096,11.422634,13.15271
HL2000,ParametricRBACMaintenance_mse20_wt-role_university_multiple_0.4_7_old.wcnf,True,True,234414.0,234414.0,4.696812,3.575297,11.854412,9.015787
HL2000,ParametricRBACMaintenance_mse20_wt-role_university_multiple_0.5_4_old.wcnf,True,True,215348.0,215348.0,3.291607,2.497322,13.458707,10.872632
HL2000,ParametricRBACMaintenance_mse20_wt-role_university_multiple_0.5_5_old.wcnf,True,True,198362.0,198362.0,3.076692,3.028402,12.371532,12.203862
HL2000,ParametricRBACMaintenance_mse20_wt-role_university_multiple_0.5_7_old.wcnf,True,True,263585.0,263585.0,3.979872,3.764079,9.758902,8.900549
HL2000,abstraction-refinement_wt-downcast-antlr_old.wcnf,True,True,79566.0,78873.0,9.610021,34.497128,9.610021,36.671998
HL2000,abstraction-refinement_wt-downcast-avrora_old.wcnf,True,True,49759.0,49759.0,14.415457,14.780935,18.520547,19.022055
HL2000,abstraction-refinement_wt-downcast-hsqldb_old.wcnf,True,True,32293.0,34922.0,31.648643,14.367808,40.549243,14.367808
HL2000,abstraction-refinement_wt-downcast-pmd_old.wcnf,True,True,6287.0,8791.0,31.192836,13.446189,41.553736,13.446189
HL2000,abstraction-refinement_wt-downcast-xalan_old.wcnf,True,True,65593.0,65615.0,16.6016,16.618066,59.13149,48.493176
HL2000,abstraction-refinement_wt-polysite-avrora_old.wcnf,True,True,55020.0,55020.0,16.46761,14.210736,20.44499,18.318896
HL2000,abstraction-refinement_wt-polysite-bloat_old.wcnf,True,True,2397.0,2397.0,45.862395,44.257687,61.341495,61.832987
HL2000,abstraction-refinement_wt-polysite-hsqldb_old.wcnf,True,True,177778.0,175624.0,14.378859,34.678118,14.378859,45.337518
HL2000,abstraction-refinement_wt-polysite-pmd_old.wcnf,True,True,190826.0,190826.0,26.473427,27.690246,34.166027,37.137546
HL2000,abstraction-refinement_wt-polysite-xalan_old.wcnf,True,True,117742.0,117742.0,22.222937,20.539965,27.096837,25.721545
HL2000,causal-discovery_wt-causal_Link_10_10000_old.wcnf,True,True,39112847.0,39112847.0,3.546758,3.615063,14.887858,15.284593
HL2000,causal-discovery_wt-causal_Link_10_1000_old.wcnf,True,True,33562494.0,33562494.0,3.653289,3.257784,30.145389,29.507354
HL2000,causal-discovery_wt-causal_Link_9_100_old.wcnf,True,True,3242187.0,3242187.0,1.996114,0.509198,1.996114,0.509198
HL2000,causal-discovery_wt-causal_Mushroom_7_1000_old.wcnf,True,True,9414169.0,9414169.0,0.1554,0.283299,17.869041,18.076884
HL2000,causal-discovery_wt-causal_Pigs_6_1000_old.wcnf,True,True,35110976.0,35110976.0,0.604325,0.174732,0.604325,0.174732
HL2000,causal-discovery_wt-causal_Water_10_1000_old.wcnf,True,True,45193159.0,45193159.0,3.237911,3.332893,11.619061,11.737653
HL2000,causal-discovery_wt-causal_alarm_9_1000_old.wcnf,True,True,36049513.0,36049513.0,1.268197,1.160756,10.24051,10.16778
HL2000,causal-discovery_wt-causal_carpo_8_1000_old.wcnf,True,True,2244087.0,2244087.0,0.460445,0.391415,59.12291,59.063293
HL2000,correlation-clustering_wt-Rounded_CorrelationClustering_Ionosphere_BINARY_N260_D0.200_old.wcnf,True,True,7014701.0,7014701.0,0.449744,0.42617,7.573165,7.598203
HL2000,correlation-clustering_wt-Rounded_CorrelationClustering_Protein1_UNARY_N290_old.wcnf,True,True,32090014.0,33957845.0,4.987195,5.296043,6.811545,5.296043
HL2000,correlation-clustering_wt-Rounded_CorrelationClustering_Protein2_BINARY_N220_old.wcnf,True,True,14004102.0,14004102.0,0.195893,0.154234,8.168712,8.148158
HL2000,correlation-clustering_wt-Rounded_CorrelationClustering_Protein2_BINARY_N240_old.wcnf,True,True,16116883.0,16116883.0,0.206399,0.194926,8.4641,8.340199
HL2000,correlation-clustering_wt-Rounded_CorrelationClustering_Protein2_BINARY_N380_old.wcnf,True,True,39198852.0,39198852.0,0.516161,0.486985,12.039557,12.206686
HL2000,correlation-clustering_wt-Rounded_CorrelationClustering_Protein2_UNARY_N220_old.wcnf,True,True,21300102.0,21300102.0,2.815447,2.656508,3.672867,3.526618
HL2000,correlation-clustering_wt-Rounded_CorrelationClustering_Protein3_TRANSITIVE_N280_old.wcnf,True,True,185255761.0,185255761.0,9.352062,9.061104,30.006912,29.035184
HL2000,correlation-clustering_wt-Rounded_CorrelationClustering_Protein3_UNARY_N220_old.wcnf,True,True,19154505.0,19154505.0,2.514262,2.480833,4.591722,4.489593
HL2000,correlation-clustering_wt-Rounded_CorrelationClustering_Protein4_BINARY_N320_old.wcnf,True,True,14733167.0,14733167.0,0.208796,0.184628,7.974472,7.846322
HL2000,correlation-clustering_wt-Rounded_CorrelationClustering_Protein4_UNARY_N250_old.wcnf,True,True,11103273.0,20419164.0,2.533845,4.768541,11.481845,4.768541
HL2000,correlation-clustering_wt-Rounded_CorrelationClustering_Vowel_BINARY_N700_D0.200_old.wcnf,True,True,75201247.0,75201247.0,2.389101,3.450237,2.576081,3.623567
HL2000,correlation-clustering_wt-Rounded_CorrelationClustering_Vowel_BINARY_N800_D0.200_old.wcnf,True,True,86276967.0,86276967.0,3.327337,3.282602,8.202637,7.982702
HL2000,decision-tree-anneal-un-formula_0.8_2021_atleast_31_max-4_reduced_incomplete_adaboost_3_old.wcnf,True,True,355.0,355.0,1.553209,1.422082,3.154289,2.950702
HL2000,decision-tree-anneal-un-formula_0.8_2021_atleast_31_max-4_reduced_incomplete_adaboost_5_old.wcnf,True,True,762.0,762.0,1.528031,1.417574,8.742101,8.033074
HL2000,decision-tree-australian-credit-un-formula_0.8_2021_atleast_31_max-4_reduced_incomplete_adaboost_5_old.wcnf,True,True,575.0,575.0,2.22725,2.001766,4.0739,3.790326
HL2000,decision-tree-heart-cleveland-un-formula_0.8_2021_atleast_127_max-6_reduced_incomplete_adaboost_2_old.wcnf,True,True,139.0,72.0,3.043973,8.191856,3.043973,8.243046
HL2000,decision-tree-heart-cleveland-un-formula_0.8_2021_atleast_15_max-3_reduced_incomplete_adaboost_4_old.wcnf,True,True,138.0,138.0,0.31645,0.284405,0.501206,0.465614
HL2000,decision-tree-heart-cleveland-un-formula_0.8_2021_atleast_31_max-4_reduced_incomplete_adaboost_4_old.wcnf,True,True,146.0,146.0,0.730533,0.684767,1.028816,0.971044
HL2000,decision-tree-heart-cleveland-un-formula_0.8_2021_atleast_31_max-4_reduced_incomplete_adaboost_6_old.wcnf,True,True,240.0,240.0,0.759052,1.549698,1.454042,2.244886
HL2000,decision-tree-primary-tumor-un-formula_0.8_2021_atleast_127_max-6_reduced_incomplete_adaboost_2_old.wcnf,True,True,113.0,113.0,3.559732,3.995821,5.835292,5.970411
HL2000,decision-tree-primary-tumor-un-formula_0.8_2021_atleast_127_max-6_reduced_incomplete_adaboost_4_old.wcnf,True,True,212.0,212.0,4.117007,4.138966,4.258837,4.267886
HL2000,decision-tree-primary-tumor-un-formula_0.8_2021_atleast_15_max-3_reduced_incomplete_adaboost_2_old.wcnf,True,True,84.0,84.0,0.138589,0.098652,4.743873,4.683672
HL2000,decision-tree-primary-tumor-un-formula_0.8_2021_atleast_31_max-4_reduced_incomplete_adaboost_4_old.wcnf,True,True,155.0,155.0,0.272315,0.257573,4.112743,4.031025
HL2000,decision-tree-primary-tumor-un-formula_0.8_2021_atleast_63_max-5_reduced_incomplete_adaboost_6_old.wcnf,True,True,338.0,338.0,0.812037,0.77609,1.644059,1.605485
HL2000,decision-tree-tic-tac-toe-un-formula_0.8_2021_atleast_15_max-3_reduced_incomplete_adaboost_2_old.wcnf,True,True,335.0,335.0,0.280565,0.217056,0.432684,0.357877
HL2000,decision-tree-tic-tac-toe-un-formula_0.8_2021_atleast_15_max-3_reduced_incomplete_adaboost_3_old.wcnf,True,True,443.0,443.0,0.324483,0.244294,0.400081,0.318862
HL2000,decision-tree-tic-tac-toe-un-formula_0.8_2021_atleast_31_max-4_reduced_incomplete_adaboost_2_old.wcnf,True,True,286.0,286.0,0.444517,0.428336,0.444517,0.428336
HL2000,drmx-cryptogen_wt-geffe128_7_old.wcnf,True,True,811.0,811.0,0.019867,0.0271,29.304254,29.283658
HL2000,generalized-ising_wt-IS11_5.0.5.0.0.5_softer_periodic_old.wcnf,True,True,112229069992697.0,112229069992697.0,0.051307,0.034609,0.668252,0.657096
HL2000,generalized-ising_wt-IS12_5.0.5.0.0.5_softer_periodic_old.wcnf,True,True,113171466486232.0,113171466486232.0,0.233224,0.050076,0.239781,0.056527
HL2000,generalized-ising_wt-IS13_5.0.5.0.0.5_softer_periodic_old.wcnf,True,True,119401387482250.0,119401387482250.0,0.081375,0.034092,0.085178,0.037392
HL2000,generalized-ising_wt-IS15_5.0.5.0.0.5_softer_periodic_old.wcnf,True,True,114658059944605.0,114658059944605.0,0.106127,0.153608,0.111152,0.158104
HL2000,generalized-ising_wt-IS16_5.0.5.0.0.5_softer_periodic_old.wcnf,True,True,115258059944605.0,115258059944605.0,0.381611,0.05011,6.466168,6.084221
HL2000,generalized-ising_wt-IS17_5.0.5.0.0.5_softer_periodic_old.wcnf,True,True,115902780531937.0,115902780531937.0,0.058803,0.051537,14.651764,14.460192
HL2000,generalized-ising_wt-IS20_5.0.5.0.0.5_softer_periodic_old.wcnf,True,True,119388436533623.0,119388436533623.0,0.079473,0.034141,0.120177,0.072853
HL2000,generalized-ising_wt-IS22_5.0.5.0.0.5_softer_periodic_old.wcnf,True,True,119112776308211.0,119112776308211.0,0.048958,0.065797,0.059808,0.076475
HL2000,generalized-ising_wt-IS23_5.0.5.0.0.5_softer_periodic_old.wcnf,True,True,118663520151734.0,118663520151734.0,0.050812,0.034455,0.113351,0.094683
HL2000,generalized-ising_wt-IS3_5.0.5.0.0.5_softer_periodic_old.wcnf,True,True,116804575996363.0,116804575996363.0,0.136658,0.059145,6.525039,6.548545
HL2000,generalized-ising_wt-IS4_5.0.5.0.0.5_softer_periodic_old.wcnf,True,True,115857504490177.0,115857504490177.0,0.080799,0.048916,0.119734,0.086782
HL2000,generalized-ising_wt-IS5_5.0.5.0.0.5_softer_periodic_old.wcnf,True,True,114843630201223.0,114843630201223.0,0.058437,0.054427,0.54742,0.549525
HL2000,generalized-ising_wt-IS6_5.0.5.0.0.5_softer_periodic_old.wcnf,True,True,113797656078091.0,113797656078091.0,0.05406,0.054458,0.125752,0.125924
HL2000,generalized-ising_wt-IS7_5.0.5.0.0.5_softer_periodic_old.wcnf,True,True,112706601923009.0,112706601923009.0,0.053455,0.063514,0.085407,0.095048
HL2000,generalized-ising_wt-IS9_5.0.5.0.0.5_softer_periodic_old.wcnf,True,True,110066981524169.0,110066981524169.0,0.078338,0.034307,0.115075,0.073252
HL2000,hs-timetabling_wt-BrazilInstance1.xml_old.wcnf,True,True,117.0,117.0,0.102949,0.089391,41.348795,41.137938
HL2000,hs-timetabling_wt-BrazilInstance2.xml_old.wcnf,True,True,149.0,149.0,0.231236,0.208684,50.061829,49.328414
HL2000,hs-timetabling_wt-BrazilInstance4.xml_old.wcnf,True,True,267.0,267.0,1.486495,1.365728,1.486495,1.365728
HL2000,hs-timetabling_wt-BrazilInstance5.xml_old.wcnf,True,True,490.0,490.0,1.216193,0.569214,29.200132,28.588003
HL2000,hs-timetabling_wt-BrazilInstance6.xml_old.wcnf,True,True,546.0,546.0,0.852152,0.785466,55.44878,55.024425
HL2000,hs-timetabling_wt-BrazilInstance7.xml_old.wcnf,True,True,889.0,889.0,1.143801,1.020791,49.743412,48.409202
HL2000,hs-timetabling_wt-FinlandSecondarySchool.xml_old.wcnf,True,True,817.0,817.0,1.51645,1.945726,1.51645,1.945726
HL2000,hs-timetabling_wt-ItalyInstance4.xml_old.wcnf,True,True,12143.0,12143.0,9.223397,8.870953,19.116237,19.220883
HL2000,judgment-aggregation-ja-kemeny-preflib-00049-00000300_old.wcnf,True,True,793.0,793.0,0.27009,0.255092,44.989536,44.604719
HL2000,judgment-aggregation-ja-kemeny-preflib-00049-00000334_old.wcnf,True,True,612.0,612.0,0.151844,0.12888,52.27211,52.17505
HL2000,judgment-aggregation-ja-kemeny-preflib-00049-00000451_old.wcnf,True,True,1020.0,1020.0,0.917298,0.846509,50.607433,47.469822
HL2000,judgment-aggregation-ja-kemeny-preflib-00049-00000454_old.wcnf,True,True,715.0,715.0,0.291752,0.276739,57.87245,57.884414
HL2000,judgment-aggregation-ja-kemeny-preflib-00051-00000011_old.wcnf,True,True,779.0,779.0,1.490124,1.345938,58.898048,57.06554
HL2000,max-realizability_wt-power-distribution_11_7_old.wcnf,True,True,126.0,126.0,0.534698,0.558561,1.179387,1.196417
HL2000,max-realizability_wt-power-distribution_12_8_old.wcnf,True,True,216.0,216.0,1.314513,1.554059,1.783352,2.028402
HL2000,max-realizability_wt-robot-navigation_10_old.wcnf,True,True,39.0,39.0,10.870491,10.690776,10.870491,10.690776
HL2000,metro_wt-metro_8_8_5_20_10_6_500_1_3.lp.sm-extracted_old.wcnf,True,True,215.0,215.0,6.37451,6.279442,10.40372,10.261652
HL2000,mpe_wt-random-net-50-5_network-8.net_old.wcnf,True,True,48330.0,48330.0,0.074281,0.011506,33.219044,33.095764
HL2000,pseudoBoolean_wt-normalized-mps-v2-20-10-sentoy.opb.msat_old.wcnf,True,True,9460.0,9460.0,0.261517,0.043177,0.261517,0.043177
HL2000,railway-transport_wt-bf2030fvslack_old.wcnf,True,True,561747.0,264711.0,58.007234,19.1258,58.007234,43.85236
HL2000,railway-transport_wt-f2030_old.wcnf,True,True,6979.0,6979.0,9.488085,2.785552,59.720215,52.678432
HL2000,railway-transport_wt-r11_old.wcnf,True,True,73964834.0,68426962.0,54.235723,19.023802,59.981823,43.244502
HL2000,railway-transport_wt-wg2_old.wcnf,True,True,866.0,866.0,13.894965,11.6252,41.007915,38.71812
HL2000,ramsey_wt-ram_k3_n14.ra1_old.wcnf,True,True,3025.0,3025.0,0.072657,0.002069,0.563721,0.492576
HL2000,ramsey_wt-ram_k3_n16.ra1_old.wcnf,True,True,7271.0,7271.0,0.026102,0.002706,0.465915,0.443548
HL2000,ramsey_wt-ram_k3_n19.ra1_old.wcnf,True,True,20665.0,20665.0,0.047509,0.004658,1.241751,1.201589
HL2000,ramsey_wt-ram_k4_n19.ra1_old.wcnf,True,True,1240.0,1240.0,0.096689,0.01982,8.120485,8.015391
HL2000,relational-inference_wt-pa-1_old.wcnf,True,True,8282.0,8282.0,4.687011,2.765493,7.158971,5.193523
HL2000,relational-inference_wt-pa-2_old.wcnf,True,True,3093.0,3093.0,38.679657,31.332423,38.753257,31.403723
HL2000,relational-inference_wt-pa-3_old.wcnf,True,True,2967.0,2967.0,34.577939,28.151107,57.496739,49.044707
HL2000,setcover_wt-rail2536_old.wcnf,True,True,2147034.0,2147034.0,1.167363,12.579508,1.167363,12.579508
HL2000,setcover_wt-rail4284_old.wcnf,True,True,2119198.0,2119198.0,1.060235,0.701842,1.060235,0.701842
HL2000,setcover_wt-rail4872_old.wcnf,True,True,1873139.0,1873139.0,2.159458,0.759853,2.159458,0.759853
HL2000,setcover_wt-rail507_old.wcnf,True,True,220.0,220.0,15.965565,15.529797,41.523105,40.818497
HL2000,shiftdesign_wt-limits-10-10_data-1_inst-084_30m.sm-extracted_old.wcnf,True,True,49932711.0,49932711.0,10.988424,8.368001,10.988424,8.368001
HL2000,shiftdesign_wt-limits-10-10_data-1_inst-137_30m.sm-extracted_old.wcnf,True,True,17244442.0,17244442.0,4.440402,4.443384,4.440402,4.443384
HL2000,shiftdesign_wt-limits-10-10_data-1_inst-182_30m.sm-extracted_old.wcnf,True,True,30573006.0,30573006.0,9.468072,8.159294,9.468072,8.159294
HL2000,shiftdesign_wt-limits-10-10_data-2_inst-003_30m.sm-extracted_old.wcnf,True,True,41321652.0,41321652.0,11.49043,8.233716,11.49043,8.233716
HL2000,shiftdesign_wt-limits-10-10_data-2_inst-025_30m.sm-extracted_old.wcnf,True,True,56212258.0,56212258.0,11.537841,10.899451,11.537841,10.899451
HL2000,shiftdesign_wt-limits-10-10_data-2_inst-030_30m.sm-extracted_old.wcnf,True,True,122128224.0,122128224.0,22.926491,20.747446,22.926491,20.747446
HL2000,shiftdesign_wt-limits-10-10_data-3_inst-002_30m.sm-extracted_old.wcnf,True,True,35896155.0,35896155.0,7.987121,6.860438,7.987121,6.860438
HL2000,shiftdesign_wt-limits-10-10_data-3_inst-003_30m.sm-extracted_old.wcnf,True,True,28190618.0,28190618.0,6.261324,5.195886,6.261324,5.195886
HL2000,shiftdesign_wt-limits-10-10_data-4_inst-003_60m.sm-extracted_old.wcnf,True,True,87521039.0,87521039.0,17.375027,11.796416,17.375027,11.796416
HL2000,spot5_wt-1401.wcsp.log_old.wcnf,True,True,468096.0,468096.0,0.028258,0.014403,7.602884,7.398524
HL2000,spot5_wt-1403.wcsp.dir_old.wcnf,True,True,477264.0,477264.0,0.075754,0.015748,0.144338,0.08615
HL2000,spot5_wt-1403.wcsp.log_old.wcnf,True,True,469238.0,469238.0,0.075896,0.018967,34.774426,34.498754
HL2000,spot5_wt-1405.wcsp.dir_old.wcnf,True,True,475458.0,475458.0,0.143778,0.023431,0.334534,0.212945
HL2000,spot5_wt-1506.wcsp.log_old.wcnf,True,True,360527.0,360527.0,0.050051,0.024647,34.504252,34.404565
HL2000,spot5_wt-5.wcsp.log_old.wcnf,True,True,270.0,270.0,0.045271,0.013541,0.050523,0.018764
HL2000,staff-scheduling_wt-instance10_old.wcnf,True,True,6550.0,6550.0,2.555672,2.453674,57.699272,56.785324
HL2000,staff-scheduling_wt-instance11_old.wcnf,True,True,3653.0,3653.0,1.199861,1.130389,22.795963,24.06244
HL2000,staff-scheduling_wt-instance12_old.wcnf,True,True,7671.0,7138.0,4.145644,3.738107,13.842314,59.435497
HL2000,staff-scheduling_wt-instance2_old.wcnf,True,True,838.0,838.0,0.036385,0.016903,3.616591,3.637328
HL2000,staff-scheduling_wt-instance3_old.wcnf,True,True,1026.0,1026.0,0.105129,0.048579,15.43724,15.348139
HL2000,staff-scheduling_wt-instance4_old.wcnf,True,True,1740.0,1740.0,0.093881,0.027046,41.333579,40.604925
HL2000,staff-scheduling_wt-instance5_old.wcnf,True,True,1287.0,1287.0,0.130588,0.075137,25.431748,25.370475
HL2000,staff-scheduling_wt-instance6_old.wcnf,True,True,2081.0,2081.0,0.141338,0.093377,10.601762,10.650768
HL2000,staff-scheduling_wt-instance7_old.wcnf,True,True,1178.0,1178.0,0.216248,0.145757,46.44659,45.897117
HL2000,staff-scheduling_wt-instance8_old.wcnf,True,True,2848.0,2848.0,0.687515,0.580347,20.639971,18.541657
HL2000,staff-scheduling_wt-instance9_old.wcnf,True,True,2161.0,2142.0,1.848458,1.577723,47.606658,58.227925
HL2000,switchingactivitymaximization-SwitchingActivityMaximization_OpenRISC1200_100_old.wcnf,True,True,392.0,392.0,1.088075,0.765586,1.088075,0.765586
HL2000,switchingactivitymaximization-SwitchingActivityMaximization_OpenRISC1200_150_old.wcnf,True,True,528.0,528.0,1.231364,0.7659,1.231364,0.7659
HL2000,switchingactivitymaximization-SwitchingActivityMaximization_OpenRISC1200_200_old.wcnf,True,True,602.0,602.0,2.059893,0.802282,2.059893,0.802282
HL2000,switchingactivitymaximization-SwitchingActivityMaximization_OpenRISC1200_66_old.wcnf,True,True,228.0,228.0,2.321311,0.792561,2.321311,0.792561
HL2000,switchingactivitymaximization-SwitchingActivityMaximization_OpenRISC1200_68_old.wcnf,True,True,193.0,193.0,1.591115,0.775366,1.591115,0.775366
HL2000,switchingactivitymaximization-SwitchingActivityMaximization_OpenRISC1200_70_old.wcnf,True,True,240.0,240.0,1.483199,0.780153,1.483199,0.780153
HL2000,switchingactivitymaximization-SwitchingActivityMaximization_OpenRISC1200_72_old.wcnf,True,True,202.0,202.0,1.982442,0.766275,1.982442,0.766275
HL2000,switchingactivitymaximization-SwitchingActivityMaximization_OpenRISC1200_80_old.wcnf,True,True,306.0,306.0,2.450808,0.775956,2.450808,0.775956
HL2000,switchingactivitymaximization-SwitchingActivityMaximization_OpenRISC1200_90_old.wcnf,True,True,283.0,283.0,6.267462,0.870361,6.267462,0.870361
HL2000,tcp_wt-tcp_students_112_it_2_old.wcnf,True,True,3699.0,3699.0,1.227663,0.247528,44.964902,44.355091
HL2000,timetabling_wt-comp02_old.wcnf,True,True,136.0,136.0,1.846114,0.883079,9.246761,8.572737
HL2000,timetabling_wt-comp09_old.wcnf,True,True,135.0,135.0,1.37508,0.967412,27.184037,28.315457
HL2000,timetabling_wt-comp12_old.wcnf,True,True,560.0,560.0,1.452485,0.683237,33.581973,29.749818
HL2000,timetabling_wt-dds4_old.wcnf,False,False,,,,,,
HL500,MaxSATQueriesinInterpretableClassifiers_wt-credit_train_8_CNF_5_20_old.wcnf,True,True,96480.0,96480.0,15.021479,14.071128,43.861201,43.116396
HL500,MaxSATQueriesinInterpretableClassifiers_wt-pima_train_6_CNF_3_20_old.wcnf,True,True,3310.0,3310.0,0.044567,0.009394,33.395268,33.1185
HL500,MaxSATQueriesinInterpretableClassifiers_wt-toms_test_2_CNF_3_20_old.wcnf,True,True,195.0,195.0,0.609756,0.708631,7.252474,7.736757
HL500,MinimumWeightDominatingSetProblem_wt-bn-human-BNU_1_0025865_session_1-bg_old.wcnf,True,True,140539244.0,140539244.0,6.239282,4.221946,6.239282,4.221946
HL500,MinimumWeightDominatingSetProblem_wt-channel-500x100x100-b050_old.wcnf,True,True,478624478.0,478245864.0,21.004552,18.343764,60.487852,61.128164
HL500,MinimumWeightDominatingSetProblem_wt-delaunay_n24_old.wcnf,True,True,1685918983.0,1686108752.0,50.026828,15.562004,62.178028,15.562004
HL500,MinimumWeightDominatingSetProblem_wt-hugebubbles-00020_old.wcnf,True,True,2130406259.0,2130406259.0,31.237817,23.080314,31.237817,23.080314
HL500,MinimumWeightDominatingSetProblem_wt-inf-road-usa_old.wcnf,True,True,2406704625.0,2406704625.0,26.741276,17.759036,26.741276,17.759036
HL500,MinimumWeightDominatingSetProblem_wt-rgg_n_2_24_s0_old.wcnf,True,True,1686108752.0,1686108752.0,45.573177,21.157675,45.573177,21.157675
HL500,MinimumWeightDominatingSetProblem_wt-sc-rel9_old.wcnf,True,True,593056574.0,593056574.0,35.612281,30.381305,61.275281,60.177105
HL500,MinimumWeightDominatingSetProblem_wt-soc-livejournal-user-groups_old.wcnf,True,True,752647274.0,752647274.0,26.920119,16.572554,26.920119,16.572554
HL500,MinimumWeightDominatingSetProblem_wt-web-wikipedia2009_old.wcnf,True,True,174611880.0,35092853.0,11.480486,9.647655,60.605716,12.932955
HL500,ParametricRBACMaintenance_mse20_wt-role_domino_multiple_0.1_8_old.wcnf,True,True,47682.0,47682.0,2.163202,1.842131,12.370532,11.178881
HL500,ParametricRBACMaintenance_mse20_wt-role_domino_multiple_0.2_0_old.wcnf,True,True,74189.0,70356.0,2.160493,1.91624,9.582683,13.23316
HL500,ParametricRBACMaintenance_mse20_wt-role_domino_multiple_0.5_1_old.wcnf,True,True,144463.0,144463.0,3.119143,2.046051,10.266053,7.773751
HL500,ParametricRBACMaintenance_mse20_wt-role_domino_multiple_0.6_8_old.wcnf,True,True,159871.0,159871.0,2.134829,1.794493,11.652069,10.678223
HL500,ParametricRBACMaintenance_mse20_wt-role_smallcomp_multiple_0.7_2_old.wcnf,True,True,277373.0,277373.0,12.558033,12.520113,58.706988,57.238873
HL500,ParametricRBACMaintenance_mse20_wt-role_smallcomp_multiple_0.7_6_old.wcnf,True,True,252179.0,252179.0,0.029064,0.009918,3.486914,3.506867
HL500,ParametricRBACMaintenance_mse20_wt-role_smallcomp_multiple_0.8_1_old.wcnf,True,True,350793.0,350793.0,0.027103,0.00967,10.317219,10.318518
HL500,ParametricRBACMaintenance_mse20_wt-role_smallcomp_multiple_0.9_6_old.wcnf,True,True,282321.0,282321.0,0.051007,0.009967,0.191686,0.150508
HL500,ParametricRBACMaintenance_mse20_wt-role_university_multiple_0.1_1_old.wcnf,True,True,63653.0,63134.0,2.951354,2.608177,11.422634,13.268547
HL500,ParametricRBACMaintenance_mse20_wt-role_university_multiple_0.4_7_old.wcnf,True,True,234414.0,234414.0,4.696812,3.761931,11.854412,9.771911
HL500,ParametricRBACMaintenance_mse20_wt-role_university_multiple_0.5_4_old.wcnf,True,True,215348.0,215348.0,3.291607,2.439109,13.458707,10.013809
HL500,ParametricRBACMaintenance_mse20_wt-role_university_multiple_0.5_5_old.wcnf,True,True,198362.0,198362.0,3.076692,3.008884,12.371532,11.598094
HL500,ParametricRBACMaintenance_mse20_wt-role_university_multiple_0.5_7_old.wcnf,True,True,263585.0,263585.0,3.979872,3.858303,9.758902,9.213993
HL500,abstraction-refinement_wt-downcast-antlr_old.wcnf,True,True,79566.0,78873.0,9.610021,22.197946,9.610021,24.708656
HL500,abstraction-refinement_wt-downcast-avrora_old.wcnf,True,True,49759.0,49759.0,14.415457,15.481926,18.520547,19.618176
HL500,abstraction-refinement_wt-downcast-hsqldb_old.wcnf,True,True,32293.0,32293.0,31.648643,31.379853,40.549243,41.544753
HL500,abstraction-refinement_wt-downcast-pmd_old.wcnf,True,False,6287.0,,31.192836,31.469189,41.553736,43.205789
HL500,abstraction-refinement_wt-downcast-xalan_old.wcnf,True,True,65593.0,65615.0,16.6016,17.253872,59.13149,46.730322
HL500,abstraction-refinement_wt-polysite-avrora_old.wcnf,True,True,55020.0,55020.0,16.46761,14.345442,20.44499,18.408662
HL500,abstraction-refinement_wt-polysite-bloat_old.wcnf,True,True,2397.0,2397.0,45.862395,44.472849,61.341495,62.531049
HL500,abstraction-refinement_wt-polysite-hsqldb_old.wcnf,True,True,177778.0,175624.0,14.378859,34.119354,14.378859,44.140654
HL500,abstraction-refinement_wt-polysite-pmd_old.wcnf,True,True,190826.0,190826.0,26.473427,31.494083,34.166027,39.826183
HL500,abstraction-refinement_wt-polysite-xalan_old.wcnf,True,True,117742.0,117742.0,22.222937,21.235499,27.096837,26.367469
HL500,causal-discovery_wt-causal_Link_10_10000_old.wcnf,True,True,39112847.0,39112847.0,3.546758,3.243851,14.887858,14.561411
HL500,causal-discovery_wt-causal_Link_10_1000_old.wcnf,True,True,33562494.0,33562494.0,3.653289,3.196038,30.145389,29.375798
HL500,causal-discovery_wt-causal_Link_9_100_old.wcnf,True,True,3242187.0,3242187.0,1.996114,0.53638,1.996114,0.53638
HL500,causal-discovery_wt-causal_Mushroom_7_1000_old.wcnf,True,True,9414169.0,9414169.0,0.1554,0.142687,17.869041,17.8217
HL500,causal-discovery_wt-causal_Pigs_6_1000_old.wcnf,True,True,35110976.0,35110976.0,0.604325,0.176128,0.604325,0.176128
HL500,causal-discovery_wt-causal_Water_10_1000_old.wcnf,True,True,45193159.0,45193159.0,3.237911,3.19216,11.619061,11.60287
HL500,causal-discovery_wt-causal_alarm_9_1000_old.wcnf,True,True,36049513.0,36049513.0,1.268197,1.219356,10.24051,10.198645
HL500,causal-discovery_wt-causal_carpo_8_1000_old.wcnf,True,True,2244087.0,2244087.0,0.460445,0.401242,59.12291,58.799776
HL500,correlation-clustering_wt-Rounded_CorrelationClustering_Ionosphere_BINARY_N260_D0.200_old.wcnf,True,True,7014701.0,7014701.0,0.449744,0.42205,7.573165,7.424299
HL500,correlation-clustering_wt-Rounded_CorrelationClustering_Protein1_UNARY_N290_old.wcnf,True,True,32090014.0,32090014.0,4.987195,4.922512,6.811545,6.696622
HL500,correlation-clustering_wt-Rounded_CorrelationClustering_Protein2_BINARY_N220_old.wcnf,True,True,14004102.0,14004102.0,0.195893,0.157748,8.168712,8.19308
HL500,correlation-clustering_wt-Rounded_CorrelationClustering_Protein2_BINARY_N240_old.wcnf,True,True,16116883.0,16116883.0,0.206399,0.188278,8.4641,8.502179
HL500,correlation-clustering_wt-Rounded_CorrelationClustering_Protein2_BINARY_N380_old.wcnf,True,True,39198852.0,39198852.0,0.516161,0.547912,12.039557,11.441039
HL500,correlation-clustering_wt-Rounded_CorrelationClustering_Protein2_UNARY_N220_old.wcnf,True,True,21300102.0,21300102.0,2.815447,2.608165,3.672867,3.504525
HL500,correlation-clustering_wt-Rounded_CorrelationClustering_Protein3_TRANSITIVE_N280_old.wcnf,True,True,185255761.0,185255761.0,9.352062,9.215439,30.006912,29.168659
HL500,correlation-clustering_wt-Rounded_CorrelationClustering_Protein3_UNARY_N220_old.wcnf,True,True,19154505.0,19154505.0,2.514262,2.457577,4.591722,4.431307
HL500,correlation-clustering_wt-Rounded_CorrelationClustering_Protein4_BINARY_N320_old.wcnf,True,True,14733167.0,14733167.0,0.208796,0.185555,7.974472,7.720741
HL500,correlation-clustering_wt-Rounded_CorrelationClustering_Protein4_UNARY_N250_old.wcnf,True,True,11103273.0,11103273.0,2.533845,2.257434,11.481845,11.245164
HL500,correlation-clustering_wt-Rounded_CorrelationClustering_Vowel_BINARY_N700_D0.200_old.wcnf,True,True,75201247.0,75201247.0,2.389101,2.29876,2.576081,2.46647
HL500,correlation-clustering_wt-Rounded_CorrelationClustering_Vowel_BINARY_N800_D0.200_old.wcnf,True,True,86276967.0,86276967.0,3.327337,3.233227,8.202637,8.571757
HL500,decision-tree-anneal-un-formula_0.8_2021_atleast_31_max-4_reduced_incomplete_adaboost_3_old.wcnf,True,True,355.0,355.0,1.553209,1.443181,3.154289,2.982641
HL500,decision-tree-anneal-un-formula_0.8_2021_atleast_31_max-4_reduced_incomplete_adaboost_5_old.wcnf,True,True,762.0,762.0,1.528031,1.417151,8.742101,8.014721
HL500,decision-tree-australian-credit-un-formula_0.8_2021_atleast_31_max-4_reduced_incomplete_adaboost_5_old.wcnf,True,True,575.0,575.0,2.22725,1.986384,4.0739,3.759504
HL500,decision-tree-heart-cleveland-un-formula_0.8_2021_atleast_127_max-6_reduced_incomplete_adaboost_2_old.wcnf,True,True,139.0,72.0,3.043973,8.16887,3.043973,8.21959
HL500,decision-tree-heart-cleveland-un-formula_0.8_2021_atleast_15_max-3_reduced_incomplete_adaboost_4_old.wcnf,True,True,138.0,138.0,0.31645,0.285932,0.501206,0.468816
HL500,decision-tree-heart-cleveland-un-formula_0.8_2021_atleast_31_max-4_reduced_incomplete_adaboost_4_old.wcnf,True,True,146.0,146.0,0.730533,0.663475,1.028816,0.948413
HL500,decision-tree-heart-cleveland-un-formula_0.8_2021_atleast_31_max-4_reduced_incomplete_adaboost_6_old.wcnf,True,True,240.0,240.0,0.759052,0.681794,1.454042,1.360101
HL500,decision-tree-primary-tumor-un-formula_0.8_2021_atleast_127_max-6_reduced_incomplete_adaboost_2_old.wcnf,True,True,113.0,113.0,3.559732,2.811725,5.835292,4.758065
HL500,decision-tree-primary-tumor-un-formula_0.8_2021_atleast_127_max-6_reduced_incomplete_adaboost_4_old.wcnf,True,True,212.0,212.0,4.117007,2.962157,4.258837,3.089317
HL500,decision-tree-primary-tumor-un-formula_0.8_2021_atleast_15_max-3_reduced_incomplete_adaboost_2_old.wcnf,True,True,84.0,84.0,0.138589,0.097261,4.743873,4.659604
HL500,decision-tree-primary-tumor-un-formula_0.8_2021_atleast_31_max-4_reduced_incomplete_adaboost_4_old.wcnf,True,True,155.0,155.0,0.272315,0.254021,4.112743,4.08496
HL500,decision-tree-primary-tumor-un-formula_0.8_2021_atleast_63_max-5_reduced_incomplete_adaboost_6_old.wcnf,True,True,338.0,338.0,0.812037,0.917345,1.644059,1.788703
HL500,decision-tree-tic-tac-toe-un-formula_0.8_2021_atleast_15_max-3_reduced_incomplete_adaboost_2_old.wcnf,True,True,335.0,335.0,0.280565,0.216687,0.432684,0.359086
HL500,decision-tree-tic-tac-toe-un-formula_0.8_2021_atleast_15_max-3_reduced_incomplete_adaboost_3_old.wcnf,True,True,443.0,443.0,0.324483,0.258359,0.400081,0.333533
HL500,decision-tree-tic-tac-toe-un-formula_0.8_2021_atleast_31_max-4_reduced_incomplete_adaboost_2_old.wcnf,True,True,286.0,286.0,0.444517,0.385208,0.444517,0.385208
HL500,drmx-cryptogen_wt-geffe128_7_old.wcnf,True,True,811.0,811.0,0.019867,0.007559,29.304254,29.345014
HL500,generalized-ising_wt-IS11_5.0.5.0.0.5_softer_periodic_old.wcnf,True,True,112229069992697.0,112229069992697.0,0.051307,0.035144,0.668252,0.659849
HL500,generalized-ising_wt-IS12_5.0.5.0.0.5_softer_periodic_old.wcnf,True,True,113171466486232.0,113171466486232.0,0.233224,0.035244,0.239781,0.041697
HL500,generalized-ising_wt-IS13_5.0.5.0.0.5_softer_periodic_old.wcnf,True,True,119401387482250.0,119401387482250.0,0.081375,0.033802,0.085178,0.037175
HL500,generalized-ising_wt-IS15_5.0.5.0.0.5_softer_periodic_old.wcnf,True,True,114658059944605.0,114658059944605.0,0.106127,0.037206,0.111152,0.041739
HL500,generalized-ising_wt-IS16_5.0.5.0.0.5_softer_periodic_old.wcnf,True,True,115258059944605.0,115258059944605.0,0.381611,0.035725,6.466168,6.024926
HL500,generalized-ising_wt-IS17_5.0.5.0.0.5_softer_periodic_old.wcnf,True,True,115902780531937.0,115902780531937.0,0.058803,0.034565,14.651764,14.407087
HL500,generalized-ising_wt-IS20_5.0.5.0.0.5_softer_periodic_old.wcnf,True,True,119388436533623.0,119388436533623.0,0.079473,0.035067,0.120177,0.07416
HL500,generalized-ising_wt-IS22_5.0.5.0.0.5_softer_periodic_old.wcnf,True,True,119112776308211.0,119112776308211.0,0.048958,0.03516,0.059808,0.045879
HL500,generalized-ising_wt-IS23_5.0.5.0.0.5_softer_periodic_old.wcnf,True,True,118663520151734.0,118663520151734.0,0.050812,0.033984,0.113351,0.094264
HL500,generalized-ising_wt-IS3_5.0.5.0.0.5_softer_periodic_old.wcnf,True,True,116804575996363.0,116804575996363.0,0.136658,0.035524,6.525039,6.505152
HL500,generalized-ising_wt-IS4_5.0.5.0.0.5_softer_periodic_old.wcnf,True,True,115857504490177.0,115857504490177.0,0.080799,0.034448,0.119734,0.072083
HL500,generalized-ising_wt-IS5_5.0.5.0.0.5_softer_periodic_old.wcnf,True,True,114843630201223.0,114843630201223.0,0.058437,0.033874,0.54742,0.521445
HL500,generalized-ising_wt-IS6_5.0.5.0.0.5_softer_periodic_old.wcnf,True,True,113797656078091.0,113797656078091.0,0.05406,0.033872,0.125752,0.105801
HL500,generalized-ising_wt-IS7_5.0.5.0.0.5_softer_periodic_old.wcnf,True,True,112706601923009.0,112706601923009.0,0.053455,0.036005,0.085407,0.067515
HL500,generalized-ising_wt-IS9_5.0.5.0.0.5_softer_periodic_old.wcnf,True,True,110066981524169.0,110066981524169.0,0.078338,0.034938,0.115075,0.071839
HL500,hs-timetabling_wt-BrazilInstance1.xml_old.wcnf,True,True,117.0,117.0,0.102949,0.089946,41.348795,41.417356
HL500,hs-timetabling_wt-BrazilInstance2.xml_old.wcnf,True,True,149.0,149.0,0.231236,0.206855,50.061829,49.720059
HL500,hs-timetabling_wt-BrazilInstance4.xml_old.wcnf,True,True,267.0,267.0,1.486495,1.331873,1.486495,1.331873
HL500,hs-timetabling_wt-BrazilInstance5.xml_old.wcnf,True,True,490.0,490.0,1.216193,0.555244,29.200132,28.245353
HL500,hs-timetabling_wt-BrazilInstance6.xml_old.wcnf,True,True,546.0,546.0,0.852152,0.780671,55.44878,54.849425
HL500,hs-timetabling_wt-BrazilInstance7.xml_old.wcnf,True,True,889.0,889.0,1.143801,1.032163,49.743412,48.752265
HL500,hs-timetabling_wt-FinlandSecondarySchool.xml_old.wcnf,True,True,817.0,817.0,1.51645,1.381497,1.51645,1.381497
HL500,hs-timetabling_wt-ItalyInstance4.xml_old.wcnf,True,True,12143.0,12143.0,9.223397,9.182966,19.116237,19.284956
HL500,judgment-aggregation-ja-kemeny-preflib-00049-00000300_old.wcnf,True,True,793.0,793.0,0.27009,0.226131,44.989536,44.415059
HL500,judgment-aggregation-ja-kemeny-preflib-00049-00000334_old.wcnf,True,True,612.0,612.0,0.151844,0.110451,52.27211,53.248137
HL500,judgment-aggregation-ja-kemeny-preflib-00049-00000451_old.wcnf,True,True,1020.0,1020.0,0.917298,1.414933,50.607433,47.265452
HL500,judgment-aggregation-ja-kemeny-preflib-00049-00000454_old.wcnf,True,True,715.0,715.0,0.291752,0.274343,57.87245,58.426279
HL500,judgment-aggregation-ja-kemeny-preflib-00051-00000011_old.wcnf,True,True,779.0,771.0,1.490124,1.602973,58.898048,59.975678
HL500,max-realizability_wt-power-distribution_11_7_old.wcnf,True,True,126.0,126.0,0.534698,0.515033,1.179387,1.139584
HL500,max-realizability_wt-power-distribution_12_8_old.wcnf,True,True,216.0,216.0,1.314513,1.307744,1.783352,1.799404
HL500,max-realizability_wt-robot-navigation_10_old.wcnf,True,True,39.0,39.0,10.870491,10.683612,10.870491,10.683612
HL500,metro_wt-metro_8_8_5_20_10_6_500_1_3.lp.sm-extracted_old.wcnf,True,True,215.0,215.0,6.37451,7.105124,10.40372,11.104214
HL500,mpe_wt-random-net-50-5_network-8.net_old.wcnf,True,True,48330.0,48330.0,0.074281,0.012331,33.219044,33.169679
HL500,pseudoBoolean_wt-normalized-mps-v2-20-10-sentoy.opb.msat_old.wcnf,True,True,9460.0,9460.0,0.261517,0.043252,0.261517,0.043252
HL500,railway-transport_wt-bf2030fvslack_old.wcnf,True,True,561747.0,264711.0,58.007234,18.501131,58.007234,43.646751
HL500,railway-transport_wt-f2030_old.wcnf,True,True,6979.0,6979.0,9.488085,2.759502,59.720215,52.722762
HL500,railway-transport_wt-r11_old.wcnf,True,True,73964834.0,68426962.0,54.235723,20.470639,59.981823,44.558739
HL500,railway-transport_wt-wg2_old.wcnf,True,True,866.0,866.0,13.894965,11.553723,41.007915,38.453383
HL500,ramsey_wt-ram_k3_n14.ra1_old.wcnf,True,True,3025.0,3025.0,0.072657,0.002694,0.563721,0.489691
HL500,ramsey_wt-ram_k3_n16.ra1_old.wcnf,True,True,7271.0,7271.0,0.026102,0.003387,0.465915,0.444407
HL500,ramsey_wt-ram_k3_n19.ra1_old.wcnf,True,True,20665.0,20665.0,0.047509,0.005313,1.241751,1.199449
HL500,ramsey_wt-ram_k4_n19.ra1_old.wcnf,True,True,1240.0,1240.0,0.096689,0.023837,8.120485,8.04152
HL500,relational-inference_wt-pa-1_old.wcnf,True,True,8282.0,8282.0,4.687011,2.726583,7.158971,5.180083
HL500,relational-inference_wt-pa-2_old.wcnf,True,True,3093.0,3093.0,38.679657,35.351931,38.753257,35.427631
HL500,relational-inference_wt-pa-3_old.wcnf,True,True,2967.0,446468655.0,34.577939,6.240518,57.496739,6.240518
HL500,setcover_wt-rail2536_old.wcnf,True,True,2147034.0,2147034.0,1.167363,0.964719,1.167363,0.964719
HL500,setcover_wt-rail4284_old.wcnf,True,True,2119198.0,2119198.0,1.060235,0.693262,1.060235,0.693262
HL500,setcover_wt-rail4872_old.wcnf,True,True,1873139.0,1873139.0,2.159458,0.553331,2.159458,0.553331
HL500,setcover_wt-rail507_old.wcnf,True,True,220.0,221.0,15.965565,3.209971,41.523105,43.336371
HL500,shiftdesign_wt-limits-10-10_data-1_inst-084_30m.sm-extracted_old.wcnf,True,True,49932711.0,49932711.0,10.988424,8.56987,10.988424,8.56987
HL500,shiftdesign_wt-limits-10-10_data-1_inst-137_30m.sm-extracted_old.wcnf,True,True,17244442.0,17244442.0,4.440402,5.03346,4.440402,5.03346
HL500,shiftdesign_wt-limits-10-10_data-1_inst-182_30m.sm-extracted_old.wcnf,True,True,30573006.0,30573006.0,9.468072,7.408333,9.468072,7.408333
HL500,shiftdesign_wt-limits-10-10_data-2_inst-003_30m.sm-extracted_old.wcnf,True,True,41321652.0,41321652.0,11.49043,7.723542,11.49043,7.723542
HL500,shiftdesign_wt-limits-10-10_data-2_inst-025_30m.sm-extracted_old.wcnf,True,True,56212258.0,56212258.0,11.537841,9.992821,11.537841,9.992821
HL500,shiftdesign_wt-limits-10-10_data-2_inst-030_30m.sm-extracted_old.wcnf,True,True,122128224.0,122128224.0,22.926491,21.694152,22.926491,21.694152
HL500,shiftdesign_wt-limits-10-10_data-3_inst-002_30m.sm-extracted_old.wcnf,True,True,35896155.0,35896155.0,7.987121,8.773071,7.987121,8.773071
HL500,shiftdesign_wt-limits-10-10_data-3_inst-003_30m.sm-extracted_old.wcnf,True,True,28190618.0,28190618.0,6.261324,5.332305,6.261324,5.332305
HL500,shiftdesign_wt-limits-10-10_data-4_inst-003_60m.sm-extracted_old.wcnf,True,True,87521039.0,87521039.0,17.375027,12.231463,17.375027,12.231463
HL500,spot5_wt-1401.wcsp.log_old.wcnf,True,True,468096.0,468096.0,0.028258,0.014361,7.602884,7.366854
HL500,spot5_wt-1403.wcsp.dir_old.wcnf,True,True,477264.0,477264.0,0.075754,0.015509,0.144338,0.084676
HL500,spot5_wt-1403.wcsp.log_old.wcnf,True,True,469238.0,469238.0,0.075896,0.01877,34.774426,34.604993
HL500,spot5_wt-1405.wcsp.dir_old.wcnf,True,True,475458.0,475458.0,0.143778,0.023041,0.334534,0.212584
HL500,spot5_wt-1506.wcsp.log_old.wcnf,True,True,360527.0,360527.0,0.050051,0.024526,34.504252,34.465649
HL500,spot5_wt-5.wcsp.log_old.wcnf,True,True,270.0,270.0,0.045271,0.013775,0.050523,0.01901
HL500,staff-scheduling_wt-instance10_old.wcnf,True,True,6550.0,6550.0,2.555672,3.221541,57.699272,58.784901
HL500,staff-scheduling_wt-instance11_old.wcnf,True,True,3653.0,3653.0,1.199861,1.059272,22.795963,23.051731
HL500,staff-scheduling_wt-instance12_old.wcnf,True,True,7671.0,7671.0,4.145644,3.62912,13.842314,11.77442
HL500,staff-scheduling_wt-instance2_old.wcnf,True,True,838.0,838.0,0.036385,0.016577,3.616591,3.607498
HL500,staff-scheduling_wt-instance3_old.wcnf,True,True,1026.0,1026.0,0.105129,0.048334,15.43724,15.235504
HL500,staff-scheduling_wt-instance4_old.wcnf,True,True,1740.0,1740.0,0.093881,0.026483,41.333579,40.942354
HL500,staff-scheduling_wt-instance5_old.wcnf,True,True,1287.0,1287.0,0.130588,0.075028,25.431748,25.397904
HL500,staff-scheduling_wt-instance6_old.wcnf,True,True,2081.0,2081.0,0.141338,0.092523,10.601762,10.583744
HL500,staff-scheduling_wt-instance7_old.wcnf,True,True,1178.0,1178.0,0.216248,0.117454,46.44659,46.165772
HL500,staff-scheduling_wt-instance8_old.wcnf,True,True,2848.0,2848.0,0.687515,0.651232,20.639971,18.339444
HL500,staff-scheduling_wt-instance9_old.wcnf,True,True,2161.0,2142.0,1.848458,1.584656,47.606658,58.94814
HL500,switchingactivitymaximization-SwitchingActivityMaximization_OpenRISC1200_100_old.wcnf,True,True,392.0,392.0,1.088075,0.761246,1.088075,0.761246
HL500,switchingactivitymaximization-SwitchingActivityMaximization_OpenRISC1200_150_old.wcnf,True,True,528.0,528.0,1.231364,0.756157,1.231364,0.756157
HL500,switchingactivitymaximization-SwitchingActivityMaximization_OpenRISC1200_200_old.wcnf,True,True,602.0,602.0,2.059893,1.309977,2.059893,1.309977
HL500,switchingactivitymaximization-SwitchingActivityMaximization_OpenRISC1200_66_old.wcnf,True,True,228.0,228.0,2.321311,0.825885,2.321311,0.825885
HL500,switchingactivitymaximization-SwitchingActivityMaximization_OpenRISC1200_68_old.wcnf,True,True,193.0,193.0,1.591115,0.812424,1.591115,0.812424
HL500,switchingactivitymaximization-SwitchingActivityMaximization_OpenRISC1200_70_old.wcnf,True,True,240.0,240.0,1.483199,1.238165,1.483199,1.238165
HL500,switchingactivitymaximization-SwitchingActivityMaximization_OpenRISC1200_72_old.wcnf,True,True,202.0,202.0,1.982442,0.761323,1.982442,0.761323
HL500,switchingactivitymaximization-SwitchingActivityMaximization_OpenRISC1200_80_old.wcnf,True,True,306.0,306.0,2.450808,8.723663,2.450808,8.723663
HL500,switchingactivitymaximization-SwitchingActivityMaximization_OpenRISC1200_90_old.wcnf,True,True,283.0,283.0,6.267462,1.654909,6.267462,1.654909
HL500,tcp_wt-tcp_students_112_it_2_old.wcnf,True,True,3699.0,3699.0,1.227663,0.2458,44.964902,44.907474
HL500,timetabling_wt-comp02_old.wcnf,True,True,136.0,136.0,1.846114,0.82774,9.246761,8.332134
HL500,timetabling_wt-comp09_old.wcnf,True,True,135.0,135.0,1.37508,0.799568,27.184037,27.317213
HL500,timetabling_wt-comp12_old.wcnf,True,True,560.0,555.0,1.452485,0.64724,33.581973,59.925581
HL500,timetabling_wt-dds4_old.wcnf,False,False,,,,,,
K1000,MaxSATQueriesinInterpretableClassifiers_wt-credit_train_8_CNF_5_20_old.wcnf,True,True,96480.0,96244.0,15.021479,14.073529,43.861201,14.620523
K1000,MaxSATQueriesinInterpretableClassifiers_wt-pima_train_6_CNF_3_20_old.wcnf,True,True,3310.0,3089.0,0.044567,0.009051,33.395268,0.017312
K1000,MaxSATQueriesinInterpretableClassifiers_wt-toms_test_2_CNF_3_20_old.wcnf,True,True,195.0,195.0,0.609756,0.565334,7.252474,7.268935
K1000,MinimumWeightDominatingSetProblem_wt-bn-human-BNU_1_0025865_session_1-bg_old.wcnf,True,True,140539244.0,140539244.0,6.239282,3.839224,6.239282,3.839224
K1000,MinimumWeightDominatingSetProblem_wt-channel-500x100x100-b050_old.wcnf,True,True,478624478.0,478435131.0,21.004552,20.02116,60.487852,61.34446
K1000,MinimumWeightDominatingSetProblem_wt-delaunay_n24_old.wcnf,True,True,1685918983.0,1686108752.0,50.026828,16.372011,62.178028,16.372011
K1000,MinimumWeightDominatingSetProblem_wt-hugebubbles-00020_old.wcnf,True,True,2130406259.0,2130406259.0,31.237817,22.889305,31.237817,22.889305
K1000,MinimumWeightDominatingSetProblem_wt-inf-road-usa_old.wcnf,True,True,2406704625.0,2406515295.0,26.741276,45.934078,26.741276,63.341178
K1000,MinimumWeightDominatingSetProblem_wt-rgg_n_2_24_s0_old.wcnf,True,True,1686108752.0,1686108752.0,45.573177,21.58151,45.573177,21.58151
K1000,MinimumWeightDominatingSetProblem_wt-sc-rel9_old.wcnf,True,True,593056574.0,593245812.0,35.612281,35.938508,61.275281,60.395308
K1000,MinimumWeightDominatingSetProblem_wt-soc-livejournal-user-groups_old.wcnf,True,True,752647274.0,752647274.0,26.920119,21.206109,26.920119,21.206109
K1000,MinimumWeightDominatingSetProblem_wt-web-wikipedia2009_old.wcnf,True,True,174611880.0,35092853.0,11.480486,10.213388,60.605716,13.438568
K1000,ParametricRBACMaintenance_mse20_wt-role_domino_multiple_0.1_8_old.wcnf,True,True,47682.0,47682.0,2.163202,1.801582,12.370532,11.964362
K1000,ParametricRBACMaintenance_mse20_wt-role_domino_multiple_0.2_0_old.wcnf,True,True,74189.0,72339.0,2.160493,2.157677,9.582683,12.987237
K1000,ParametricRBACMaintenance_mse20_wt-role_domino_multiple_0.5_1_old.wcnf,True,True,144463.0,144463.0,3.119143,1.935962,10.266053,7.883112
K1000,ParametricRBACMaintenance_mse20_wt-role_domino_multiple_0.6_8_old.wcnf,True,True,159871.0,159871.0,2.134829,1.837882,11.652069,11.121932
K1000,ParametricRBACMaintenance_mse20_wt-role_smallcomp_multiple_0.7_2_old.wcnf,True,True,277373.0,277373.0,12.558033,12.518499,58.706988,58.95018
K1000,ParametricRBACMaintenance_mse20_wt-role_smallcomp_multiple_0.7_6_old.wcnf,True,True,252179.0,252179.0,0.029064,0.01001,3.486914,3.494451
K1000,ParametricRBACMaintenance_mse20_wt-role_smallcomp_multiple_0.8_1_old.wcnf,True,True,350793.0,350793.0,0.027103,0.009579,10.317219,10.325695
K1000,ParametricRBACMaintenance_mse20_wt-role_smallcomp_multiple_0.9_6_old.wcnf,True,True,282321.0,282321.0,0.051007,0.009982,0.191686,0.151189
K1000,ParametricRBACMaintenance_mse20_wt-role_university_multiple_0.1_1_old.wcnf,True,True,63653.0,63134.0,2.951354,2.654228,11.422634,13.356928
K1000,ParametricRBACMaintenance_mse20_wt-role_university_multiple_0.4_7_old.wcnf,True,True,234414.0,234414.0,4.696812,4.00433,11.854412,10.3625
K1000,ParametricRBACMaintenance_mse20_wt-role_university_multiple_0.5_4_old.wcnf,True,True,215348.0,215348.0,3.291607,2.66243,13.458707,11.62384
K1000,ParametricRBACMaintenance_mse20_wt-role_university_multiple_0.5_5_old.wcnf,True,True,198362.0,198362.0,3.076692,3.429233,12.371532,12.730953
K1000,ParametricRBACMaintenance_mse20_wt-role_university_multiple_0.5_7_old.wcnf,True,True,263585.0,263585.0,3.979872,3.622028,9.758902,8.683068
K1000,abstraction-refinement_wt-downcast-antlr_old.wcnf,True,True,79566.0,78873.0,9.610021,22.906578,9.610021,25.492828
K1000,abstraction-refinement_wt-downcast-avrora_old.wcnf,True,True,49759.0,49759.0,14.415457,15.462168,18.520547,19.608318
K1000,abstraction-refinement_wt-downcast-hsqldb_old.wcnf,True,True,32293.0,32293.0,31.648643,32.239789,40.549243,41.656889
K1000,abstraction-refinement_wt-downcast-pmd_old.wcnf,True,True,6287.0,6287.0,31.192836,32.087073,41.553736,42.776673
K1000,abstraction-refinement_wt-downcast-xalan_old.wcnf,True,True,65593.0,65628.0,16.6016,17.797398,59.13149,39.741568
K1000,abstraction-refinement_wt-polysite-avrora_old.wcnf,True,True,55020.0,55020.0,16.46761,14.30057,20.44499,18.27937
K1000,abstraction-refinement_wt-polysite-bloat_old.wcnf,True,True,2397.0,2950.0,45.862395,48.449546,61.341495,61.815146
K1000,abstraction-refinement_wt-polysite-hsqldb_old.wcnf,True,True,177778.0,175624.0,14.378859,33.776841,14.378859,41.572641
K1000,abstraction-refinement_wt-polysite-pmd_old.wcnf,True,True,190826.0,190826.0,26.473427,26.69342,34.166027,33.93512
K1000,abstraction-refinement_wt-polysite-xalan_old.wcnf,True,True,117742.0,117742.0,22.222937,20.234728,27.096837,25.276008
K1000,causal-discovery_wt-causal_Link_10_10000_old.wcnf,True,True,39112847.0,39112847.0,3.546758,3.236562,14.887858,14.734112
K1000,causal-discovery_wt-causal_Link_10_1000_old.wcnf,True,True,33562494.0,33562494.0,3.653289,3.230726,30.145389,21.388856
K1000,causal-discovery_wt-causal_Link_9_100_old.wcnf,True,True,3242187.0,3242187.0,1.996114,0.512857,1.996114,0.512857
K1000,causal-discovery_wt-causal_Mushroom_7_1000_old.wcnf,True,True,9414169.0,9384011.0,0.1554,0.135535,17.869041,35.386432
K1000,causal-discovery_wt-causal_Pigs_6_1000_old.wcnf,True,True,35110976.0,35110976.0,0.604325,0.179024,0.604325,0.179024
K1000,causal-discovery_wt-causal_Water_10_1000_old.wcnf,True,True,45193159.0,45193159.0,3.237911,3.217141,11.619061,11.601611
K1000,causal-discovery_wt-causal_alarm_9_1000_old.wcnf,True,True,36049513.0,36049513.0,1.268197,1.263217,10.24051,9.463781
K1000,causal-discovery_wt-causal_carpo_8_1000_old.wcnf,True,True,2244087.0,2244087.0,0.460445,0.401895,59.12291,10.086395
K1000,correlation-clustering_wt-Rounded_CorrelationClustering_Ionosphere_BINARY_N260_D0.200_old.wcnf,True,True,7014701.0,7014701.0,0.449744,0.43895,7.573165,7.663336
K1000,correlation-clustering_wt-Rounded_CorrelationClustering_Protein1_UNARY_N290_old.wcnf,True,True,32090014.0,32090014.0,4.987195,5.008383,6.811545,6.852693
K1000,correlation-clustering_wt-Rounded_CorrelationClustering_Protein2_BINARY_N220_old.wcnf,True,True,14004102.0,14004102.0,0.195893,0.157206,8.168712,8.416857
K1000,correlation-clustering_wt-Rounded_CorrelationClustering_Protein2_BINARY_N240_old.wcnf,True,True,16116883.0,16116883.0,0.206399,0.189445,8.4641,8.616105
K1000,correlation-clustering_wt-Rounded_CorrelationClustering_Protein2_BINARY_N380_old.wcnf,True,True,39198852.0,39198852.0,0.516161,0.490827,12.039557,11.824985
K1000,correlation-clustering_wt-Rounded_CorrelationClustering_Protein2_UNARY_N220_old.wcnf,True,True,21300102.0,21300102.0,2.815447,2.547995,3.672867,3.425735
K1000,correlation-clustering_wt-Rounded_CorrelationClustering_Protein3_TRANSITIVE_N280_old.wcnf,True,True,185255761.0,184847771.0,9.352062,9.299735,30.006912,12.839395
K1000,correlation-clustering_wt-Rounded_CorrelationClustering_Protein3_UNARY_N220_old.wcnf,True,True,19154505.0,19154505.0,2.514262,2.455956,4.591722,4.511446
K1000,correlation-clustering_wt-Rounded_CorrelationClustering_Protein4_BINARY_N320_old.wcnf,True,True,14733167.0,14733167.0,0.208796,0.18939,7.974472,7.990084
K1000,correlation-clustering_wt-Rounded_CorrelationClustering_Protein4_UNARY_N250_old.wcnf,True,True,11103273.0,11103273.0,2.533845,2.356098,11.481845,12.067108
K1000,correlation-clustering_wt-Rounded_CorrelationClustering_Vowel_BINARY_N700_D0.200_old.wcnf,True,True,75201247.0,75201247.0,2.389101,2.383724,2.576081,2.605464
K1000,correlation-clustering_wt-Rounded_CorrelationClustering_Vowel_BINARY_N800_D0.200_old.wcnf,True,True,86276967.0,86276967.0,3.327337,3.383781,8.202637,8.358761
K1000,decision-tree-anneal-un-formula_0.8_2021_atleast_31_max-4_reduced_incomplete_adaboost_3_old.wcnf,True,True,355.0,355.0,1.553209,1.465994,3.154289,3.079944
K1000,decision-tree-anneal-un-formula_0.8_2021_atleast_31_max-4_reduced_incomplete_adaboost_5_old.wcnf,True,True,762.0,762.0,1.528031,1.49735,8.742101,8.285
K1000,decision-tree-australian-credit-un-formula_0.8_2021_atleast_31_max-4_reduced_incomplete_adaboost_5_old.wcnf,True,True,575.0,575.0,2.22725,2.03333,4.0739,3.87829
K1000,decision-tree-heart-cleveland-un-formula_0.8_2021_atleast_127_max-6_reduced_incomplete_adaboost_2_old.wcnf,True,True,139.0,72.0,3.043973,8.212346,3.043973,8.262896
K1000,decision-tree-heart-cleveland-un-formula_0.8_2021_atleast_15_max-3_reduced_incomplete_adaboost_4_old.wcnf,True,True,138.0,138.0,0.31645,0.289831,0.501206,0.474539
K1000,decision-tree-heart-cleveland-un-formula_0.8_2021_atleast_31_max-4_reduced_incomplete_adaboost_4_old.wcnf,True,True,146.0,146.0,0.730533,0.695809,1.028816,0.987904
K1000,decision-tree-heart-cleveland-un-formula_0.8_2021_atleast_31_max-4_reduced_incomplete_adaboost_6_old.wcnf,True,True,240.0,240.0,0.759052,0.736034,1.454042,1.422265
K1000,decision-tree-primary-tumor-un-formula_0.8_2021_atleast_127_max-6_reduced_incomplete_adaboost_2_old.wcnf,True,True,113.0,113.0,3.559732,2.834762,5.835292,4.785172
K1000,decision-tree-primary-tumor-un-formula_0.8_2021_atleast_127_max-6_reduced_incomplete_adaboost_4_old.wcnf,True,True,212.0,212.0,4.117007,3.108786,4.258837,3.252446
K1000,decision-tree-primary-tumor-un-formula_0.8_2021_atleast_15_max-3_reduced_incomplete_adaboost_2_old.wcnf,True,True,84.0,84.0,0.138589,0.099148,4.743873,4.741416
K1000,decision-tree-primary-tumor-un-formula_0.8_2021_atleast_31_max-4_reduced_incomplete_adaboost_4_old.wcnf,True,True,155.0,155.0,0.272315,0.254968,4.112743,4.120516
K1000,decision-tree-primary-tumor-un-formula_0.8_2021_atleast_63_max-5_reduced_incomplete_adaboost_6_old.wcnf,True,True,338.0,338.0,0.812037,1.256235,1.644059,2.085517
K1000,decision-tree-tic-tac-toe-un-formula_0.8_2021_atleast_15_max-3_reduced_incomplete_adaboost_2_old.wcnf,True,True,335.0,335.0,0.280565,0.218498,0.432684,0.360651
K1000,decision-tree-tic-tac-toe-un-formula_0.8_2021_atleast_15_max-3_reduced_incomplete_adaboost_3_old.wcnf,True,True,443.0,443.0,0.324483,0.249119,0.400081,0.324857
K1000,decision-tree-tic-tac-toe-un-formula_0.8_2021_atleast_31_max-4_reduced_incomplete_adaboost_2_old.wcnf,True,True,286.0,286.0,0.444517,0.411931,0.444517,0.411931
K1000,drmx-cryptogen_wt-geffe128_7_old.wcnf,True,True,811.0,811.0,0.019867,0.007014,29.304254,29.323854
K1000,generalized-ising_wt-IS11_5.0.5.0.0.5_softer_periodic_old.wcnf,True,True,112229069992697.0,112229069992697.0,0.051307,0.034781,0.668252,0.652045
K1000,generalized-ising_wt-IS12_5.0.5.0.0.5_softer_periodic_old.wcnf,True,True,113171466486232.0,113171466486232.0,0.233224,0.034393,0.239781,0.040826
K1000,generalized-ising_wt-IS13_5.0.5.0.0.5_softer_periodic_old.wcnf,True,True,119401387482250.0,119401387482250.0,0.081375,0.03483,0.085178,0.038225
K1000,generalized-ising_wt-IS15_5.0.5.0.0.5_softer_periodic_old.wcnf,True,True,114658059944605.0,114658059944605.0,0.106127,0.03435,0.111152,0.038858
K1000,generalized-ising_wt-IS16_5.0.5.0.0.5_softer_periodic_old.wcnf,True,True,115258059944605.0,115258059944605.0,0.381611,0.034283,6.466168,6.07716
K1000,generalized-ising_wt-IS17_5.0.5.0.0.5_softer_periodic_old.wcnf,True,True,115902780531937.0,115902780531937.0,0.058803,0.034245,14.651764,14.517525
K1000,generalized-ising_wt-IS20_5.0.5.0.0.5_softer_periodic_old.wcnf,True,True,119388436533623.0,119388436533623.0,0.079473,0.03485,0.120177,0.074317
K1000,generalized-ising_wt-IS22_5.0.5.0.0.5_softer_periodic_old.wcnf,True,True,119112776308211.0,119112776308211.0,0.048958,0.035299,0.059808,0.046008
K1000,generalized-ising_wt-IS23_5.0.5.0.0.5_softer_periodic_old.wcnf,True,True,118663520151734.0,118663520151734.0,0.050812,0.034379,0.113351,0.095681
K1000,generalized-ising_wt-IS3_5.0.5.0.0.5_softer_periodic_old.wcnf,True,True,116804575996363.0,116804575996363.0,0.136658,0.034659,6.525039,6.455007
K1000,generalized-ising_wt-IS4_5.0.5.0.0.5_softer_periodic_old.wcnf,True,True,115857504490177.0,115857504490177.0,0.080799,0.034853,0.119734,0.075871
K1000,generalized-ising_wt-IS5_5.0.5.0.0.5_softer_periodic_old.wcnf,True,True,114843630201223.0,114843630201223.0,0.058437,0.035088,0.54742,0.530383
K1000,generalized-ising_wt-IS6_5.0.5.0.0.5_softer_periodic_old.wcnf,True,True,113797656078091.0,113797656078091.0,0.05406,0.03445,0.125752,0.105827
K1000,generalized-ising_wt-IS7_5.0.5.0.0.5_softer_periodic_old.wcnf,True,True,112706601923009.0,112706601923009.0,0.053455,0.0351,0.085407,0.067168
K1000,generalized-ising_wt-IS9_5.0.5.0.0.5_softer_periodic_old.wcnf,True,True,110066981524169.0,110066981524169.0,0.078338,0.034482,0.115075,0.071306
K1000,hs-timetabling_wt-BrazilInstance1.xml_old.wcnf,True,True,117.0,117.0,0.102949,0.089749,41.348795,41.354802
K1000,hs-timetabling_wt-BrazilInstance2.xml_old.wcnf,True,True,149.0,149.0,0.231236,0.207432,50.061829,50.176099
K1000,hs-timetabling_wt-BrazilInstance4.xml_old.wcnf,True,True,267.0,267.0,1.486495,1.357529,1.486495,1.357529
K1000,hs-timetabling_wt-BrazilInstance5.xml_old.wcnf,True,True,490.0,490.0,1.216193,0.561904,29.200132,28.863824
K1000,hs-timetabling_wt-BrazilInstance6.xml_old.wcnf,True,True,546.0,546.0,0.852152,0.7878,55.44878,55.903925
K1000,hs-timetabling_wt-BrazilInstance7.xml_old.wcnf,True,True,889.0,889.0,1.143801,1.111019,49.743412,50.382675
K1000,hs-timetabling_wt-FinlandSecondarySchool.xml_old.wcnf,True,True,817.0,817.0,1.51645,1.453092,1.51645,1.453092
K1000,hs-timetabling_wt-ItalyInstance4.xml_old.wcnf,True,True,12143.0,12143.0,9.223397,10.584482,19.116237,20.996982
K1000,judgment-aggregation-ja-kemeny-preflib-00049-00000300_old.wcnf,True,True,793.0,883.0,0.27009,0.232215,44.989536,46.90713
K1000,judgment-aggregation-ja-kemeny-preflib-00049-00000334_old.wcnf,True,True,612.0,634.0,0.151844,0.113408,52.27211,28.89053
K1000,judgment-aggregation-ja-kemeny-preflib-00049-00000451_old.wcnf,True,True,1020.0,1006.0,0.917298,0.865228,50.607433,54.65922
K1000,judgment-aggregation-ja-kemeny-preflib-00049-00000454_old.wcnf,True,True,715.0,672.0,0.291752,0.290985,57.87245,25.97017
K1000,judgment-aggregation-ja-kemeny-preflib-00051-00000011_old.wcnf,True,True,779.0,729.0,1.490124,1.336496,58.898048,57.212039
K1000,max-realizability_wt-power-distribution_11_7_old.wcnf,True,True,126.0,126.0,0.534698,0.528203,1.179387,1.195111
K1000,max-realizability_wt-power-distribution_12_8_old.wcnf,True,True,216.0,216.0,1.314513,1.28639,1.783352,1.796754
K1000,max-realizability_wt-robot-navigation_10_old.wcnf,True,True,39.0,39.0,10.870491,11.696548,10.870491,11.696548
K1000,metro_wt-metro_8_8_5_20_10_6_500_1_3.lp.sm-extracted_old.wcnf,True,True,215.0,215.0,6.37451,6.404664,10.40372,10.441764
K1000,mpe_wt-random-net-50-5_network-8.net_old.wcnf,True,True,48330.0,48187.0,0.074281,0.011882,33.219044,46.548342
K1000,pseudoBoolean_wt-normalized-mps-v2-20-10-sentoy.opb.msat_old.wcnf,True,True,9460.0,9460.0,0.261517,0.043422,0.261517,0.043422
K1000,railway-transport_wt-bf2030fvslack_old.wcnf,True,True,561747.0,264711.0,58.007234,19.792915,58.007234,40.620405
K1000,railway-transport_wt-f2030_old.wcnf,True,True,6979.0,6589.0,9.488085,2.845663,59.720215,59.557293
K1000,railway-transport_wt-r11_old.wcnf,True,True,73964834.0,68398759.0,54.235723,19.114349,59.981823,58.966749
K1000,railway-transport_wt-wg2_old.wcnf,True,True,866.0,978.0,13.894965,12.147579,41.007915,40.681829
K1000,ramsey_wt-ram_k3_n14.ra1_old.wcnf,True,True,3025.0,3025.0,0.072657,0.00222,0.563721,0.488154
K1000,ramsey_wt-ram_k3_n16.ra1_old.wcnf,True,True,7271.0,7271.0,0.026102,0.002808,0.465915,0.443509
K1000,ramsey_wt-ram_k3_n19.ra1_old.wcnf,True,True,20665.0,20665.0,0.047509,0.016725,1.241751,1.20789
K1000,ramsey_wt-ram_k4_n19.ra1_old.wcnf,True,True,1240.0,1240.0,0.096689,0.011123,8.120485,8.013156
K1000,relational-inference_wt-pa-1_old.wcnf,True,True,8282.0,8282.0,4.687011,2.911391,7.158971,5.353851
K1000,relational-inference_wt-pa-2_old.wcnf,True,True,3093.0,391009241.0,38.679657,5.382232,38.753257,5.382232
K1000,relational-inference_wt-pa-3_old.wcnf,True,True,2967.0,446468655.0,34.577939,9.215202,57.496739,9.215202
K1000,setcover_wt-rail2536_old.wcnf,True,True,2147034.0,2147034.0,1.167363,0.68158,1.167363,0.68158
K1000,setcover_wt-rail4284_old.wcnf,True,True,2119198.0,2119198.0,1.060235,0.707678,1.060235,0.707678
K1000,setcover_wt-rail4872_old.wcnf,True,True,1873139.0,1873139.0,2.159458,0.568505,2.159458,0.568505
K1000,setcover_wt-rail507_old.wcnf,True,True,220.0,229.0,15.965565,2.887354,41.523105,11.361464
K1000,shiftdesign_wt-limits-10-10_data-1_inst-084_30m.sm-extracted_old.wcnf,True,True,49932711.0,49932711.0,10.988424,8.329101,10.988424,8.329101
K1000,shiftdesign_wt-limits-10-10_data-1_inst-137_30m.sm-extracted_old.wcnf,True,True,17244442.0,17244442.0,4.440402,4.52729,4.440402,4.52729
K1000,shiftdesign_wt-limits-10-10_data-1_inst-182_30m.sm-extracted_old.wcnf,True,True,30573006.0,30573006.0,9.468072,7.570978,9.468072,7.570978
K1000,shiftdesign_wt-limits-10-10_data-2_inst-003_30m.sm-extracted_old.wcnf,True,True,41321652.0,41321652.0,11.49043,7.698012,11.49043,7.698012
K1000,shiftdesign_wt-limits-10-10_data-2_inst-025_30m.sm-extracted_old.wcnf,True,True,56212258.0,56212258.0,11.537841,9.887843,11.537841,9.887843
K1000,shiftdesign_wt-limits-10-10_data-2_inst-030_30m.sm-extracted_old.wcnf,True,True,122128224.0,122128224.0,22.926491,20.141714,22.926491,20.141714
K1000,shiftdesign_wt-limits-10-10_data-3_inst-002_30m.sm-extracted_old.wcnf,True,True,35896155.0,35896155.0,7.987121,6.239012,7.987121,6.239012
K1000,shiftdesign_wt-limits-10-10_data-3_inst-003_30m.sm-extracted_old.wcnf,True,True,28190618.0,28190618.0,6.261324,4.731154,6.261324,4.731154
K1000,shiftdesign_wt-limits-10-10_data-4_inst-003_60m.sm-extracted_old.wcnf,True,True,87521039.0,87521039.0,17.375027,11.847458,17.375027,11.847458
K1000,spot5_wt-1401.wcsp.log_old.wcnf,True,True,468096.0,468098.0,0.028258,0.014905,7.602884,20.809395
K1000,spot5_wt-1403.wcsp.dir_old.wcnf,True,True,477264.0,477258.0,0.075754,0.016011,0.144338,55.673512
K1000,spot5_wt-1403.wcsp.log_old.wcnf,True,True,469238.0,469242.0,0.075896,0.019835,34.774426,59.025279
K1000,spot5_wt-1405.wcsp.dir_old.wcnf,True,True,475458.0,473437.0,0.143778,0.023502,0.334534,30.801998
K1000,spot5_wt-1506.wcsp.log_old.wcnf,True,True,360527.0,364526.0,0.050051,0.024553,34.504252,51.989944
K1000,spot5_wt-5.wcsp.log_old.wcnf,True,True,270.0,268.0,0.045271,0.01357,0.050523,0.022658
K1000,staff-scheduling_wt-instance10_old.wcnf,True,True,6550.0,6625.0,2.555672,2.655218,57.699272,36.387648
K1000,staff-scheduling_wt-instance11_old.wcnf,True,True,3653.0,3653.0,1.199861,1.163694,22.795963,25.405269
K1000,staff-scheduling_wt-instance12_old.wcnf,True,True,7671.0,7671.0,4.145644,4.524899,13.842314,13.362239
K1000,staff-scheduling_wt-instance2_old.wcnf,True,True,838.0,838.0,0.036385,0.016786,3.616591,3.579795
K1000,staff-scheduling_wt-instance3_old.wcnf,True,True,1026.0,1026.0,0.105129,0.048141,15.43724,15.42507
K1000,staff-scheduling_wt-instance4_old.wcnf,True,True,1740.0,1740.0,0.093881,0.026953,41.333579,40.829753
K1000,staff-scheduling_wt-instance5_old.wcnf,True,True,1287.0,1287.0,0.130588,0.075409,25.431748,25.767682
K1000,staff-scheduling_wt-instance6_old.wcnf,True,True,2081.0,2081.0,0.141338,0.093246,10.601762,10.743184
K1000,staff-scheduling_wt-instance7_old.wcnf,True,True,1178.0,1178.0,0.216248,0.121395,46.44659,46.523435
K1000,staff-scheduling_wt-instance8_old.wcnf,True,True,2848.0,2848.0,0.687515,0.565507,20.639971,18.900774
K1000,staff-scheduling_wt-instance9_old.wcnf,True,True,2161.0,2161.0,1.848458,1.691893,47.606658,42.473296
K1000,switchingactivitymaximization-SwitchingActivityMaximization_OpenRISC1200_100_old.wcnf,True,True,392.0,392.0,1.088075,0.780082,1.088075,0.780082
K1000,switchingactivitymaximization-SwitchingActivityMaximization_OpenRISC1200_150_old.wcnf,True,True,528.0,528.0,1.231364,0.78324,1.231364,0.78324
K1000,switchingactivitymaximization-SwitchingActivityMaximization_OpenRISC1200_200_old.wcnf,True,True,602.0,602.0,2.059893,0.822057,2.059893,0.822057
K1000,switchingactivitymaximization-SwitchingActivityMaximization_OpenRISC1200_66_old.wcnf,True,True,228.0,228.0,2.321311,0.777626,2.321311,0.777626
K1000,switchingactivitymaximization-SwitchingActivityMaximization_OpenRISC1200_68_old.wcnf,True,True,193.0,193.0,1.591115,0.787908,1.591115,0.787908
K1000,switchingactivitymaximization-SwitchingActivityMaximization_OpenRISC1200_70_old.wcnf,True,True,240.0,240.0,1.483199,0.774077,1.483199,0.774077
K1000,switchingactivitymaximization-SwitchingActivityMaximization_OpenRISC1200_72_old.wcnf,True,True,202.0,202.0,1.982442,0.78045,1.982442,0.78045
K1000,switchingactivitymaximization-SwitchingActivityMaximization_OpenRISC1200_80_old.wcnf,True,True,306.0,306.0,2.450808,0.787954,2.450808,0.787954
K1000,switchingactivitymaximization-SwitchingActivityMaximization_OpenRISC1200_90_old.wcnf,True,True,283.0,283.0,6.267462,0.775932,6.267462,0.775932
K1000,tcp_wt-tcp_students_112_it_2_old.wcnf,True,True,3699.0,3699.0,1.227663,0.248924,44.964902,43.162737
K1000,timetabling_wt-comp02_old.wcnf,True,True,136.0,136.0,1.846114,0.869163,9.246761,8.909998
K1000,timetabling_wt-comp09_old.wcnf,True,True,135.0,135.0,1.37508,0.816413,27.184037,27.884376
K1000,timetabling_wt-comp12_old.wcnf,True,True,560.0,560.0,1.452485,0.639484,33.581973,29.248861
K1000,timetabling_wt-dds4_old.wcnf,False,False,,,,,,
K500,MaxSATQueriesinInterpretableClassifiers_wt-credit_train_8_CNF_5_20_old.wcnf,True,True,96480.0,95693.0,15.021479,14.087394,43.861201,59.223981
K500,MaxSATQueriesinInterpretableClassifiers_wt-pima_train_6_CNF_3_20_old.wcnf,True,True,3310.0,2935.0,0.044567,0.008902,33.395268,2.234906
K500,MaxSATQueriesinInterpretableClassifiers_wt-toms_test_2_CNF_3_20_old.wcnf,True,True,195.0,195.0,0.609756,0.559035,7.252474,7.416052
K500,MinimumWeightDominatingSetProblem_wt-bn-human-BNU_1_0025865_session_1-bg_old.wcnf,True,True,140539244.0,140539244.0,6.239282,3.850116,6.239282,3.850116
K500,MinimumWeightDominatingSetProblem_wt-channel-500x100x100-b050_old.wcnf,True,True,478624478.0,478435131.0,21.004552,19.071463,60.487852,60.076463
K500,MinimumWeightDominatingSetProblem_wt-delaunay_n24_old.wcnf,True,True,1685918983.0,1686108752.0,50.026828,17.404727,62.178028,17.404727
K500,MinimumWeightDominatingSetProblem_wt-hugebubbles-00020_old.wcnf,True,True,2130406259.0,2130406259.0,31.237817,36.441448,31.237817,36.441448
K500,MinimumWeightDominatingSetProblem_wt-inf-road-usa_old.wcnf,True,False,2406704625.0,,26.741276,48.073461,26.741276,64.296561
K500,MinimumWeightDominatingSetProblem_wt-rgg_n_2_24_s0_old.wcnf,True,True,1686108752.0,1686108752.0,45.573177,48.369531,45.573177,48.369531
K500,MinimumWeightDominatingSetProblem_wt-sc-rel9_old.wcnf,True,True,593056574.0,592867377.0,35.612281,32.524861,61.275281,60.827761
K500,MinimumWeightDominatingSetProblem_wt-soc-livejournal-user-groups_old.wcnf,True,True,752647274.0,752647274.0,26.920119,24.498119,26.920119,24.498119
K500,MinimumWeightDominatingSetProblem_wt-web-wikipedia2009_old.wcnf,True,True,174611880.0,35092853.0,11.480486,10.163037,60.605716,13.417237
K500,ParametricRBACMaintenance_mse20_wt-role_domino_multiple_0.1_8_old.wcnf,True,True,47682.0,47682.0,2.163202,2.881427,12.370532,12.484417
K500,ParametricRBACMaintenance_mse20_wt-role_domino_multiple_0.2_0_old.wcnf,True,True,74189.0,72339.0,2.160493,2.501826,9.582683,13.440956
K500,ParametricRBACMaintenance_mse20_wt-role_domino_multiple_0.5_1_old.wcnf,True,True,144463.0,144463.0,3.119143,1.884037,10.266053,7.876437
K500,ParametricRBACMaintenance_mse20_wt-role_domino_multiple_0.6_8_old.wcnf,True,True,159871.0,159871.0,2.134829,1.995183,11.652069,11.665013
K500,ParametricRBACMaintenance_mse20_wt-role_smallcomp_multiple_0.7_2_old.wcnf,True,True,277373.0,277436.0,12.558033,12.527772,58.706988,58.818939
K500,ParametricRBACMaintenance_mse20_wt-role_smallcomp_multiple_0.7_6_old.wcnf,True,True,252179.0,252179.0,0.029064,0.010028,3.486914,3.469887
K500,ParametricRBACMaintenance_mse20_wt-role_smallcomp_multiple_0.8_1_old.wcnf,True,True,350793.0,350793.0,0.027103,0.009482,10.317219,10.283836
K500,ParametricRBACMaintenance_mse20_wt-role_smallcomp_multiple_0.9_6_old.wcnf,True,True,282321.0,282321.0,0.051007,0.045803,0.191686,0.186726
K500,ParametricRBACMaintenance_mse20_wt-role_university_multiple_0.1_1_old.wcnf,True,True,63653.0,63653.0,2.951354,2.85426,11.422634,12.05231
K500,ParametricRBACMaintenance_mse20_wt-role_university_multiple_0.4_7_old.wcnf,True,True,234414.0,234414.0,4.696812,3.764291,11.854412,9.707371
K500,ParametricRBACMaintenance_mse20_wt-role_university_multiple_0.5_4_old.wcnf,True,True,215348.0,215348.0,3.291607,2.796401,13.458707,11.223061
K500,ParametricRBACMaintenance_mse20_wt-role_university_multiple_0.5_5_old.wcnf,True,True,198362.0,198362.0,3.076692,2.979169,12.371532,11.513419
K500,ParametricRBACMaintenance_mse20_wt-role_university_multiple_0.5_7_old.wcnf,True,True,263585.0,263585.0,3.979872,3.880194,9.758902,9.766834
K500,abstraction-refinement_wt-downcast-antlr_old.wcnf,True,True,79566.0,79566.0,9.610021,8.994457,9.610021,8.994457
K500,abstraction-refinement_wt-downcast-avrora_old.wcnf,True,True,49759.0,49759.0,14.415457,14.818076,18.520547,18.950226
K500,abstraction-refinement_wt-downcast-hsqldb_old.wcnf,True,True,32293.0,32293.0,31.648643,31.317876,40.549243,40.208076
K500,abstraction-refinement_wt-downcast-pmd_old.wcnf,True,True,6287.0,8791.0,31.192836,14.304093,41.553736,14.304093
K500,abstraction-refinement_wt-downcast-xalan_old.wcnf,True,True,65593.0,67710.0,16.6016,16.874029,59.13149,21.669129
K500,abstraction-refinement_wt-polysite-avrora_old.wcnf,True,True,55020.0,55020.0,16.46761,14.530247,20.44499,18.501757
K500,abstraction-refinement_wt-polysite-bloat_old.wcnf,True,True,2397.0,2397.0,45.862395,45.615239,61.341495,60.869939
K500,abstraction-refinement_wt-polysite-hsqldb_old.wcnf,True,True,177778.0,175624.0,14.378859,36.054175,14.378859,45.854575
K500,abstraction-refinement_wt-polysite-pmd_old.wcnf,True,True,190826.0,190826.0,26.473427,28.708617,34.166027,36.534317
K500,abstraction-refinement_wt-polysite-xalan_old.wcnf,True,True,117742.0,117742.0,22.222937,20.615534,27.096837,25.577224
K500,causal-discovery_wt-causal_Link_10_10000_old.wcnf,True,True,39112847.0,39112847.0,3.546758,3.27932,14.887858,14.60927
K500,causal-discovery_wt-causal_Link_10_1000_old.wcnf,True,True,33562494.0,33562494.0,3.653289,3.307243,30.145389,29.581873
K500,causal-discovery_wt-causal_Link_9_100_old.wcnf,True,True,3242187.0,3242187.0,1.996114,0.513445,1.996114,0.513445
K500,causal-discovery_wt-causal_Mushroom_7_1000_old.wcnf,True,True,9414169.0,9414169.0,0.1554,0.136844,17.869041,16.265023
K500,causal-discovery_wt-causal_Pigs_6_1000_old.wcnf,True,True,35110976.0,35110976.0,0.604325,0.184017,0.604325,0.184017
K500,causal-discovery_wt-causal_Water_10_1000_old.wcnf,True,True,45193159.0,45193159.0,3.237911,3.373542,11.619061,11.644492
K500,causal-discovery_wt-causal_alarm_9_1000_old.wcnf,True,True,36049513.0,36049513.0,1.268197,1.211277,10.24051,9.23736
K500,causal-discovery_wt-causal_carpo_8_1000_old.wcnf,True,True,2244087.0,2244087.0,0.460445,0.418805,59.12291,6.980315
K500,correlation-clustering_wt-Rounded_CorrelationClustering_Ionosphere_BINARY_N260_D0.200_old.wcnf,True,True,7014701.0,7014701.0,0.449744,0.451784,7.573165,8.045808
K500,correlation-clustering_wt-Rounded_CorrelationClustering_Protein1_UNARY_N290_old.wcnf,True,True,32090014.0,32090014.0,4.987195,5.366023,6.811545,7.340893
K500,correlation-clustering_wt-Rounded_CorrelationClustering_Protein2_BINARY_N220_old.wcnf,True,True,14004102.0,14004102.0,0.195893,0.157553,8.168712,8.296285
K500,correlation-clustering_wt-Rounded_CorrelationClustering_Protein2_BINARY_N240_old.wcnf,True,True,16116883.0,16116883.0,0.206399,0.188016,8.4641,8.709546
K500,correlation-clustering_wt-Rounded_CorrelationClustering_Protein2_BINARY_N380_old.wcnf,True,True,39198852.0,39752461.0,0.516161,0.509147,12.039557,12.338684
K500,correlation-clustering_wt-Rounded_CorrelationClustering_Protein2_UNARY_N220_old.wcnf,True,True,21300102.0,21300102.0,2.815447,2.581432,3.672867,3.418702
K500,correlation-clustering_wt-Rounded_CorrelationClustering_Protein3_TRANSITIVE_N280_old.wcnf,True,True,185255761.0,182348289.0,9.352062,9.380399,30.006912,38.988329
K500,correlation-clustering_wt-Rounded_CorrelationClustering_Protein3_UNARY_N220_old.wcnf,True,True,19154505.0,19154505.0,2.514262,2.533306,4.591722,4.659346
K500,correlation-clustering_wt-Rounded_CorrelationClustering_Protein4_BINARY_N320_old.wcnf,True,True,14733167.0,14733167.0,0.208796,0.191541,7.974472,8.102081
K500,correlation-clustering_wt-Rounded_CorrelationClustering_Protein4_UNARY_N250_old.wcnf,True,True,11103273.0,11103273.0,2.533845,2.434931,11.481845,11.911881
K500,correlation-clustering_wt-Rounded_CorrelationClustering_Vowel_BINARY_N700_D0.200_old.wcnf,True,True,75201247.0,75201247.0,2.389101,2.46885,2.576081,2.67168
K500,correlation-clustering_wt-Rounded_CorrelationClustering_Vowel_BINARY_N800_D0.200_old.wcnf,True,True,86276967.0,86276967.0,3.327337,3.617498,8.202637,9.050818
K500,decision-tree-anneal-un-formula_0.8_2021_atleast_31_max-4_reduced_incomplete_adaboost_3_old.wcnf,True,True,355.0,355.0,1.553209,1.475575,3.154289,3.051395
K500,decision-tree-anneal-un-formula_0.8_2021_atleast_31_max-4_reduced_incomplete_adaboost_5_old.wcnf,True,True,762.0,762.0,1.528031,1.429049,8.742101,8.120069
K500,decision-tree-australian-credit-un-formula_0.8_2021_atleast_31_max-4_reduced_incomplete_adaboost_5_old.wcnf,True,True,575.0,575.0,2.22725,2.048967,4.0739,3.991997
K500,decision-tree-heart-cleveland-un-formula_0.8_2021_atleast_127_max-6_reduced_incomplete_adaboost_2_old.wcnf,True,True,139.0,72.0,3.043973,8.39431,3.043973,8.44545
K500,decision-tree-heart-cleveland-un-formula_0.8_2021_atleast_15_max-3_reduced_incomplete_adaboost_4_old.wcnf,True,True,138.0,138.0,0.31645,0.296406,0.501206,0.485288
K500,decision-tree-heart-cleveland-un-formula_0.8_2021_atleast_31_max-4_reduced_incomplete_adaboost_4_old.wcnf,True,True,146.0,146.0,0.730533,0.692803,1.028816,0.984947
K500,decision-tree-heart-cleveland-un-formula_0.8_2021_atleast_31_max-4_reduced_incomplete_adaboost_6_old.wcnf,True,True,240.0,240.0,0.759052,0.690026,1.454042,1.386693
K500,decision-tree-primary-tumor-un-formula_0.8_2021_atleast_127_max-6_reduced_incomplete_adaboost_2_old.wcnf,True,True,113.0,113.0,3.559732,2.986406,5.835292,5.036306
K500,decision-tree-primary-tumor-un-formula_0.8_2021_atleast_127_max-6_reduced_incomplete_adaboost_4_old.wcnf,True,True,212.0,212.0,4.117007,3.152374,4.258837,3.296404
K500,decision-tree-primary-tumor-un-formula_0.8_2021_atleast_15_max-3_reduced_incomplete_adaboost_2_old.wcnf,True,True,84.0,84.0,0.138589,0.098711,4.743873,4.731886
K500,decision-tree-primary-tumor-un-formula_0.8_2021_atleast_31_max-4_reduced_incomplete_adaboost_4_old.wcnf,True,True,155.0,155.0,0.272315,0.258882,4.112743,4.142521
K500,decision-tree-primary-tumor-un-formula_0.8_2021_atleast_63_max-5_reduced_incomplete_adaboost_6_old.wcnf,True,True,338.0,338.0,0.812037,0.791874,1.644059,1.635994
K500,decision-tree-tic-tac-toe-un-formula_0.8_2021_atleast_15_max-3_reduced_incomplete_adaboost_2_old.wcnf,True,True,335.0,335.0,0.280565,0.217939,0.432684,0.361727
K500,decision-tree-tic-tac-toe-un-formula_0.8_2021_atleast_15_max-3_reduced_incomplete_adaboost_3_old.wcnf,True,True,443.0,443.0,0.324483,0.245434,0.400081,0.320359
K500,decision-tree-tic-tac-toe-un-formula_0.8_2021_atleast_31_max-4_reduced_incomplete_adaboost_2_old.wcnf,True,True,286.0,286.0,0.444517,0.383445,0.444517,0.383445
K500,drmx-cryptogen_wt-geffe128_7_old.wcnf,True,True,811.0,811.0,0.019867,0.007113,29.304254,29.293453
K500,generalized-ising_wt-IS11_5.0.5.0.0.5_softer_periodic_old.wcnf,True,True,112229069992697.0,112229069992697.0,0.051307,0.03455,0.668252,0.651287
K500,generalized-ising_wt-IS12_5.0.5.0.0.5_softer_periodic_old.wcnf,True,True,113171466486232.0,113171466486232.0,0.233224,0.035449,0.239781,0.041912
K500,generalized-ising_wt-IS13_5.0.5.0.0.5_softer_periodic_old.wcnf,True,True,119401387482250.0,119401387482250.0,0.081375,0.034894,0.085178,0.038272
K500,generalized-ising_wt-IS15_5.0.5.0.0.5_softer_periodic_old.wcnf,True,True,114658059944605.0,114658059944605.0,0.106127,0.0347,0.111152,0.039253
K500,generalized-ising_wt-IS16_5.0.5.0.0.5_softer_periodic_old.wcnf,True,True,115258059944605.0,115258059944605.0,0.381611,0.034848,6.466168,5.986113
K500,generalized-ising_wt-IS17_5.0.5.0.0.5_softer_periodic_old.wcnf,True,True,115902780531937.0,115902780531937.0,0.058803,0.035089,14.651764,14.634667
K500,generalized-ising_wt-IS20_5.0.5.0.0.5_softer_periodic_old.wcnf,True,True,119388436533623.0,119388436533623.0,0.079473,0.034465,0.120177,0.075111
K500,generalized-ising_wt-IS22_5.0.5.0.0.5_softer_periodic_old.wcnf,True,True,119112776308211.0,119112776308211.0,0.048958,0.03421,0.059808,0.044957
K500,generalized-ising_wt-IS23_5.0.5.0.0.5_softer_periodic_old.wcnf,True,True,118663520151734.0,118663520151734.0,0.050812,0.034684,0.113351,0.095397
K500,generalized-ising_wt-IS3_5.0.5.0.0.5_softer_periodic_old.wcnf,True,True,116804575996363.0,116804575996363.0,0.136658,0.034074,6.525039,6.374851
K500,generalized-ising_wt-IS4_5.0.5.0.0.5_softer_periodic_old.wcnf,True,True,115857504490177.0,115857504490177.0,0.080799,0.034558,0.119734,0.072714
K500,generalized-ising_wt-IS5_5.0.5.0.0.5_softer_periodic_old.wcnf,True,True,114843630201223.0,114843630201223.0,0.058437,0.034294,0.54742,0.516309
K500,generalized-ising_wt-IS6_5.0.5.0.0.5_softer_periodic_old.wcnf,True,True,113797656078091.0,113797656078091.0,0.05406,0.03393,0.125752,0.106529
K500,generalized-ising_wt-IS7_5.0.5.0.0.5_softer_periodic_old.wcnf,True,True,112706601923009.0,112706601923009.0,0.053455,0.035092,0.085407,0.066633
K500,generalized-ising_wt-IS9_5.0.5.0.0.5_softer_periodic_old.wcnf,True,True,110066981524169.0,110066981524169.0,0.078338,0.03488,0.115075,0.071681
K500,hs-timetabling_wt-BrazilInstance1.xml_old.wcnf,True,True,117.0,117.0,0.102949,0.089708,41.348795,41.365764
K500,hs-timetabling_wt-BrazilInstance2.xml_old.wcnf,True,True,149.0,149.0,0.231236,0.212927,50.061829,50.391412
K500,hs-timetabling_wt-BrazilInstance4.xml_old.wcnf,True,True,267.0,267.0,1.486495,1.347835,1.486495,1.347835
K500,hs-timetabling_wt-BrazilInstance5.xml_old.wcnf,True,True,490.0,490.0,1.216193,0.588624,29.200132,28.60201
K500,hs-timetabling_wt-BrazilInstance6.xml_old.wcnf,True,True,546.0,546.0,0.852152,0.825109,55.44878,57.189845
K500,hs-timetabling_wt-BrazilInstance7.xml_old.wcnf,True,True,889.0,889.0,1.143801,1.085068,49.743412,49.017709
K500,hs-timetabling_wt-FinlandSecondarySchool.xml_old.wcnf,True,True,817.0,817.0,1.51645,1.403794,1.51645,1.403794
K500,hs-timetabling_wt-ItalyInstance4.xml_old.wcnf,True,True,12143.0,12143.0,9.223397,9.294518,19.116237,19.178168
K500,judgment-aggregation-ja-kemeny-preflib-00049-00000300_old.wcnf,True,True,793.0,967.0,0.27009,0.229758,44.989536,56.796643
K500,judgment-aggregation-ja-kemeny-preflib-00049-00000334_old.wcnf,True,True,612.0,621.0,0.151844,0.111112,52.27211,59.848014
K500,judgment-aggregation-ja-kemeny-preflib-00049-00000451_old.wcnf,True,True,1020.0,1074.0,0.917298,0.841989,50.607433,46.980585
K500,judgment-aggregation-ja-kemeny-preflib-00049-00000454_old.wcnf,True,True,715.0,664.0,0.291752,0.279638,57.87245,49.584196
K500,judgment-aggregation-ja-kemeny-preflib-00051-00000011_old.wcnf,True,True,779.0,728.0,1.490124,1.347871,58.898048,59.498355
K500,max-realizability_wt-power-distribution_11_7_old.wcnf,True,True,126.0,126.0,0.534698,0.536154,1.179387,1.187289
K500,max-realizability_wt-power-distribution_12_8_old.wcnf,True,True,216.0,216.0,1.314513,1.235947,1.783352,1.719925
K500,max-realizability_wt-robot-navigation_10_old.wcnf,True,True,39.0,39.0,10.870491,10.895744,10.870491,10.895744
K500,metro_wt-metro_8_8_5_20_10_6_500_1_3.lp.sm-extracted_old.wcnf,True,True,215.0,215.0,6.37451,6.343739,10.40372,10.348159
K500,mpe_wt-random-net-50-5_network-8.net_old.wcnf,True,True,48330.0,47635.0,0.074281,0.29537,33.219044,25.634966
K500,pseudoBoolean_wt-normalized-mps-v2-20-10-sentoy.opb.msat_old.wcnf,True,True,9460.0,9460.0,0.261517,0.178494,0.261517,0.178494
K500,railway-transport_wt-bf2030fvslack_old.wcnf,True,True,561747.0,264711.0,58.007234,18.780199,58.007234,38.536709
K500,railway-transport_wt-f2030_old.wcnf,True,True,6979.0,6402.0,9.488085,2.834061,59.720215,40.947431
K500,railway-transport_wt-r11_old.wcnf,True,True,73964834.0,68394718.0,54.235723,19.116383,59.981823,59.582283
K500,railway-transport_wt-wg2_old.wcnf,True,True,866.0,979.0,13.894965,11.824428,41.007915,45.552568
K500,ramsey_wt-ram_k3_n14.ra1_old.wcnf,True,True,3025.0,3025.0,0.072657,0.02258,0.563721,0.507984
K500,ramsey_wt-ram_k3_n16.ra1_old.wcnf,True,True,7271.0,7271.0,0.026102,0.002994,0.465915,0.444416
K500,ramsey_wt-ram_k3_n19.ra1_old.wcnf,True,True,20665.0,20665.0,0.047509,0.004727,1.241751,1.191868
K500,ramsey_wt-ram_k4_n19.ra1_old.wcnf,True,True,1240.0,1240.0,0.096689,0.013647,8.120485,8.053184
K500,relational-inference_wt-pa-1_old.wcnf,True,True,8282.0,8282.0,4.687011,3.107485,7.158971,5.757975
K500,relational-inference_wt-pa-2_old.wcnf,True,True,3093.0,3093.0,38.679657,34.83973,38.753257,34.91343
K500,relational-inference_wt-pa-3_old.wcnf,True,True,2967.0,446468655.0,34.577939,5.360336,57.496739,5.360336
K500,setcover_wt-rail2536_old.wcnf,True,True,2147034.0,2147034.0,1.167363,0.665027,1.167363,0.665027
K500,setcover_wt-rail4284_old.wcnf,True,True,2119198.0,2119198.0,1.060235,0.911479,1.060235,0.911479
K500,setcover_wt-rail4872_old.wcnf,True,True,1873139.0,1873139.0,2.159458,0.56121,2.159458,0.56121
K500,setcover_wt-rail507_old.wcnf,True,True,220.0,229.0,15.965565,2.879597,41.523105,11.363687
K500,shiftdesign_wt-limits-10-10_data-1_inst-084_30m.sm-extracted_old.wcnf,True,True,49932711.0,49932711.0,10.988424,9.466369,10.988424,9.466369
K500,shiftdesign_wt-limits-10-10_data-1_inst-137_30m.sm-extracted_old.wcnf,True,True,17244442.0,17244442.0,4.440402,4.493654,4.440402,4.493654
K500,shiftdesign_wt-limits-10-10_data-1_inst-182_30m.sm-extracted_old.wcnf,True,True,30573006.0,30573006.0,9.468072,21.758017,9.468072,21.758017
K500,shiftdesign_wt-limits-10-10_data-2_inst-003_30m.sm-extracted_old.wcnf,True,True,41321652.0,41321652.0,11.49043,9.206055,11.49043,9.206055
K500,shiftdesign_wt-limits-10-10_data-2_inst-025_30m.sm-extracted_old.wcnf,True,True,56212258.0,56212258.0,11.537841,14.597141,11.537841,14.597141
K500,shiftdesign_wt-limits-10-10_data-2_inst-030_30m.sm-extracted_old.wcnf,True,True,122128224.0,122128224.0,22.926491,33.869105,22.926491,33.869105
K500,shiftdesign_wt-limits-10-10_data-3_inst-002_30m.sm-extracted_old.wcnf,True,True,35896155.0,35896155.0,7.987121,12.042625,7.987121,12.042625
K500,shiftdesign_wt-limits-10-10_data-3_inst-003_30m.sm-extracted_old.wcnf,True,True,28190618.0,28190618.0,6.261324,10.46634,6.261324,10.46634
K500,shiftdesign_wt-limits-10-10_data-4_inst-003_60m.sm-extracted_old.wcnf,True,True,87521039.0,87521039.0,17.375027,12.348763,17.375027,12.348763
K500,spot5_wt-1401.wcsp.log_old.wcnf,True,True,468096.0,465097.0,0.028258,0.774722,7.602884,52.735654
K500,spot5_wt-1403.wcsp.dir_old.wcnf,True,True,477264.0,472260.0,0.075754,0.220796,0.144338,45.952016
K500,spot5_wt-1403.wcsp.log_old.wcnf,True,True,469238.0,468244.0,0.075896,0.319986,34.774426,5.584241
K500,spot5_wt-1405.wcsp.dir_old.wcnf,True,True,475458.0,468435.0,0.143778,0.734939,0.334534,55.157386
K500,spot5_wt-1506.wcsp.log_old.wcnf,True,True,360527.0,362527.0,0.050051,0.776677,34.504252,14.257055
K500,spot5_wt-5.wcsp.log_old.wcnf,True,True,270.0,266.0,0.045271,0.792586,0.050523,4.69396
K500,staff-scheduling_wt-instance10_old.wcnf,True,True,6550.0,6625.0,2.555672,4.008631,57.699272,36.566721
K500,staff-scheduling_wt-instance11_old.wcnf,True,True,3653.0,3653.0,1.199861,1.246213,22.795963,25.001857
K500,staff-scheduling_wt-instance12_old.wcnf,True,True,7671.0,7671.0,4.145644,5.845082,13.842314,14.997052
K500,staff-scheduling_wt-instance2_old.wcnf,True,True,838.0,838.0,0.036385,0.055624,3.616591,3.708863
K500,staff-scheduling_wt-instance3_old.wcnf,True,True,1026.0,1026.0,0.105129,0.063398,15.43724,15.207425
K500,staff-scheduling_wt-instance4_old.wcnf,True,True,1740.0,1740.0,0.093881,0.054781,41.333579,40.745341
K500,staff-scheduling_wt-instance5_old.wcnf,True,True,1287.0,1287.0,0.130588,0.31735,25.431748,25.794883
K500,staff-scheduling_wt-instance6_old.wcnf,True,True,2081.0,2081.0,0.141338,0.107877,10.601762,10.778567
K500,staff-scheduling_wt-instance7_old.wcnf,True,True,1178.0,1178.0,0.216248,0.120948,46.44659,46.342294
K500,staff-scheduling_wt-instance8_old.wcnf,True,True,2848.0,2848.0,0.687515,0.557816,20.639971,19.06656
K500,staff-scheduling_wt-instance9_old.wcnf,True,True,2161.0,2161.0,1.848458,3.246696,47.606658,42.996627
K500,switchingactivitymaximization-SwitchingActivityMaximization_OpenRISC1200_100_old.wcnf,True,True,392.0,392.0,1.088075,1.71451,1.088075,1.71451
K500,switchingactivitymaximization-SwitchingActivityMaximization_OpenRISC1200_150_old.wcnf,True,True,528.0,528.0,1.231364,2.088623,1.231364,2.088623
K500,switchingactivitymaximization-SwitchingActivityMaximization_OpenRISC1200_200_old.wcnf,True,True,602.0,602.0,2.059893,1.192782,2.059893,1.192782
K500,switchingactivitymaximization-SwitchingActivityMaximization_OpenRISC1200_66_old.wcnf,True,True,228.0,228.0,2.321311,1.583827,2.321311,1.583827
K500,switchingactivitymaximization-SwitchingActivityMaximization_OpenRISC1200_68_old.wcnf,True,True,193.0,193.0,1.591115,1.307692,1.591115,1.307692
K500,switchingactivitymaximization-SwitchingActivityMaximization_OpenRISC1200_70_old.wcnf,True,True,240.0,240.0,1.483199,0.944133,1.483199,0.944133
K500,switchingactivitymaximization-SwitchingActivityMaximization_OpenRISC1200_72_old.wcnf,True,True,202.0,202.0,1.982442,3.212856,1.982442,3.212856
K500,switchingactivitymaximization-SwitchingActivityMaximization_OpenRISC1200_80_old.wcnf,True,True,306.0,306.0,2.450808,1.272207,2.450808,1.272207
K500,switchingactivitymaximization-SwitchingActivityMaximization_OpenRISC1200_90_old.wcnf,True,True,283.0,283.0,6.267462,0.776929,6.267462,0.776929
K500,tcp_wt-tcp_students_112_it_2_old.wcnf,True,True,3699.0,3699.0,1.227663,0.28254,44.964902,44.507603
K500,timetabling_wt-comp02_old.wcnf,True,True,136.0,136.0,1.846114,0.936016,9.246761,8.947555
K500,timetabling_wt-comp09_old.wcnf,True,True,135.0,135.0,1.37508,0.848898,27.184037,28.090002
K500,timetabling_wt-comp12_old.wcnf,True,True,560.0,560.0,1.452485,0.68086,33.581973,30.086538
K500,timetabling_wt-dds4_old.wcnf,False,False,,,,,,
K5000,MaxSATQueriesinInterpretableClassifiers_wt-credit_train_8_CNF_5_20_old.wcnf,True,True,96480.0,97263.0,15.021479,2.166589,43.861201,6.031269
K5000,MaxSATQueriesinInterpretableClassifiers_wt-pima_train_6_CNF_3_20_old.wcnf,True,True,3310.0,3290.0,0.044567,0.009011,33.395268,7.497461
K5000,MaxSATQueriesinInterpretableClassifiers_wt-toms_test_2_CNF_3_20_old.wcnf,True,True,195.0,195.0,0.609756,0.552736,7.252474,7.24202
K5000,MinimumWeightDominatingSetProblem_wt-bn-human-BNU_1_0025865_session_1-bg_old.wcnf,True,True,140539244.0,140539244.0,6.239282,3.93705,6.239282,3.93705
K5000,MinimumWeightDominatingSetProblem_wt-channel-500x100x100-b050_old.wcnf,True,True,478624478.0,478435131.0,21.004552,19.546761,60.487852,60.592861
K5000,MinimumWeightDominatingSetProblem_wt-delaunay_n24_old.wcnf,True,False,1685918983.0,,50.026828,44.033659,62.178028,64.030859
K5000,MinimumWeightDominatingSetProblem_wt-hugebubbles-00020_old.wcnf,True,True,2130406259.0,2130406259.0,31.237817,20.97278,31.237817,20.97278
K5000,MinimumWeightDominatingSetProblem_wt-inf-road-usa_old.wcnf,True,True,2406704625.0,2406515295.0,26.741276,46.540767,26.741276,62.886867
K5000,MinimumWeightDominatingSetProblem_wt-rgg_n_2_24_s0_old.wcnf,True,True,1686108752.0,1686108752.0,45.573177,21.111312,45.573177,21.111312
K5000,MinimumWeightDominatingSetProblem_wt-sc-rel9_old.wcnf,True,True,593056574.0,592677474.0,35.612281,30.35502,61.275281,60.33642
K5000,MinimumWeightDominatingSetProblem_wt-soc-livejournal-user-groups_old.wcnf,True,True,752647274.0,752647274.0,26.920119,16.472615,26.920119,16.472615
K5000,MinimumWeightDominatingSetProblem_wt-web-wikipedia2009_old.wcnf,True,True,174611880.0,35092853.0,11.480486,10.607412,60.605716,13.824942
K5000,ParametricRBACMaintenance_mse20_wt-role_domino_multiple_0.1_8_old.wcnf,True,True,47682.0,47682.0,2.163202,1.800425,12.370532,11.460885
K5000,ParametricRBACMaintenance_mse20_wt-role_domino_multiple_0.2_0_old.wcnf,True,True,74189.0,74189.0,2.160493,2.068651,9.582683,9.491081
K5000,ParametricRBACMaintenance_mse20_wt-role_domino_multiple_0.5_1_old.wcnf,True,True,144463.0,144463.0,3.119143,1.887522,10.266053,7.496172
K5000,ParametricRBACMaintenance_mse20_wt-role_domino_multiple_0.6_8_old.wcnf,True,True,159871.0,159871.0,2.134829,1.858579,11.652069,11.499289
K5000,ParametricRBACMaintenance_mse20_wt-role_smallcomp_multiple_0.7_2_old.wcnf,True,True,277373.0,277373.0,12.558033,12.516569,58.706988,27.150933
K5000,ParametricRBACMaintenance_mse20_wt-role_smallcomp_multiple_0.7_6_old.wcnf,True,True,252179.0,252111.0,0.029064,12.51791,3.486914,28.159851
K5000,ParametricRBACMaintenance_mse20_wt-role_smallcomp_multiple_0.8_1_old.wcnf,True,True,350793.0,350793.0,0.027103,0.009578,10.317219,10.30244
K5000,ParametricRBACMaintenance_mse20_wt-role_smallcomp_multiple_0.9_6_old.wcnf,True,True,282321.0,282321.0,0.051007,0.010042,0.191686,0.150017
K5000,ParametricRBACMaintenance_mse20_wt-role_university_multiple_0.1_1_old.wcnf,True,True,63653.0,63484.0,2.951354,2.729445,11.422634,13.173345
K5000,ParametricRBACMaintenance_mse20_wt-role_university_multiple_0.4_7_old.wcnf,True,True,234414.0,234414.0,4.696812,3.629017,11.854412,9.558347
K5000,ParametricRBACMaintenance_mse20_wt-role_university_multiple_0.5_4_old.wcnf,True,True,215348.0,215348.0,3.291607,2.519885,13.458707,10.434555
K5000,ParametricRBACMaintenance_mse20_wt-role_university_multiple_0.5_5_old.wcnf,True,True,198362.0,198362.0,3.076692,3.373749,12.371532,12.450659
K5000,ParametricRBACMaintenance_mse20_wt-role_university_multiple_0.5_7_old.wcnf,True,True,263585.0,263585.0,3.979872,3.658053,9.758902,8.982203
K5000,abstraction-refinement_wt-downcast-antlr_old.wcnf,True,True,79566.0,79566.0,9.610021,9.077528,9.610021,9.077528
K5000,abstraction-refinement_wt-downcast-avrora_old.wcnf,True,True,49759.0,49759.0,14.415457,14.786683,18.520547,18.908403
K5000,abstraction-refinement_wt-downcast-hsqldb_old.wcnf,True,True,32293.0,32293.0,31.648643,31.62133,40.549243,41.00623
K5000,abstraction-refinement_wt-downcast-pmd_old.wcnf,True,True,6287.0,6287.0,31.192836,32.321281,41.553736,42.487181
K5000,abstraction-refinement_wt-downcast-xalan_old.wcnf,True,True,65593.0,67710.0,16.6016,16.86412,59.13149,21.71195
K5000,abstraction-refinement_wt-polysite-avrora_old.wcnf,True,True,55020.0,55020.0,16.46761,14.872594,20.44499,18.844104
K5000,abstraction-refinement_wt-polysite-bloat_old.wcnf,True,True,2397.0,2397.0,45.862395,45.34516,61.341495,62.11196
K5000,abstraction-refinement_wt-polysite-hsqldb_old.wcnf,True,True,177778.0,175624.0,14.378859,34.543066,14.378859,43.185066
K5000,abstraction-refinement_wt-polysite-pmd_old.wcnf,True,True,190826.0,190826.0,26.473427,27.497337,34.166027,34.629637
K5000,abstraction-refinement_wt-polysite-xalan_old.wcnf,True,True,117742.0,117742.0,22.222937,19.783395,27.096837,24.737115
K5000,causal-discovery_wt-causal_Link_10_10000_old.wcnf,True,True,39112847.0,39112847.0,3.546758,3.392999,14.887858,14.606429
K5000,causal-discovery_wt-causal_Link_10_1000_old.wcnf,True,True,33562494.0,33562494.0,3.653289,3.268772,30.145389,21.198542
K5000,causal-discovery_wt-causal_Link_9_100_old.wcnf,True,True,3242187.0,3242187.0,1.996114,0.5425,1.996114,0.5425
K5000,causal-discovery_wt-causal_Mushroom_7_1000_old.wcnf,True,True,9414169.0,9384011.0,0.1554,0.136748,17.869041,16.816893
K5000,causal-discovery_wt-causal_Pigs_6_1000_old.wcnf,True,True,35110976.0,35110976.0,0.604325,0.180762,0.604325,0.180762
K5000,causal-discovery_wt-causal_Water_10_1000_old.wcnf,True,True,45193159.0,45193159.0,3.237911,3.328808,11.619061,11.903248
K5000,causal-discovery_wt-causal_alarm_9_1000_old.wcnf,True,True,36049513.0,36049513.0,1.268197,1.275986,10.24051,57.228463
K5000,causal-discovery_wt-causal_carpo_8_1000_old.wcnf,True,True,2244087.0,2244087.0,0.460445,0.405046,59.12291,6.896126
K5000,correlation-clustering_wt-Rounded_CorrelationClustering_Ionosphere_BINARY_N260_D0.200_old.wcnf,True,True,7014701.0,7014701.0,0.449744,0.44824,7.573165,7.8387
K5000,correlation-clustering_wt-Rounded_CorrelationClustering_Protein1_UNARY_N290_old.wcnf,True,True,32090014.0,32090014.0,4.987195,5.138988,6.811545,7.019648
K5000,correlation-clustering_wt-Rounded_CorrelationClustering_Protein2_BINARY_N220_old.wcnf,True,True,14004102.0,14004102.0,0.195893,0.159751,8.168712,8.465366
K5000,correlation-clustering_wt-Rounded_CorrelationClustering_Protein2_BINARY_N240_old.wcnf,True,True,16116883.0,16116883.0,0.206399,0.185604,8.4641,8.616258
K5000,correlation-clustering_wt-Rounded_CorrelationClustering_Protein2_BINARY_N380_old.wcnf,True,True,39198852.0,39752461.0,0.516161,0.504891,12.039557,12.577477
K5000,correlation-clustering_wt-Rounded_CorrelationClustering_Protein2_UNARY_N220_old.wcnf,True,True,21300102.0,21300102.0,2.815447,2.662318,3.672867,3.693868
K5000,correlation-clustering_wt-Rounded_CorrelationClustering_Protein3_TRANSITIVE_N280_old.wcnf,True,True,185255761.0,186323075.0,9.352062,9.130968,30.006912,46.824048
K5000,correlation-clustering_wt-Rounded_CorrelationClustering_Protein3_UNARY_N220_old.wcnf,True,True,19154505.0,19154505.0,2.514262,2.572557,4.591722,4.997897
K5000,correlation-clustering_wt-Rounded_CorrelationClustering_Protein4_BINARY_N320_old.wcnf,True,True,14733167.0,14733167.0,0.208796,0.186276,7.974472,7.882417
K5000,correlation-clustering_wt-Rounded_CorrelationClustering_Protein4_UNARY_N250_old.wcnf,True,True,11103273.0,11103273.0,2.533845,2.305013,11.481845,11.194943
K5000,correlation-clustering_wt-Rounded_CorrelationClustering_Vowel_BINARY_N700_D0.200_old.wcnf,True,True,75201247.0,75201247.0,2.389101,2.341153,2.576081,2.514643
K5000,correlation-clustering_wt-Rounded_CorrelationClustering_Vowel_BINARY_N800_D0.200_old.wcnf,True,True,86276967.0,86276967.0,3.327337,3.564717,8.202637,8.890857
K5000,decision-tree-anneal-un-formula_0.8_2021_atleast_31_max-4_reduced_incomplete_adaboost_3_old.wcnf,True,True,355.0,355.0,1.553209,1.454648,3.154289,3.010008
K5000,decision-tree-anneal-un-formula_0.8_2021_atleast_31_max-4_reduced_incomplete_adaboost_5_old.wcnf,True,True,762.0,762.0,1.528031,1.422456,8.742101,8.107386
K5000,decision-tree-australian-credit-un-formula_0.8_2021_atleast_31_max-4_reduced_incomplete_adaboost_5_old.wcnf,True,True,575.0,575.0,2.22725,2.036332,4.0739,3.871212
K5000,decision-tree-heart-cleveland-un-formula_0.8_2021_atleast_127_max-6_reduced_incomplete_adaboost_2_old.wcnf,True,True,139.0,72.0,3.043973,8.130769,3.043973,8.181009
K5000,decision-tree-heart-cleveland-un-formula_0.8_2021_atleast_15_max-3_reduced_incomplete_adaboost_4_old.wcnf,True,True,138.0,138.0,0.31645,0.287293,0.501206,0.4714
K5000,decision-tree-heart-cleveland-un-formula_0.8_2021_atleast_31_max-4_reduced_incomplete_adaboost_4_old.wcnf,True,True,146.0,146.0,0.730533,0.685601,1.028816,0.97969
K5000,decision-tree-heart-cleveland-un-formula_0.8_2021_atleast_31_max-4_reduced_incomplete_adaboost_6_old.wcnf,True,True,240.0,240.0,0.759052,0.755799,1.454042,1.465423
K5000,decision-tree-primary-tumor-un-formula_0.8_2021_atleast_127_max-6_reduced_incomplete_adaboost_2_old.wcnf,True,True,113.0,113.0,3.559732,2.872226,5.835292,4.891436
K5000,decision-tree-primary-tumor-un-formula_0.8_2021_atleast_127_max-6_reduced_incomplete_adaboost_4_old.wcnf,True,True,212.0,212.0,4.117007,2.848068,4.258837,2.975898
K5000,decision-tree-primary-tumor-un-formula_0.8_2021_atleast_15_max-3_reduced_incomplete_adaboost_2_old.wcnf,True,True,84.0,84.0,0.138589,0.097378,4.743873,4.60253
K5000,decision-tree-primary-tumor-un-formula_0.8_2021_atleast_31_max-4_reduced_incomplete_adaboost_4_old.wcnf,True,True,155.0,155.0,0.272315,0.254665,4.112743,4.086529
K5000,decision-tree-primary-tumor-un-formula_0.8_2021_atleast_63_max-5_reduced_incomplete_adaboost_6_old.wcnf,True,True,338.0,338.0,0.812037,0.798013,1.644059,1.641314
K5000,decision-tree-tic-tac-toe-un-formula_0.8_2021_atleast_15_max-3_reduced_incomplete_adaboost_2_old.wcnf,True,True,335.0,335.0,0.280565,0.217758,0.432684,0.361232
K5000,decision-tree-tic-tac-toe-un-formula_0.8_2021_atleast_15_max-3_reduced_incomplete_adaboost_3_old.wcnf,True,True,443.0,443.0,0.324483,0.247508,0.400081,0.323903
K5000,decision-tree-tic-tac-toe-un-formula_0.8_2021_atleast_31_max-4_reduced_incomplete_adaboost_2_old.wcnf,True,True,286.0,286.0,0.444517,0.382683,0.444517,0.382683
K5000,drmx-cryptogen_wt-geffe128_7_old.wcnf,True,True,811.0,811.0,0.019867,0.006769,29.304254,29.411354
K5000,generalized-ising_wt-IS11_5.0.5.0.0.5_softer_periodic_old.wcnf,True,True,112229069992697.0,112229069992697.0,0.051307,0.03475,0.668252,0.649102
K5000,generalized-ising_wt-IS12_5.0.5.0.0.5_softer_periodic_old.wcnf,True,True,113171466486232.0,113171466486232.0,0.233224,0.034735,0.239781,0.04116
K5000,generalized-ising_wt-IS13_5.0.5.0.0.5_softer_periodic_old.wcnf,True,True,119401387482250.0,119401387482250.0,0.081375,0.034024,0.085178,0.037346
K5000,generalized-ising_wt-IS15_5.0.5.0.0.5_softer_periodic_old.wcnf,True,True,114658059944605.0,114658059944605.0,0.106127,0.033694,0.111152,0.038178
K5000,generalized-ising_wt-IS16_5.0.5.0.0.5_softer_periodic_old.wcnf,True,True,115258059944605.0,115258059944605.0,0.381611,0.035132,6.466168,6.047808
K5000,generalized-ising_wt-IS17_5.0.5.0.0.5_softer_periodic_old.wcnf,True,True,115902780531937.0,115902780531937.0,0.058803,0.034593,14.651764,14.454697
K5000,generalized-ising_wt-IS20_5.0.5.0.0.5_softer_periodic_old.wcnf,True,True,119388436533623.0,119388436533623.0,0.079473,0.03391,0.120177,0.073002
K5000,generalized-ising_wt-IS22_5.0.5.0.0.5_softer_periodic_old.wcnf,True,True,119112776308211.0,119112776308211.0,0.048958,0.035047,0.059808,0.045631
K5000,generalized-ising_wt-IS23_5.0.5.0.0.5_softer_periodic_old.wcnf,True,True,118663520151734.0,118663520151734.0,0.050812,0.034663,0.113351,0.094553
K5000,generalized-ising_wt-IS3_5.0.5.0.0.5_softer_periodic_old.wcnf,True,True,116804575996363.0,116804575996363.0,0.136658,0.076378,6.525039,6.430567
K5000,generalized-ising_wt-IS4_5.0.5.0.0.5_softer_periodic_old.wcnf,True,True,115857504490177.0,115857504490177.0,0.080799,0.034398,0.119734,0.072846
K5000,generalized-ising_wt-IS5_5.0.5.0.0.5_softer_periodic_old.wcnf,True,True,114843630201223.0,114843630201223.0,0.058437,0.034599,0.54742,0.517129
K5000,generalized-ising_wt-IS6_5.0.5.0.0.5_softer_periodic_old.wcnf,True,True,113797656078091.0,113797656078091.0,0.05406,0.034381,0.125752,0.106748
K5000,generalized-ising_wt-IS7_5.0.5.0.0.5_softer_periodic_old.wcnf,True,True,112706601923009.0,112706601923009.0,0.053455,0.035006,0.085407,0.066549
K5000,generalized-ising_wt-IS9_5.0.5.0.0.5_softer_periodic_old.wcnf,True,True,110066981524169.0,110066981524169.0,0.078338,0.035867,0.115075,0.072492
K5000,hs-timetabling_wt-BrazilInstance1.xml_old.wcnf,True,True,117.0,117.0,0.102949,0.089099,41.348795,41.31112
K5000,hs-timetabling_wt-BrazilInstance2.xml_old.wcnf,True,True,149.0,149.0,0.231236,0.207388,50.061829,49.866288
K5000,hs-timetabling_wt-BrazilInstance4.xml_old.wcnf,True,True,267.0,267.0,1.486495,1.353671,1.486495,1.353671
K5000,hs-timetabling_wt-BrazilInstance5.xml_old.wcnf,True,True,490.0,490.0,1.216193,0.561648,29.200132,28.438674
K5000,hs-timetabling_wt-BrazilInstance6.xml_old.wcnf,True,True,546.0,546.0,0.852152,0.808202,55.44878,55.707769
K5000,hs-timetabling_wt-BrazilInstance7.xml_old.wcnf,True,True,889.0,889.0,1.143801,1.045974,49.743412,49.06373
K5000,hs-timetabling_wt-FinlandSecondarySchool.xml_old.wcnf,True,True,817.0,817.0,1.51645,1.398977,1.51645,1.398977
K5000,hs-timetabling_wt-ItalyInstance4.xml_old.wcnf,True,True,12143.0,12143.0,9.223397,9.977167,19.116237,19.922277
K5000,judgment-aggregation-ja-kemeny-preflib-00049-00000300_old.wcnf,True,True,793.0,913.0,0.27009,0.22639,44.989536,35.29358
K5000,judgment-aggregation-ja-kemeny-preflib-00049-00000334_old.wcnf,True,True,612.0,606.0,0.151844,0.113211,52.27211,50.853621
K5000,judgment-aggregation-ja-kemeny-preflib-00049-00000451_old.wcnf,True,True,1020.0,1025.0,0.917298,0.866172,50.607433,34.600313
K5000,judgment-aggregation-ja-kemeny-preflib-00049-00000454_old.wcnf,True,True,715.0,682.0,0.291752,0.281705,57.87245,28.058529
K5000,judgment-aggregation-ja-kemeny-preflib-00051-00000011_old.wcnf,True,True,779.0,731.0,1.490124,1.346163,58.898048,29.905592
K5000,max-realizability_wt-power-distribution_11_7_old.wcnf,True,True,126.0,126.0,0.534698,0.524336,1.179387,1.178132
K5000,max-realizability_wt-power-distribution_12_8_old.wcnf,True,True,216.0,216.0,1.314513,1.248209,1.783352,1.735892
K5000,max-realizability_wt-robot-navigation_10_old.wcnf,True,True,39.0,39.0,10.870491,10.973425,10.870491,10.973425
K5000,metro_wt-metro_8_8_5_20_10_6_500_1_3.lp.sm-extracted_old.wcnf,True,True,215.0,215.0,6.37451,6.376394,10.40372,10.355064
K5000,mpe_wt-random-net-50-5_network-8.net_old.wcnf,True,True,48330.0,47575.0,0.074281,0.012409,33.219044,42.067757
K5000,pseudoBoolean_wt-normalized-mps-v2-20-10-sentoy.opb.msat_old.wcnf,True,True,9460.0,9460.0,0.261517,0.043398,0.261517,0.043398
K5000,railway-transport_wt-bf2030fvslack_old.wcnf,True,True,561747.0,264720.0,58.007234,19.608115,58.007234,29.744025
K5000,railway-transport_wt-f2030_old.wcnf,True,True,6979.0,7699.0,9.488085,2.976121,59.720215,58.033481
K5000,railway-transport_wt-r11_old.wcnf,True,True,73964834.0,68453691.0,54.235723,18.991199,59.981823,51.491399
K5000,railway-transport_wt-wg2_old.wcnf,True,True,866.0,959.0,13.894965,12.151843,41.007915,50.220893
K5000,ramsey_wt-ram_k3_n14.ra1_old.wcnf,True,True,3025.0,3025.0,0.072657,0.002126,0.563721,0.488763
K5000,ramsey_wt-ram_k3_n16.ra1_old.wcnf,True,True,7271.0,7271.0,0.026102,0.002914,0.465915,0.444592
K5000,ramsey_wt-ram_k3_n19.ra1_old.wcnf,True,True,20665.0,20665.0,0.047509,0.004859,1.241751,1.19199
K5000,ramsey_wt-ram_k4_n19.ra1_old.wcnf,True,True,1240.0,1240.0,0.096689,0.00714,8.120485,8.008266
K5000,relational-inference_wt-pa-1_old.wcnf,True,True,8282.0,8282.0,4.687011,2.790751,7.158971,5.164861
K5000,relational-inference_wt-pa-2_old.wcnf,True,True,3093.0,3093.0,38.679657,35.528256,38.753257,35.604056
K5000,relational-inference_wt-pa-3_old.wcnf,True,True,2967.0,446468655.0,34.577939,5.530017,57.496739,5.530017
K5000,setcover_wt-rail2536_old.wcnf,True,True,2147034.0,2147034.0,1.167363,0.674335,1.167363,0.674335
K5000,setcover_wt-rail4284_old.wcnf,True,True,2119198.0,2119198.0,1.060235,0.695982,1.060235,0.695982
K5000,setcover_wt-rail4872_old.wcnf,True,True,1873139.0,1873139.0,2.159458,0.558203,2.159458,0.558203
K5000,setcover_wt-rail507_old.wcnf,True,True,220.0,228.0,15.965565,2.852245,41.523105,12.533235
K5000,shiftdesign_wt-limits-10-10_data-1_inst-084_30m.sm-extracted_old.wcnf,True,True,49932711.0,49932711.0,10.988424,8.359423,10.988424,8.359423
K5000,shiftdesign_wt-limits-10-10_data-1_inst-137_30m.sm-extracted_old.wcnf,True,True,17244442.0,17244442.0,4.440402,3.817455,4.440402,3.817455
K5000,shiftdesign_wt-limits-10-10_data-1_inst-182_30m.sm-extracted_old.wcnf,True,True,30573006.0,30573006.0,9.468072,7.600486,9.468072,7.600486
K5000,shiftdesign_wt-limits-10-10_data-2_inst-003_30m.sm-extracted_old.wcnf,True,True,41321652.0,41321652.0,11.49043,7.737038,11.49043,7.737038
K5000,shiftdesign_wt-limits-10-10_data-2_inst-025_30m.sm-extracted_old.wcnf,True,True,56212258.0,56212258.0,11.537841,9.915706,11.537841,9.915706
K5000,shiftdesign_wt-limits-10-10_data-2_inst-030_30m.sm-extracted_old.wcnf,True,True,122128224.0,122128224.0,22.926491,20.43364,22.926491,20.43364
K5000,shiftdesign_wt-limits-10-10_data-3_inst-002_30m.sm-extracted_old.wcnf,True,True,35896155.0,35896155.0,7.987121,6.271714,7.987121,6.271714
K5000,shiftdesign_wt-limits-10-10_data-3_inst-003_30m.sm-extracted_old.wcnf,True,True,28190618.0,28190618.0,6.261324,4.692166,6.261324,4.692166
K5000,shiftdesign_wt-limits-10-10_data-4_inst-003_60m.sm-extracted_old.wcnf,True,True,87521039.0,87521039.0,17.375027,12.421448,17.375027,12.421448
K5000,spot5_wt-1401.wcsp.log_old.wcnf,True,True,468096.0,467099.0,0.028258,0.014528,7.602884,3.541001
K5000,spot5_wt-1403.wcsp.dir_old.wcnf,True,True,477264.0,485264.0,0.075754,0.016224,0.144338,49.489786
K5000,spot5_wt-1403.wcsp.log_old.wcnf,True,True,469238.0,469242.0,0.075896,0.019174,34.774426,25.358196
K5000,spot5_wt-1405.wcsp.dir_old.wcnf,True,True,475458.0,480439.0,0.143778,0.023406,0.334534,17.097302
K5000,spot5_wt-1506.wcsp.log_old.wcnf,True,True,360527.0,365536.0,0.050051,0.024658,34.504252,24.462923
K5000,spot5_wt-5.wcsp.log_old.wcnf,True,True,270.0,270.0,0.045271,0.013655,0.050523,42.491387
K5000,staff-scheduling_wt-instance10_old.wcnf,True,True,6550.0,6625.0,2.555672,2.557293,57.699272,34.954913
K5000,staff-scheduling_wt-instance11_old.wcnf,True,True,3653.0,3653.0,1.199861,1.093512,22.795963,25.111479
K5000,staff-scheduling_wt-instance12_old.wcnf,True,True,7671.0,7671.0,4.145644,3.798718,13.842314,12.603578
K5000,staff-scheduling_wt-instance2_old.wcnf,True,True,838.0,838.0,0.036385,0.016825,3.616591,3.636986
K5000,staff-scheduling_wt-instance3_old.wcnf,True,True,1026.0,1026.0,0.105129,0.048535,15.43724,15.411009
K5000,staff-scheduling_wt-instance4_old.wcnf,True,True,1740.0,1740.0,0.093881,0.027243,41.333579,40.975691
K5000,staff-scheduling_wt-instance5_old.wcnf,True,True,1287.0,1287.0,0.130588,0.074746,25.431748,25.560643
K5000,staff-scheduling_wt-instance6_old.wcnf,True,True,2081.0,2081.0,0.141338,0.093337,10.601762,10.70169
K5000,staff-scheduling_wt-instance7_old.wcnf,True,True,1178.0,1178.0,0.216248,0.119155,46.44659,46.221744
K5000,staff-scheduling_wt-instance8_old.wcnf,True,True,2848.0,2848.0,0.687515,0.562812,20.639971,19.003699
K5000,staff-scheduling_wt-instance9_old.wcnf,True,True,2161.0,2161.0,1.848458,1.632423,47.606658,40.194797
K5000,switchingactivitymaximization-SwitchingActivityMaximization_OpenRISC1200_100_old.wcnf,True,True,392.0,392.0,1.088075,0.771839,1.088075,0.771839
K5000,switchingactivitymaximization-SwitchingActivityMaximization_OpenRISC1200_150_old.wcnf,True,True,528.0,528.0,1.231364,0.774825,1.231364,0.774825
K5000,switchingactivitymaximization-SwitchingActivityMaximization_OpenRISC1200_200_old.wcnf,True,True,602.0,602.0,2.059893,0.777209,2.059893,0.777209
K5000,switchingactivitymaximization-SwitchingActivityMaximization_OpenRISC1200_66_old.wcnf,True,True,228.0,228.0,2.321311,0.817648,2.321311,0.817648
K5000,switchingactivitymaximization-SwitchingActivityMaximization_OpenRISC1200_68_old.wcnf,True,True,193.0,193.0,1.591115,0.770912,1.591115,0.770912
K5000,switchingactivitymaximization-SwitchingActivityMaximization_OpenRISC1200_70_old.wcnf,True,True,240.0,240.0,1.483199,0.766026,1.483199,0.766026
K5000,switchingactivitymaximization-SwitchingActivityMaximization_OpenRISC1200_72_old.wcnf,True,True,202.0,202.0,1.982442,0.770071,1.982442,0.770071
K5000,switchingactivitymaximization-SwitchingActivityMaximization_OpenRISC1200_80_old.wcnf,True,True,306.0,306.0,2.450808,0.773263,2.450808,0.773263
K5000,switchingactivitymaximization-SwitchingActivityMaximization_OpenRISC1200_90_old.wcnf,True,True,283.0,283.0,6.267462,0.810109,6.267462,0.810109
K5000,tcp_wt-tcp_students_112_it_2_old.wcnf,True,True,3699.0,3699.0,1.227663,0.250228,44.964902,43.036159
K5000,timetabling_wt-comp02_old.wcnf,True,True,136.0,136.0,1.846114,0.861514,9.246761,8.803884
K5000,timetabling_wt-comp09_old.wcnf,True,True,135.0,135.0,1.37508,0.822626,27.184037,29.401813
K5000,timetabling_wt-comp12_old.wcnf,True,True,560.0,560.0,1.452485,0.636335,33.581973,29.11815
K5000,timetabling_wt-dds4_old.wcnf,False,False,,,,,,
L10,MaxSATQueriesinInterpretableClassifiers_wt-credit_train_8_CNF_5_20_old.wcnf,True,True,96480.0,96480.0,15.021479,14.077615,43.861201,43.513629
L10,MaxSATQueriesinInterpretableClassifiers_wt-pima_train_6_CNF_3_20_old.wcnf,True,True,3310.0,3310.0,0.044567,0.009058,33.395268,33.579871
L10,MaxSATQueriesinInterpretableClassifiers_wt-toms_test_2_CNF_3_20_old.wcnf,True,True,195.0,195.0,0.609756,0.55579,7.252474,7.179071
L10,MinimumWeightDominatingSetProblem_wt-bn-human-BNU_1_0025865_session_1-bg_old.wcnf,True,True,140539244.0,140539244.0,6.239282,4.138876,6.239282,4.138876
L10,MinimumWeightDominatingSetProblem_wt-channel-500x100x100-b050_old.wcnf,True,True,478624478.0,478245864.0,21.004552,18.471795,60.487852,61.533195
L10,MinimumWeightDominatingSetProblem_wt-delaunay_n24_old.wcnf,True,True,1685918983.0,1686108752.0,50.026828,14.581961,62.178028,14.581961
L10,MinimumWeightDominatingSetProblem_wt-hugebubbles-00020_old.wcnf,True,True,2130406259.0,2130406259.0,31.237817,24.606684,31.237817,24.606684
L10,MinimumWeightDominatingSetProblem_wt-inf-road-usa_old.wcnf,True,True,2406704625.0,2406704625.0,26.741276,18.219767,26.741276,18.219767
L10,MinimumWeightDominatingSetProblem_wt-rgg_n_2_24_s0_old.wcnf,True,True,1686108752.0,1686108752.0,45.573177,21.140283,45.573177,21.140283
L10,MinimumWeightDominatingSetProblem_wt-sc-rel9_old.wcnf,True,True,593056574.0,592677474.0,35.612281,30.656378,61.275281,60.804078
L10,MinimumWeightDominatingSetProblem_wt-soc-livejournal-user-groups_old.wcnf,True,True,752647274.0,752647274.0,26.920119,16.931631,26.920119,16.931631
L10,MinimumWeightDominatingSetProblem_wt-web-wikipedia2009_old.wcnf,True,True,174611880.0,35092853.0,11.480486,9.771816,60.605716,13.159986
L10,ParametricRBACMaintenance_mse20_wt-role_domino_multiple_0.1_8_old.wcnf,True,True,47682.0,47682.0,2.163202,1.814431,12.370532,11.605381
L10,ParametricRBACMaintenance_mse20_wt-role_domino_multiple_0.2_0_old.wcnf,True,True,74189.0,74189.0,2.160493,2.08789,9.582683,9.68945
L10,ParametricRBACMaintenance_mse20_wt-role_domino_multiple_0.5_1_old.wcnf,True,True,144463.0,144463.0,3.119143,1.913206,10.266053,7.596656
L10,ParametricRBACMaintenance_mse20_wt-role_domino_multiple_0.6_8_old.wcnf,True,True,159871.0,159871.0,2.134829,1.947497,11.652069,11.691087
L10,ParametricRBACMaintenance_mse20_wt-role_smallcomp_multiple_0.7_2_old.wcnf,True,True,277373.0,277373.0,12.558033,12.518093,58.706988,57.005569
L10,ParametricRBACMaintenance_mse20_wt-role_smallcomp_multiple_0.7_6_old.wcnf,True,True,252179.0,252179.0,0.029064,0.010238,3.486914,3.482271
L10,ParametricRBACMaintenance_mse20_wt-role_smallcomp_multiple_0.8_1_old.wcnf,True,True,350793.0,350793.0,0.027103,0.009627,10.317219,10.325248
L10,ParametricRBACMaintenance_mse20_wt-role_smallcomp_multiple_0.9_6_old.wcnf,True,True,282321.0,282321.0,0.051007,0.010014,0.191686,0.151438
L10,ParametricRBACMaintenance_mse20_wt-role_university_multiple_0.1_1_old.wcnf,True,True,63653.0,63134.0,2.951354,2.59917,11.422634,13.43231
L10,ParametricRBACMaintenance_mse20_wt-role_university_multiple_0.4_7_old.wcnf,True,True,234414.0,234414.0,4.696812,3.883792,11.854412,10.116202
L10,ParametricRBACMaintenance_mse20_wt-role_university_multiple_0.5_4_old.wcnf,True,True,215348.0,215348.0,3.291607,2.510136,13.458707,10.215116
L10,ParametricRBACMaintenance_mse20_wt-role_university_multiple_0.5_5_old.wcnf,True,True,198362.0,198362.0,3.076692,2.81276,12.371532,11.09124
L10,ParametricRBACMaintenance_mse20_wt-role_university_multiple_0.5_7_old.wcnf,True,True,263585.0,263585.0,3.979872,3.577342,9.758902,8.525152
L10,abstraction-refinement_wt-downcast-antlr_old.wcnf,True,True,79566.0,79566.0,9.610021,8.992909,9.610021,8.992909
L10,abstraction-refinement_wt-downcast-avrora_old.wcnf,True,True,49759.0,49759.0,14.415457,16.438464,18.520547,20.589874
L10,abstraction-refinement_wt-downcast-hsqldb_old.wcnf,True,False,32293.0,,31.648643,32.858766,40.549243,42.501466
L10,abstraction-refinement_wt-downcast-pmd_old.wcnf,True,True,6287.0,6287.0,31.192836,31.268372,41.553736,42.367372
L10,abstraction-refinement_wt-downcast-xalan_old.wcnf,True,True,65593.0,65593.0,16.6016,16.85453,59.13149,59.50544
L10,abstraction-refinement_wt-polysite-avrora_old.wcnf,True,True,55020.0,55020.0,16.46761,14.087534,20.44499,18.043204
L10,abstraction-refinement_wt-polysite-bloat_old.wcnf,True,True,2397.0,2397.0,45.862395,44.18738,61.341495,61.62088
L10,abstraction-refinement_wt-polysite-hsqldb_old.wcnf,True,True,177778.0,175624.0,14.378859,34.655246,14.378859,43.228646
L10,abstraction-refinement_wt-polysite-pmd_old.wcnf,True,True,190826.0,190826.0,26.473427,27.286436,34.166027,34.773036
L10,abstraction-refinement_wt-polysite-xalan_old.wcnf,True,True,117742.0,117742.0,22.222937,19.440243,27.096837,24.296323
L10,causal-discovery_wt-causal_Link_10_10000_old.wcnf,True,True,39112847.0,39112847.0,3.546758,3.319684,14.887858,14.672644
L10,causal-discovery_wt-causal_Link_10_1000_old.wcnf,True,True,33562494.0,33562494.0,3.653289,3.248079,30.145389,29.167489
L10,causal-discovery_wt-causal_Link_9_100_old.wcnf,True,True,3242187.0,3242187.0,1.996114,0.517655,1.996114,0.517655
L10,causal-discovery_wt-causal_Mushroom_7_1000_old.wcnf,True,True,9414169.0,9414169.0,0.1554,0.135292,17.869041,18.279207
L10,causal-discovery_wt-causal_Pigs_6_1000_old.wcnf,True,True,35110976.0,35110976.0,0.604325,0.17897,0.604325,0.17897
L10,causal-discovery_wt-causal_Water_10_1000_old.wcnf,True,True,45193159.0,45193159.0,3.237911,3.241411,11.619061,11.578591
L10,causal-discovery_wt-causal_alarm_9_1000_old.wcnf,True,True,36049513.0,36049513.0,1.268197,1.27119,10.24051,10.252689
L10,causal-discovery_wt-causal_carpo_8_1000_old.wcnf,True,True,2244087.0,2244087.0,0.460445,0.413384,59.12291,58.916449
L10,correlation-clustering_wt-Rounded_CorrelationClustering_Ionosphere_BINARY_N260_D0.200_old.wcnf,True,True,7014701.0,22012762.0,0.449744,0.387542,7.573165,46.334877
L10,correlation-clustering_wt-Rounded_CorrelationClustering_Protein1_UNARY_N290_old.wcnf,True,True,32090014.0,32090014.0,4.987195,4.990728,6.811545,6.752558
L10,correlation-clustering_wt-Rounded_CorrelationClustering_Protein2_BINARY_N220_old.wcnf,True,True,14004102.0,15656966.0,0.195893,0.130483,8.168712,39.585219
L10,correlation-clustering_wt-Rounded_CorrelationClustering_Protein2_BINARY_N240_old.wcnf,True,True,16116883.0,17505946.0,0.206399,0.156191,8.4641,32.559248
L10,correlation-clustering_wt-Rounded_CorrelationClustering_Protein2_BINARY_N380_old.wcnf,True,True,39198852.0,46057579.0,0.516161,0.401891,12.039557,29.826164
L10,correlation-clustering_wt-Rounded_CorrelationClustering_Protein2_UNARY_N220_old.wcnf,True,True,21300102.0,21300102.0,2.815447,2.54216,3.672867,3.40115
L10,correlation-clustering_wt-Rounded_CorrelationClustering_Protein3_TRANSITIVE_N280_old.wcnf,True,True,185255761.0,185255761.0,9.352062,8.979528,30.006912,29.955588
L10,correlation-clustering_wt-Rounded_CorrelationClustering_Protein3_UNARY_N220_old.wcnf,True,True,19154505.0,19154505.0,2.514262,2.521374,4.591722,4.713254
L10,correlation-clustering_wt-Rounded_CorrelationClustering_Protein4_BINARY_N320_old.wcnf,True,True,14733167.0,27434394.0,0.208796,0.169306,7.974472,30.812246
L10,correlation-clustering_wt-Rounded_CorrelationClustering_Protein4_UNARY_N250_old.wcnf,True,True,11103273.0,11103273.0,2.533845,2.261988,11.481845,11.312338
L10,correlation-clustering_wt-Rounded_CorrelationClustering_Vowel_BINARY_N700_D0.200_old.wcnf,True,True,75201247.0,75201247.0,2.389101,2.311785,2.576081,2.483565
L10,correlation-clustering_wt-Rounded_CorrelationClustering_Vowel_BINARY_N800_D0.200_old.wcnf,True,True,86276967.0,86276967.0,3.327337,3.293784,8.202637,8.043994
L10,decision-tree-anneal-un-formula_0.8_2021_atleast_31_max-4_reduced_incomplete_adaboost_3_old.wcnf,True,True,355.0,355.0,1.553209,1.441658,3.154289,2.984278
L10,decision-tree-anneal-un-formula_0.8_2021_atleast_31_max-4_reduced_incomplete_adaboost_5_old.wcnf,True,True,762.0,762.0,1.528031,1.417731,8.742101,8.132441
L10,decision-tree-australian-credit-un-formula_0.8_2021_atleast_31_max-4_reduced_incomplete_adaboost_5_old.wcnf,True,True,575.0,575.0,2.22725,2.037227,4.0739,3.866207
L10,decision-tree-heart-cleveland-un-formula_0.8_2021_atleast_127_max-6_reduced_incomplete_adaboost_2_old.wcnf,True,True,139.0,72.0,3.043973,8.151896,3.043973,8.202726
L10,decision-tree-heart-cleveland-un-formula_0.8_2021_atleast_15_max-3_reduced_incomplete_adaboost_4_old.wcnf,True,True,138.0,138.0,0.31645,0.295128,0.501206,0.482956
L10,decision-tree-heart-cleveland-un-formula_0.8_2021_atleast_31_max-4_reduced_incomplete_adaboost_4_old.wcnf,True,True,146.0,146.0,0.730533,0.66215,1.028816,0.954165
L10,decision-tree-heart-cleveland-un-formula_0.8_2021_atleast_31_max-4_reduced_incomplete_adaboost_6_old.wcnf,True,True,240.0,240.0,0.759052,0.733769,1.454042,1.440989
L10,decision-tree-primary-tumor-un-formula_0.8_2021_atleast_127_max-6_reduced_incomplete_adaboost_2_old.wcnf,True,True,113.0,113.0,3.559732,2.874133,5.835292,4.866993
L10,decision-tree-primary-tumor-un-formula_0.8_2021_atleast_127_max-6_reduced_incomplete_adaboost_4_old.wcnf,True,True,212.0,212.0,4.117007,2.841431,4.258837,2.967591
L10,decision-tree-primary-tumor-un-formula_0.8_2021_atleast_15_max-3_reduced_incomplete_adaboost_2_old.wcnf,True,True,84.0,84.0,0.138589,0.096787,4.743873,4.653626
L10,decision-tree-primary-tumor-un-formula_0.8_2021_atleast_31_max-4_reduced_incomplete_adaboost_4_old.wcnf,True,True,155.0,155.0,0.272315,0.255676,4.112743,4.079412
L10,decision-tree-primary-tumor-un-formula_0.8_2021_atleast_63_max-5_reduced_incomplete_adaboost_6_old.wcnf,True,True,338.0,338.0,0.812037,0.779484,1.644059,1.610902
L10,decision-tree-tic-tac-toe-un-formula_0.8_2021_atleast_15_max-3_reduced_incomplete_adaboost_2_old.wcnf,True,True,335.0,335.0,0.280565,0.216716,0.432684,0.361391
L10,decision-tree-tic-tac-toe-un-formula_0.8_2021_atleast_15_max-3_reduced_incomplete_adaboost_3_old.wcnf,True,True,443.0,443.0,0.324483,0.242068,0.400081,0.31655
L10,decision-tree-tic-tac-toe-un-formula_0.8_2021_atleast_31_max-4_reduced_incomplete_adaboost_2_old.wcnf,True,True,286.0,286.0,0.444517,0.381463,0.444517,0.381463
L10,drmx-cryptogen_wt-geffe128_7_old.wcnf,True,True,811.0,811.0,0.019867,0.007389,29.304254,29.267158
L10,generalized-ising_wt-IS11_5.0.5.0.0.5_softer_periodic_old.wcnf,True,True,112229069992697.0,112229069992697.0,0.051307,0.035102,0.668252,0.65056
L10,generalized-ising_wt-IS12_5.0.5.0.0.5_softer_periodic_old.wcnf,True,True,113171466486232.0,113171466486232.0,0.233224,0.03461,0.239781,0.041027
L10,generalized-ising_wt-IS13_5.0.5.0.0.5_softer_periodic_old.wcnf,True,True,119401387482250.0,119401387482250.0,0.081375,0.034778,0.085178,0.038124
L10,generalized-ising_wt-IS15_5.0.5.0.0.5_softer_periodic_old.wcnf,True,True,114658059944605.0,114658059944605.0,0.106127,0.035075,0.111152,0.039614
L10,generalized-ising_wt-IS16_5.0.5.0.0.5_softer_periodic_old.wcnf,True,True,115258059944605.0,115258059944605.0,0.381611,0.033728,6.466168,6.001871
L10,generalized-ising_wt-IS17_5.0.5.0.0.5_softer_periodic_old.wcnf,True,True,115902780531937.0,115902780531937.0,0.058803,0.033911,14.651764,14.452147
L10,generalized-ising_wt-IS20_5.0.5.0.0.5_softer_periodic_old.wcnf,True,True,119388436533623.0,119388436533623.0,0.079473,0.034353,0.120177,0.073631
L10,generalized-ising_wt-IS22_5.0.5.0.0.5_softer_periodic_old.wcnf,True,True,119112776308211.0,119112776308211.0,0.048958,0.034803,0.059808,0.045518
L10,generalized-ising_wt-IS23_5.0.5.0.0.5_softer_periodic_old.wcnf,True,True,118663520151734.0,118663520151734.0,0.050812,0.034499,0.113351,0.096534
L10,generalized-ising_wt-IS3_5.0.5.0.0.5_softer_periodic_old.wcnf,True,True,116804575996363.0,116804575996363.0,0.136658,0.034656,6.525039,6.50124
L10,generalized-ising_wt-IS4_5.0.5.0.0.5_softer_periodic_old.wcnf,True,True,115857504490177.0,115857504490177.0,0.080799,0.03411,0.119734,0.071904
L10,generalized-ising_wt-IS5_5.0.5.0.0.5_softer_periodic_old.wcnf,True,True,114843630201223.0,114843630201223.0,0.058437,0.034239,0.54742,0.522699
L10,generalized-ising_wt-IS6_5.0.5.0.0.5_softer_periodic_old.wcnf,True,True,113797656078091.0,113797656078091.0,0.05406,0.0346,0.125752,0.106487
L10,generalized-ising_wt-IS7_5.0.5.0.0.5_softer_periodic_old.wcnf,True,True,112706601923009.0,112706601923009.0,0.053455,0.034717,0.085407,0.066191
L10,generalized-ising_wt-IS9_5.0.5.0.0.5_softer_periodic_old.wcnf,True,True,110066981524169.0,110066981524169.0,0.078338,0.035663,0.115075,0.072628
L10,hs-timetabling_wt-BrazilInstance1.xml_old.wcnf,True,True,117.0,117.0,0.102949,0.089674,41.348795,41.305942
L10,hs-timetabling_wt-BrazilInstance2.xml_old.wcnf,True,True,149.0,149.0,0.231236,0.211533,50.061829,49.736541
L10,hs-timetabling_wt-BrazilInstance4.xml_old.wcnf,True,True,267.0,267.0,1.486495,1.35627,1.486495,1.35627
L10,hs-timetabling_wt-BrazilInstance5.xml_old.wcnf,True,True,490.0,490.0,1.216193,0.599085,29.200132,28.96374
L10,hs-timetabling_wt-BrazilInstance6.xml_old.wcnf,True,True,546.0,546.0,0.852152,0.789457,55.44878,55.396302
L10,hs-timetabling_wt-BrazilInstance7.xml_old.wcnf,True,True,889.0,889.0,1.143801,1.034543,49.743412,48.923657
L10,hs-timetabling_wt-FinlandSecondarySchool.xml_old.wcnf,True,True,817.0,817.0,1.51645,1.434931,1.51645,1.434931
L10,hs-timetabling_wt-ItalyInstance4.xml_old.wcnf,True,True,12143.0,12143.0,9.223397,9.496737,19.116237,19.779477
L10,judgment-aggregation-ja-kemeny-preflib-00049-00000300_old.wcnf,True,True,793.0,793.0,0.27009,0.231018,44.989536,45.033519
L10,judgment-aggregation-ja-kemeny-preflib-00049-00000334_old.wcnf,True,True,612.0,612.0,0.151844,0.114001,52.27211,52.930887
L10,judgment-aggregation-ja-kemeny-preflib-00049-00000451_old.wcnf,True,True,1020.0,1020.0,0.917298,0.834565,50.607433,55.714215
L10,judgment-aggregation-ja-kemeny-preflib-00049-00000454_old.wcnf,True,True,715.0,721.0,0.291752,0.281124,57.87245,58.224576
L10,judgment-aggregation-ja-kemeny-preflib-00051-00000011_old.wcnf,True,True,779.0,786.0,1.490124,1.32555,58.898048,44.95351
L10,max-realizability_wt-power-distribution_11_7_old.wcnf,True,True,126.0,126.0,0.534698,0.539374,1.179387,1.209986
L10,max-realizability_wt-power-distribution_12_8_old.wcnf,True,True,216.0,216.0,1.314513,1.244029,1.783352,1.733759
L10,max-realizability_wt-robot-navigation_10_old.wcnf,True,True,39.0,39.0,10.870491,10.996751,10.870491,10.996751
L10,metro_wt-metro_8_8_5_20_10_6_500_1_3.lp.sm-extracted_old.wcnf,True,True,215.0,215.0,6.37451,6.355982,10.40372,10.374152
L10,mpe_wt-random-net-50-5_network-8.net_old.wcnf,True,True,48330.0,48330.0,0.074281,0.011781,33.219044,33.216867
L10,pseudoBoolean_wt-normalized-mps-v2-20-10-sentoy.opb.msat_old.wcnf,True,True,9460.0,9460.0,0.261517,0.042789,0.261517,0.042789
L10,railway-transport_wt-bf2030fvslack_old.wcnf,True,True,561747.0,264711.0,58.007234,20.071849,58.007234,46.001599
L10,railway-transport_wt-f2030_old.wcnf,True,True,6979.0,6979.0,9.488085,2.98313,59.720215,53.72763
L10,railway-transport_wt-r11_old.wcnf,True,True,73964834.0,68426962.0,54.235723,18.306049,59.981823,42.738649
L10,railway-transport_wt-wg2_old.wcnf,True,True,866.0,866.0,13.894965,11.790221,41.007915,39.190271
L10,ramsey_wt-ram_k3_n14.ra1_old.wcnf,True,True,3025.0,3025.0,0.072657,0.002051,0.563721,0.486832
L10,ramsey_wt-ram_k3_n16.ra1_old.wcnf,True,True,7271.0,7271.0,0.026102,0.002635,0.465915,0.443932
L10,ramsey_wt-ram_k3_n19.ra1_old.wcnf,True,True,20665.0,20665.0,0.047509,0.004859,1.241751,1.189796
L10,ramsey_wt-ram_k4_n19.ra1_old.wcnf,True,True,1240.0,1240.0,0.096689,0.006943,8.120485,8.009011
L10,relational-inference_wt-pa-1_old.wcnf,True,True,8282.0,8282.0,4.687011,2.788034,7.158971,5.189074
L10,relational-inference_wt-pa-2_old.wcnf,True,True,3093.0,3093.0,38.679657,31.618708,38.753257,31.675808
L10,relational-inference_wt-pa-3_old.wcnf,True,False,2967.0,,34.577939,28.579331,57.496739,51.088431
L10,setcover_wt-rail2536_old.wcnf,True,True,2147034.0,2147034.0,1.167363,0.671135,1.167363,0.671135
L10,setcover_wt-rail4284_old.wcnf,True,True,2119198.0,2119198.0,1.060235,0.686979,1.060235,0.686979
L10,setcover_wt-rail4872_old.wcnf,True,True,1873139.0,1873139.0,2.159458,0.571944,2.159458,0.571944
L10,setcover_wt-rail507_old.wcnf,True,True,220.0,220.0,15.965565,15.563672,41.523105,41.705082
L10,shiftdesign_wt-limits-10-10_data-1_inst-084_30m.sm-extracted_old.wcnf,True,True,49932711.0,49932711.0,10.988424,8.676591,10.988424,8.676591
L10,shiftdesign_wt-limits-10-10_data-1_inst-137_30m.sm-extracted_old.wcnf,True,True,17244442.0,17244442.0,4.440402,3.954486,4.440402,3.954486
L10,shiftdesign_wt-limits-10-10_data-1_inst-182_30m.sm-extracted_old.wcnf,True,True,30573006.0,30573006.0,9.468072,8.864235,9.468072,8.864235
L10,shiftdesign_wt-limits-10-10_data-2_inst-003_30m.sm-extracted_old.wcnf,True,True,41321652.0,41321652.0,11.49043,7.998783,11.49043,7.998783
L10,shiftdesign_wt-limits-10-10_data-2_inst-025_30m.sm-extracted_old.wcnf,True,True,56212258.0,56212258.0,11.537841,11.321806,11.537841,11.321806
L10,shiftdesign_wt-limits-10-10_data-2_inst-030_30m.sm-extracted_old.wcnf,True,True,122128224.0,122128224.0,22.926491,21.664551,22.926491,21.664551
L10,shiftdesign_wt-limits-10-10_data-3_inst-002_30m.sm-extracted_old.wcnf,True,True,35896155.0,35896155.0,7.987121,6.59977,7.987121,6.59977
L10,shiftdesign_wt-limits-10-10_data-3_inst-003_30m.sm-extracted_old.wcnf,True,True,28190618.0,28190618.0,6.261324,5.024164,6.261324,5.024164
L10,shiftdesign_wt-limits-10-10_data-4_inst-003_60m.sm-extracted_old.wcnf,True,True,87521039.0,87521039.0,17.375027,12.250541,17.375027,12.250541
L10,spot5_wt-1401.wcsp.log_old.wcnf,True,True,468096.0,468096.0,0.028258,0.014481,7.602884,7.367347
L10,spot5_wt-1403.wcsp.dir_old.wcnf,True,True,477264.0,477264.0,0.075754,0.015693,0.144338,0.084943
L10,spot5_wt-1403.wcsp.log_old.wcnf,True,True,469238.0,469238.0,0.075896,0.018877,34.774426,34.596839
L10,spot5_wt-1405.wcsp.dir_old.wcnf,True,True,475458.0,475458.0,0.143778,0.023367,0.334534,0.215543
L10,spot5_wt-1506.wcsp.log_old.wcnf,True,True,360527.0,360527.0,0.050051,0.024622,34.504252,34.328786
L10,spot5_wt-5.wcsp.log_old.wcnf,True,True,270.0,270.0,0.045271,0.013666,0.050523,0.018913
L10,staff-scheduling_wt-instance10_old.wcnf,True,True,6550.0,6625.0,2.555672,2.614721,57.699272,35.388371
L10,staff-scheduling_wt-instance11_old.wcnf,True,True,3653.0,3653.0,1.199861,1.116118,22.795963,24.876119
L10,staff-scheduling_wt-instance12_old.wcnf,True,True,7671.0,7671.0,4.145644,3.903674,13.842314,13.294804
L10,staff-scheduling_wt-instance2_old.wcnf,True,True,838.0,838.0,0.036385,0.016864,3.616591,3.674205
L10,staff-scheduling_wt-instance3_old.wcnf,True,True,1026.0,1026.0,0.105129,0.047746,15.43724,15.238916
L10,staff-scheduling_wt-instance4_old.wcnf,True,True,1740.0,1740.0,0.093881,0.026921,41.333579,41.288654
L10,staff-scheduling_wt-instance5_old.wcnf,True,True,1287.0,1287.0,0.130588,0.075614,25.431748,25.677688
L10,staff-scheduling_wt-instance6_old.wcnf,True,True,2081.0,2081.0,0.141338,0.092236,10.601762,10.633383
L10,staff-scheduling_wt-instance7_old.wcnf,True,True,1178.0,1178.0,0.216248,0.120276,46.44659,46.09249
L10,staff-scheduling_wt-instance8_old.wcnf,True,True,2848.0,2848.0,0.687515,0.550305,20.639971,18.918239
L10,staff-scheduling_wt-instance9_old.wcnf,True,True,2161.0,2161.0,1.848458,1.760877,47.606658,43.756881
L10,switchingactivitymaximization-SwitchingActivityMaximization_OpenRISC1200_100_old.wcnf,True,True,392.0,392.0,1.088075,0.766316,1.088075,0.766316
L10,switchingactivitymaximization-SwitchingActivityMaximization_OpenRISC1200_150_old.wcnf,True,True,528.0,528.0,1.231364,0.767722,1.231364,0.767722
L10,switchingactivitymaximization-SwitchingActivityMaximization_OpenRISC1200_200_old.wcnf,True,True,602.0,602.0,2.059893,0.77615,2.059893,0.77615
L10,switchingactivitymaximization-SwitchingActivityMaximization_OpenRISC1200_66_old.wcnf,True,True,228.0,228.0,2.321311,0.787665,2.321311,0.787665
L10,switchingactivitymaximization-SwitchingActivityMaximization_OpenRISC1200_68_old.wcnf,True,True,193.0,193.0,1.591115,0.772919,1.591115,0.772919
L10,switchingactivitymaximization-SwitchingActivityMaximization_OpenRISC1200_70_old.wcnf,True,True,240.0,240.0,1.483199,0.77154,1.483199,0.77154
L10,switchingactivitymaximization-SwitchingActivityMaximization_OpenRISC1200_72_old.wcnf,True,True,202.0,202.0,1.982442,0.777244,1.982442,0.777244
L10,switchingactivitymaximization-SwitchingActivityMaximization_OpenRISC1200_80_old.wcnf,True,True,306.0,306.0,2.450808,0.775444,2.450808,0.775444
L10,switchingactivitymaximization-SwitchingActivityMaximization_OpenRISC1200_90_old.wcnf,True,True,283.0,283.0,6.267462,0.778624,6.267462,0.778624
L10,tcp_wt-tcp_students_112_it_2_old.wcnf,True,True,3699.0,3699.0,1.227663,0.248345,44.964902,43.562353
L10,timetabling_wt-comp02_old.wcnf,True,True,136.0,136.0,1.846114,0.865416,9.246761,8.771128
L10,timetabling_wt-comp09_old.wcnf,True,True,135.0,135.0,1.37508,0.839224,27.184037,28.415334
L10,timetabling_wt-comp12_old.wcnf,True,True,560.0,560.0,1.452485,0.659097,33.581973,29.276548
L10,timetabling_wt-dds4_old.wcnf,False,False,,,,,,
L12,MaxSATQueriesinInterpretableClassifiers_wt-credit_train_8_CNF_5_20_old.wcnf,True,True,96480.0,96480.0,15.021479,14.075028,43.861201,44.365756
L12,MaxSATQueriesinInterpretableClassifiers_wt-pima_train_6_CNF_3_20_old.wcnf,True,True,3310.0,3310.0,0.044567,0.008761,33.395268,33.124334
L12,MaxSATQueriesinInterpretableClassifiers_wt-toms_test_2_CNF_3_20_old.wcnf,True,True,195.0,195.0,0.609756,0.550002,7.252474,7.077038
L12,MinimumWeightDominatingSetProblem_wt-bn-human-BNU_1_0025865_session_1-bg_old.wcnf,True,True,140539244.0,140539244.0,6.239282,4.079159,6.239282,4.079159
L12,MinimumWeightDominatingSetProblem_wt-channel-500x100x100-b050_old.wcnf,True,True,478624478.0,478245864.0,21.004552,18.366734,60.487852,61.145434
L12,MinimumWeightDominatingSetProblem_wt-delaunay_n24_old.wcnf,True,False,1685918983.0,,50.026828,43.717177,62.178028,64.409677
L12,MinimumWeightDominatingSetProblem_wt-hugebubbles-00020_old.wcnf,True,True,2130406259.0,2130406259.0,31.237817,23.70679,31.237817,23.70679
L12,MinimumWeightDominatingSetProblem_wt-inf-road-usa_old.wcnf,True,False,2406704625.0,,26.741276,47.104796,26.741276,64.454096
L12,MinimumWeightDominatingSetProblem_wt-rgg_n_2_24_s0_old.wcnf,True,True,1686108752.0,1686108752.0,45.573177,20.917922,45.573177,20.917922
L12,MinimumWeightDominatingSetProblem_wt-sc-rel9_old.wcnf,True,True,593056574.0,593056574.0,35.612281,31.270786,61.275281,60.174086
L12,MinimumWeightDominatingSetProblem_wt-soc-livejournal-user-groups_old.wcnf,True,True,752647274.0,752647274.0,26.920119,16.443304,26.920119,16.443304
L12,MinimumWeightDominatingSetProblem_wt-web-wikipedia2009_old.wcnf,True,True,174611880.0,35092853.0,11.480486,9.582251,60.605716,12.700091
L12,ParametricRBACMaintenance_mse20_wt-role_domino_multiple_0.1_8_old.wcnf,True,True,47682.0,47682.0,2.163202,1.835275,12.370532,11.639875
L12,ParametricRBACMaintenance_mse20_wt-role_domino_multiple_0.2_0_old.wcnf,True,True,74189.0,72339.0,2.160493,1.962948,9.582683,12.874518
L12,ParametricRBACMaintenance_mse20_wt-role_domino_multiple_0.5_1_old.wcnf,True,True,144463.0,144463.0,3.119143,1.859351,10.266053,7.466521
L12,ParametricRBACMaintenance_mse20_wt-role_domino_multiple_0.6_8_old.wcnf,True,True,159871.0,159871.0,2.134829,2.008943,11.652069,11.864383
L12,ParametricRBACMaintenance_mse20_wt-role_smallcomp_multiple_0.7_2_old.wcnf,True,True,277373.0,277373.0,12.558033,12.517987,58.706988,59.132288
L12,ParametricRBACMaintenance_mse20_wt-role_smallcomp_multiple_0.7_6_old.wcnf,True,True,252179.0,252179.0,0.029064,0.010801,3.486914,3.518935
L12,ParametricRBACMaintenance_mse20_wt-role_smallcomp_multiple_0.8_1_old.wcnf,True,True,350793.0,350793.0,0.027103,0.009967,10.317219,10.236353
L12,ParametricRBACMaintenance_mse20_wt-role_smallcomp_multiple_0.9_6_old.wcnf,True,True,282321.0,282321.0,0.051007,0.010826,0.191686,0.151912
L12,ParametricRBACMaintenance_mse20_wt-role_university_multiple_0.1_1_old.wcnf,True,True,63653.0,63653.0,2.951354,2.878708,11.422634,11.192678
L12,ParametricRBACMaintenance_mse20_wt-role_university_multiple_0.4_7_old.wcnf,True,True,234414.0,234414.0,4.696812,3.595741,11.854412,9.440991
L12,ParametricRBACMaintenance_mse20_wt-role_university_multiple_0.5_4_old.wcnf,True,True,215348.0,215348.0,3.291607,2.573333,13.458707,10.563153
L12,ParametricRBACMaintenance_mse20_wt-role_university_multiple_0.5_5_old.wcnf,True,True,198362.0,198362.0,3.076692,3.260999,12.371532,11.965909
L12,ParametricRBACMaintenance_mse20_wt-role_university_multiple_0.5_7_old.wcnf,True,True,263585.0,263585.0,3.979872,3.882374,9.758902,9.202784
L12,abstraction-refinement_wt-downcast-antlr_old.wcnf,True,True,79566.0,79566.0,9.610021,9.013356,9.610021,9.013356
L12,abstraction-refinement_wt-downcast-avrora_old.wcnf,True,True,49759.0,49759.0,14.415457,14.762097,18.520547,18.879887
L12,abstraction-refinement_wt-downcast-hsqldb_old.wcnf,True,True,32293.0,32293.0,31.648643,31.527898,40.549243,41.558098
L12,abstraction-refinement_wt-downcast-pmd_old.wcnf,True,True,6287.0,6287.0,31.192836,31.62949,41.553736,42.35349
L12,abstraction-refinement_wt-downcast-xalan_old.wcnf,True,True,65593.0,65593.0,16.6016,16.078211,59.13149,58.546341
L12,abstraction-refinement_wt-polysite-avrora_old.wcnf,True,True,55020.0,55020.0,16.46761,14.350817,20.44499,18.325027
L12,abstraction-refinement_wt-polysite-bloat_old.wcnf,True,True,2397.0,4948.0,45.862395,19.037595,61.341495,19.037595
L12,abstraction-refinement_wt-polysite-hsqldb_old.wcnf,True,True,177778.0,175624.0,14.378859,37.4601,14.378859,46.037
L12,abstraction-refinement_wt-polysite-pmd_old.wcnf,True,True,190826.0,190826.0,26.473427,27.552325,34.166027,34.784425
L12,abstraction-refinement_wt-polysite-xalan_old.wcnf,True,True,117742.0,117742.0,22.222937,20.115897,27.096837,25.118557
L12,causal-discovery_wt-causal_Link_10_10000_old.wcnf,True,True,39112847.0,39112847.0,3.546758,3.264075,14.887858,14.649135
L12,causal-discovery_wt-causal_Link_10_1000_old.wcnf,True,True,33562494.0,33562494.0,3.653289,3.259299,30.145389,29.208439
L12,causal-discovery_wt-causal_Link_9_100_old.wcnf,True,True,3242187.0,3242187.0,1.996114,0.527729,1.996114,0.527729
L12,causal-discovery_wt-causal_Mushroom_7_1000_old.wcnf,True,True,9414169.0,9414169.0,0.1554,0.137775,17.869041,17.945009
L12,causal-discovery_wt-causal_Pigs_6_1000_old.wcnf,True,True,35110976.0,35110976.0,0.604325,0.192619,0.604325,0.192619
L12,causal-discovery_wt-causal_Water_10_1000_old.wcnf,True,True,45193159.0,45193159.0,3.237911,3.321316,11.619061,11.800926
L12,causal-discovery_wt-causal_alarm_9_1000_old.wcnf,True,True,36049513.0,36049513.0,1.268197,1.200188,10.24051,10.253653
L12,causal-discovery_wt-causal_carpo_8_1000_old.wcnf,True,True,2244087.0,2244087.0,0.460445,0.429857,59.12291,59.002736
L12,correlation-clustering_wt-Rounded_CorrelationClustering_Ionosphere_BINARY_N260_D0.200_old.wcnf,True,True,7014701.0,22012762.0,0.449744,0.388436,7.573165,47.583768
L12,correlation-clustering_wt-Rounded_CorrelationClustering_Protein1_UNARY_N290_old.wcnf,True,True,32090014.0,32090014.0,4.987195,4.961137,6.811545,6.825427
L12,correlation-clustering_wt-Rounded_CorrelationClustering_Protein2_BINARY_N220_old.wcnf,True,True,14004102.0,15656966.0,0.195893,0.138488,8.168712,39.58572
L12,correlation-clustering_wt-Rounded_CorrelationClustering_Protein2_BINARY_N240_old.wcnf,True,True,16116883.0,17505946.0,0.206399,0.164811,8.4641,32.464381
L12,correlation-clustering_wt-Rounded_CorrelationClustering_Protein2_BINARY_N380_old.wcnf,True,True,39198852.0,46057579.0,0.516161,0.42745,12.039557,31.073122
L12,correlation-clustering_wt-Rounded_CorrelationClustering_Protein2_UNARY_N220_old.wcnf,True,True,21300102.0,21300102.0,2.815447,2.608525,3.672867,3.654715
L12,correlation-clustering_wt-Rounded_CorrelationClustering_Protein3_TRANSITIVE_N280_old.wcnf,True,True,185255761.0,185255761.0,9.352062,9.036758,30.006912,29.721408
L12,correlation-clustering_wt-Rounded_CorrelationClustering_Protein3_UNARY_N220_old.wcnf,True,True,19154505.0,19154505.0,2.514262,2.496433,4.591722,4.591683
L12,correlation-clustering_wt-Rounded_CorrelationClustering_Protein4_BINARY_N320_old.wcnf,True,True,14733167.0,27434394.0,0.208796,0.179438,7.974472,30.848248
L12,correlation-clustering_wt-Rounded_CorrelationClustering_Protein4_UNARY_N250_old.wcnf,True,True,11103273.0,11103273.0,2.533845,2.306785,11.481845,11.561945
L12,correlation-clustering_wt-Rounded_CorrelationClustering_Vowel_BINARY_N700_D0.200_old.wcnf,True,True,75201247.0,822078090.0,2.389101,0.844685,2.576081,0.844685
L12,correlation-clustering_wt-Rounded_CorrelationClustering_Vowel_BINARY_N800_D0.200_old.wcnf,True,True,86276967.0,1169882030.0,3.327337,1.213078,8.202637,1.213078
L12,decision-tree-anneal-un-formula_0.8_2021_atleast_31_max-4_reduced_incomplete_adaboost_3_old.wcnf,True,True,355.0,355.0,1.553209,1.47796,3.154289,3.10726
L12,decision-tree-anneal-un-formula_0.8_2021_atleast_31_max-4_reduced_incomplete_adaboost_5_old.wcnf,True,True,762.0,762.0,1.528031,1.4429,8.742101,8.17171
L12,decision-tree-australian-credit-un-formula_0.8_2021_atleast_31_max-4_reduced_incomplete_adaboost_5_old.wcnf,True,True,575.0,575.0,2.22725,2.019924,4.0739,3.825394
L12,decision-tree-heart-cleveland-un-formula_0.8_2021_atleast_127_max-6_reduced_incomplete_adaboost_2_old.wcnf,True,True,139.0,72.0,3.043973,8.182126,3.043973,8.231996
L12,decision-tree-heart-cleveland-un-formula_0.8_2021_atleast_15_max-3_reduced_incomplete_adaboost_4_old.wcnf,True,True,138.0,138.0,0.31645,0.284321,0.501206,0.472388
L12,decision-tree-heart-cleveland-un-formula_0.8_2021_atleast_31_max-4_reduced_incomplete_adaboost_4_old.wcnf,True,True,146.0,146.0,0.730533,0.673093,1.028816,0.961376
L12,decision-tree-heart-cleveland-un-formula_0.8_2021_atleast_31_max-4_reduced_incomplete_adaboost_6_old.wcnf,True,True,240.0,240.0,0.759052,0.702007,1.454042,1.381614
L12,decision-tree-primary-tumor-un-formula_0.8_2021_atleast_127_max-6_reduced_incomplete_adaboost_2_old.wcnf,True,True,113.0,113.0,3.559732,2.914064,5.835292,4.983814
L12,decision-tree-primary-tumor-un-formula_0.8_2021_atleast_127_max-6_reduced_incomplete_adaboost_4_old.wcnf,True,True,212.0,212.0,4.117007,2.881335,4.258837,3.009875
L12,decision-tree-primary-tumor-un-formula_0.8_2021_atleast_15_max-3_reduced_incomplete_adaboost_2_old.wcnf,True,True,84.0,84.0,0.138589,0.099451,4.743873,4.706158
L12,decision-tree-primary-tumor-un-formula_0.8_2021_atleast_31_max-4_reduced_incomplete_adaboost_4_old.wcnf,True,True,155.0,155.0,0.272315,0.247761,4.112743,3.993528
L12,decision-tree-primary-tumor-un-formula_0.8_2021_atleast_63_max-5_reduced_incomplete_adaboost_6_old.wcnf,True,True,338.0,338.0,0.812037,0.789649,1.644059,1.609303
L12,decision-tree-tic-tac-toe-un-formula_0.8_2021_atleast_15_max-3_reduced_incomplete_adaboost_2_old.wcnf,True,True,335.0,335.0,0.280565,0.215631,0.432684,0.356088
L12,decision-tree-tic-tac-toe-un-formula_0.8_2021_atleast_15_max-3_reduced_incomplete_adaboost_3_old.wcnf,True,True,443.0,443.0,0.324483,0.245629,0.400081,0.32136
L12,decision-tree-tic-tac-toe-un-formula_0.8_2021_atleast_31_max-4_reduced_incomplete_adaboost_2_old.wcnf,True,True,286.0,286.0,0.444517,0.382021,0.444517,0.382021
L12,drmx-cryptogen_wt-geffe128_7_old.wcnf,True,True,811.0,811.0,0.019867,0.006946,29.304254,29.332802
L12,generalized-ising_wt-IS11_5.0.5.0.0.5_softer_periodic_old.wcnf,True,True,112229069992697.0,112229069992697.0,0.051307,0.034698,0.668252,0.651969
L12,generalized-ising_wt-IS12_5.0.5.0.0.5_softer_periodic_old.wcnf,True,True,113171466486232.0,113171466486232.0,0.233224,0.034403,0.239781,0.040851
L12,generalized-ising_wt-IS13_5.0.5.0.0.5_softer_periodic_old.wcnf,True,True,119401387482250.0,119401387482250.0,0.081375,0.033892,0.085178,0.037204
L12,generalized-ising_wt-IS15_5.0.5.0.0.5_softer_periodic_old.wcnf,True,True,114658059944605.0,114658059944605.0,0.106127,0.034746,0.111152,0.039254
L12,generalized-ising_wt-IS16_5.0.5.0.0.5_softer_periodic_old.wcnf,True,True,115258059944605.0,115258059944605.0,0.381611,0.0346,6.466168,6.069692
L12,generalized-ising_wt-IS17_5.0.5.0.0.5_softer_periodic_old.wcnf,True,True,115902780531937.0,115902780531937.0,0.058803,0.034171,14.651764,14.436499
L12,generalized-ising_wt-IS20_5.0.5.0.0.5_softer_periodic_old.wcnf,True,True,119388436533623.0,119388436533623.0,0.079473,0.034021,0.120177,0.073447
L12,generalized-ising_wt-IS22_5.0.5.0.0.5_softer_periodic_old.wcnf,True,True,119112776308211.0,119112776308211.0,0.048958,0.035132,0.059808,0.045926
L12,generalized-ising_wt-IS23_5.0.5.0.0.5_softer_periodic_old.wcnf,True,True,118663520151734.0,118663520151734.0,0.050812,0.034871,0.113351,0.09458
L12,generalized-ising_wt-IS3_5.0.5.0.0.5_softer_periodic_old.wcnf,True,True,116804575996363.0,116804575996363.0,0.136658,0.035057,6.525039,6.463864
L12,generalized-ising_wt-IS4_5.0.5.0.0.5_softer_periodic_old.wcnf,True,True,115857504490177.0,115857504490177.0,0.080799,0.034429,0.119734,0.072598
L12,generalized-ising_wt-IS5_5.0.5.0.0.5_softer_periodic_old.wcnf,True,True,114843630201223.0,114843630201223.0,0.058437,0.034431,0.54742,0.519815
L12,generalized-ising_wt-IS6_5.0.5.0.0.5_softer_periodic_old.wcnf,True,True,113797656078091.0,113797656078091.0,0.05406,0.033464,0.125752,0.105102
L12,generalized-ising_wt-IS7_5.0.5.0.0.5_softer_periodic_old.wcnf,True,True,112706601923009.0,112706601923009.0,0.053455,0.034273,0.085407,0.066071
L12,generalized-ising_wt-IS9_5.0.5.0.0.5_softer_periodic_old.wcnf,True,True,110066981524169.0,110066981524169.0,0.078338,0.034856,0.115075,0.071673
L12,hs-timetabling_wt-BrazilInstance1.xml_old.wcnf,True,True,117.0,117.0,0.102949,0.089172,41.348795,41.420621
L12,hs-timetabling_wt-BrazilInstance2.xml_old.wcnf,True,True,149.0,149.0,0.231236,0.209989,50.061829,49.681814
L12,hs-timetabling_wt-BrazilInstance4.xml_old.wcnf,True,True,267.0,267.0,1.486495,1.362667,1.486495,1.362667
L12,hs-timetabling_wt-BrazilInstance5.xml_old.wcnf,True,True,490.0,490.0,1.216193,0.562869,29.200132,28.527815
L12,hs-timetabling_wt-BrazilInstance6.xml_old.wcnf,True,True,546.0,546.0,0.852152,0.793364,55.44878,55.499971
L12,hs-timetabling_wt-BrazilInstance7.xml_old.wcnf,True,True,889.0,889.0,1.143801,1.031554,49.743412,49.855954
L12,hs-timetabling_wt-FinlandSecondarySchool.xml_old.wcnf,True,True,817.0,817.0,1.51645,1.387124,1.51645,1.387124
L12,hs-timetabling_wt-ItalyInstance4.xml_old.wcnf,True,True,12143.0,12143.0,9.223397,9.608805,19.116237,19.603265
L12,judgment-aggregation-ja-kemeny-preflib-00049-00000300_old.wcnf,True,True,793.0,793.0,0.27009,0.231486,44.989536,43.898547
L12,judgment-aggregation-ja-kemeny-preflib-00049-00000334_old.wcnf,True,True,612.0,612.0,0.151844,0.112973,52.27211,53.245035
L12,judgment-aggregation-ja-kemeny-preflib-00049-00000451_old.wcnf,True,True,1020.0,1020.0,0.917298,0.868858,50.607433,58.382848
L12,judgment-aggregation-ja-kemeny-preflib-00049-00000454_old.wcnf,True,True,715.0,715.0,0.291752,0.284457,57.87245,59.460646
L12,judgment-aggregation-ja-kemeny-preflib-00051-00000011_old.wcnf,True,True,779.0,786.0,1.490124,1.309084,58.898048,44.663473
L12,max-realizability_wt-power-distribution_11_7_old.wcnf,True,True,126.0,126.0,0.534698,0.519411,1.179387,1.153141
L12,max-realizability_wt-power-distribution_12_8_old.wcnf,True,True,216.0,216.0,1.314513,1.320104,1.783352,1.820051
L12,max-realizability_wt-robot-navigation_10_old.wcnf,True,True,39.0,39.0,10.870491,10.944753,10.870491,10.944753
L12,metro_wt-metro_8_8_5_20_10_6_500_1_3.lp.sm-extracted_old.wcnf,True,True,215.0,215.0,6.37451,6.355817,10.40372,10.362937
L12,mpe_wt-random-net-50-5_network-8.net_old.wcnf,True,True,48330.0,48330.0,0.074281,0.011838,33.219044,33.152736
L12,pseudoBoolean_wt-normalized-mps-v2-20-10-sentoy.opb.msat_old.wcnf,True,True,9460.0,9460.0,0.261517,0.043495,0.261517,0.043495
L12,railway-transport_wt-bf2030fvslack_old.wcnf,True,True,561747.0,264711.0,58.007234,20.165985,58.007234,43.402825
L12,railway-transport_wt-f2030_old.wcnf,True,True,6979.0,6979.0,9.488085,2.820284,59.720215,54.011764
L12,railway-transport_wt-r11_old.wcnf,True,True,73964834.0,68426962.0,54.235723,18.361426,59.981823,42.670126
L12,railway-transport_wt-wg2_old.wcnf,True,True,866.0,866.0,13.894965,12.106484,41.007915,38.913894
L12,ramsey_wt-ram_k3_n14.ra1_old.wcnf,True,True,3025.0,3025.0,0.072657,0.002232,0.563721,0.486562
L12,ramsey_wt-ram_k3_n16.ra1_old.wcnf,True,True,7271.0,7271.0,0.026102,0.002834,0.465915,0.443139
L12,ramsey_wt-ram_k3_n19.ra1_old.wcnf,True,True,20665.0,20665.0,0.047509,0.00478,1.241751,1.193662
L12,ramsey_wt-ram_k4_n19.ra1_old.wcnf,True,True,1240.0,1240.0,0.096689,0.007398,8.120485,8.014673
L12,relational-inference_wt-pa-1_old.wcnf,True,True,8282.0,8282.0,4.687011,2.76666,7.158971,5.12513
L12,relational-inference_wt-pa-2_old.wcnf,True,True,3093.0,3093.0,38.679657,34.006216,38.753257,34.068116
L12,relational-inference_wt-pa-3_old.wcnf,True,True,2967.0,446468655.0,34.577939,5.764618,57.496739,5.764618
L12,setcover_wt-rail2536_old.wcnf,True,True,2147034.0,2147034.0,1.167363,0.677246,1.167363,0.677246
L12,setcover_wt-rail4284_old.wcnf,True,True,2119198.0,2119198.0,1.060235,0.753707,1.060235,0.753707
L12,setcover_wt-rail4872_old.wcnf,True,True,1873139.0,1873139.0,2.159458,0.556202,2.159458,0.556202
L12,setcover_wt-rail507_old.wcnf,True,True,220.0,220.0,15.965565,15.365495,41.523105,41.369035
L12,shiftdesign_wt-limits-10-10_data-1_inst-084_30m.sm-extracted_old.wcnf,True,True,49932711.0,49932711.0,10.988424,8.460196,10.988424,8.460196
L12,shiftdesign_wt-limits-10-10_data-1_inst-137_30m.sm-extracted_old.wcnf,True,True,17244442.0,17244442.0,4.440402,4.184846,4.440402,4.184846
L12,shiftdesign_wt-limits-10-10_data-1_inst-182_30m.sm-extracted_old.wcnf,True,True,30573006.0,30573006.0,9.468072,7.678186,9.468072,7.678186
L12,shiftdesign_wt-limits-10-10_data-2_inst-003_30m.sm-extracted_old.wcnf,True,True,41321652.0,41321652.0,11.49043,7.823247,11.49043,7.823247
L12,shiftdesign_wt-limits-10-10_data-2_inst-025_30m.sm-extracted_old.wcnf,True,True,56212258.0,56212258.0,11.537841,10.714077,11.537841,10.714077
L12,shiftdesign_wt-limits-10-10_data-2_inst-030_30m.sm-extracted_old.wcnf,True,True,122128224.0,122128224.0,22.926491,22.615285,22.926491,22.615285
L12,shiftdesign_wt-limits-10-10_data-3_inst-002_30m.sm-extracted_old.wcnf,True,True,35896155.0,35896155.0,7.987121,6.457785,7.987121,6.457785
L12,shiftdesign_wt-limits-10-10_data-3_inst-003_30m.sm-extracted_old.wcnf,True,True,28190618.0,28190618.0,6.261324,4.903785,6.261324,4.903785
L12,shiftdesign_wt-limits-10-10_data-4_inst-003_60m.sm-extracted_old.wcnf,True,True,87521039.0,87521039.0,17.375027,12.06353,17.375027,12.06353
L12,spot5_wt-1401.wcsp.log_old.wcnf,True,True,468096.0,468096.0,0.028258,0.015233,7.602884,7.404124
L12,spot5_wt-1403.wcsp.dir_old.wcnf,True,True,477264.0,477264.0,0.075754,0.016316,0.144338,0.085578
L12,spot5_wt-1403.wcsp.log_old.wcnf,True,True,469238.0,469238.0,0.075896,0.019445,34.774426,34.595787
L12,spot5_wt-1405.wcsp.dir_old.wcnf,True,True,475458.0,475458.0,0.143778,0.023448,0.334534,0.216212
L12,spot5_wt-1506.wcsp.log_old.wcnf,True,True,360527.0,360527.0,0.050051,0.024468,34.504252,34.258792
L12,spot5_wt-5.wcsp.log_old.wcnf,True,True,270.0,270.0,0.045271,0.014231,0.050523,0.01949
L12,staff-scheduling_wt-instance10_old.wcnf,True,True,6550.0,6625.0,2.555672,2.847712,57.699272,35.531062
L12,staff-scheduling_wt-instance11_old.wcnf,True,True,3653.0,3653.0,1.199861,1.168612,22.795963,25.229862
L12,staff-scheduling_wt-instance12_old.wcnf,True,True,7671.0,7671.0,4.145644,4.001184,13.842314,14.035154
L12,staff-scheduling_wt-instance2_old.wcnf,True,True,838.0,838.0,0.036385,0.025404,3.616591,3.62284
L12,staff-scheduling_wt-instance3_old.wcnf,True,True,1026.0,1026.0,0.105129,0.047898,15.43724,15.375624
L12,staff-scheduling_wt-instance4_old.wcnf,True,True,1740.0,1740.0,0.093881,0.027577,41.333579,40.722877
L12,staff-scheduling_wt-instance5_old.wcnf,True,True,1287.0,1287.0,0.130588,0.07668,25.431748,25.522329
L12,staff-scheduling_wt-instance6_old.wcnf,True,True,2081.0,2081.0,0.141338,0.091683,10.601762,10.895612
L12,staff-scheduling_wt-instance7_old.wcnf,True,True,1178.0,1178.0,0.216248,0.118684,46.44659,46.176551
L12,staff-scheduling_wt-instance8_old.wcnf,True,True,2848.0,2848.0,0.687515,0.654445,20.639971,19.188468
L12,staff-scheduling_wt-instance9_old.wcnf,True,True,2161.0,2161.0,1.848458,1.617739,47.606658,40.785506
L12,switchingactivitymaximization-SwitchingActivityMaximization_OpenRISC1200_100_old.wcnf,True,True,392.0,392.0,1.088075,0.774891,1.088075,0.774891
L12,switchingactivitymaximization-SwitchingActivityMaximization_OpenRISC1200_150_old.wcnf,True,True,528.0,528.0,1.231364,0.847261,1.231364,0.847261
L12,switchingactivitymaximization-SwitchingActivityMaximization_OpenRISC1200_200_old.wcnf,True,True,602.0,602.0,2.059893,0.794207,2.059893,0.794207
L12,switchingactivitymaximization-SwitchingActivityMaximization_OpenRISC1200_66_old.wcnf,True,True,228.0,228.0,2.321311,4.330995,2.321311,4.330995
L12,switchingactivitymaximization-SwitchingActivityMaximization_OpenRISC1200_68_old.wcnf,True,True,193.0,193.0,1.591115,1.254645,1.591115,1.254645
L12,switchingactivitymaximization-SwitchingActivityMaximization_OpenRISC1200_70_old.wcnf,True,True,240.0,240.0,1.483199,0.819356,1.483199,0.819356
L12,switchingactivitymaximization-SwitchingActivityMaximization_OpenRISC1200_72_old.wcnf,True,True,202.0,202.0,1.982442,0.77355,1.982442,0.77355
L12,switchingactivitymaximization-SwitchingActivityMaximization_OpenRISC1200_80_old.wcnf,True,True,306.0,306.0,2.450808,0.857214,2.450808,0.857214
L12,switchingactivitymaximization-SwitchingActivityMaximization_OpenRISC1200_90_old.wcnf,True,True,283.0,283.0,6.267462,1.056386,6.267462,1.056386
L12,tcp_wt-tcp_students_112_it_2_old.wcnf,True,True,3699.0,3699.0,1.227663,0.244361,44.964902,43.352946
L12,timetabling_wt-comp02_old.wcnf,True,True,136.0,136.0,1.846114,0.838286,9.246761,8.366706
L12,timetabling_wt-comp09_old.wcnf,True,True,135.0,135.0,1.37508,0.845269,27.184037,27.333947
L12,timetabling_wt-comp12_old.wcnf,True,True,560.0,560.0,1.452485,0.628605,33.581973,28.664506
L12,timetabling_wt-dds4_old.wcnf,False,False,,,,,,
L4,MaxSATQueriesinInterpretableClassifiers_wt-credit_train_8_CNF_5_20_old.wcnf,True,True,96480.0,96480.0,15.021479,14.116842,43.861201,42.927474
L4,MaxSATQueriesinInterpretableClassifiers_wt-pima_train_6_CNF_3_20_old.wcnf,True,True,3310.0,2757.0,0.044567,0.027648,33.395268,12.08052
L4,MaxSATQueriesinInterpretableClassifiers_wt-toms_test_2_CNF_3_20_old.wcnf,True,True,195.0,195.0,0.609756,0.548797,7.252474,7.086038
L4,MinimumWeightDominatingSetProblem_wt-bn-human-BNU_1_0025865_session_1-bg_old.wcnf,True,True,140539244.0,140539244.0,6.239282,5.414553,6.239282,5.414553
L4,MinimumWeightDominatingSetProblem_wt-channel-500x100x100-b050_old.wcnf,True,True,478624478.0,478624478.0,21.004552,20.437278,60.487852,61.221578
L4,MinimumWeightDominatingSetProblem_wt-delaunay_n24_old.wcnf,True,True,1685918983.0,1686108752.0,50.026828,16.484276,62.178028,16.484276
L4,MinimumWeightDominatingSetProblem_wt-hugebubbles-00020_old.wcnf,True,True,2130406259.0,2130406259.0,31.237817,26.989833,31.237817,26.989833
L4,MinimumWeightDominatingSetProblem_wt-inf-road-usa_old.wcnf,True,True,2406704625.0,2406704625.0,26.741276,20.908267,26.741276,20.908267
L4,MinimumWeightDominatingSetProblem_wt-rgg_n_2_24_s0_old.wcnf,True,True,1686108752.0,1686108752.0,45.573177,29.939021,45.573177,29.939021
L4,MinimumWeightDominatingSetProblem_wt-sc-rel9_old.wcnf,True,True,593056574.0,593623407.0,35.612281,35.466876,61.275281,61.984476
L4,MinimumWeightDominatingSetProblem_wt-soc-livejournal-user-groups_old.wcnf,True,True,752647274.0,752647274.0,26.920119,26.626436,26.920119,26.626436
L4,MinimumWeightDominatingSetProblem_wt-web-wikipedia2009_old.wcnf,True,True,174611880.0,35092853.0,11.480486,10.870523,60.605716,14.158473
L4,ParametricRBACMaintenance_mse20_wt-role_domino_multiple_0.1_8_old.wcnf,True,True,47682.0,47682.0,2.163202,1.80317,12.370532,12.03665
L4,ParametricRBACMaintenance_mse20_wt-role_domino_multiple_0.2_0_old.wcnf,True,True,74189.0,74189.0,2.160493,2.486056,9.582683,10.593036
L4,ParametricRBACMaintenance_mse20_wt-role_domino_multiple_0.5_1_old.wcnf,True,True,144463.0,144463.0,3.119143,1.971842,10.266053,7.927442
L4,ParametricRBACMaintenance_mse20_wt-role_domino_multiple_0.6_8_old.wcnf,True,True,159871.0,159871.0,2.134829,1.906313,11.652069,11.827283
L4,ParametricRBACMaintenance_mse20_wt-role_smallcomp_multiple_0.7_2_old.wcnf,True,True,277373.0,277373.0,12.558033,12.533288,58.706988,57.290709
L4,ParametricRBACMaintenance_mse20_wt-role_smallcomp_multiple_0.7_6_old.wcnf,True,True,252179.0,252179.0,0.029064,0.010026,3.486914,3.471872
L4,ParametricRBACMaintenance_mse20_wt-role_smallcomp_multiple_0.8_1_old.wcnf,True,True,350793.0,350793.0,0.027103,0.009472,10.317219,10.268754
L4,ParametricRBACMaintenance_mse20_wt-role_smallcomp_multiple_0.9_6_old.wcnf,True,True,282321.0,282321.0,0.051007,0.010055,0.191686,0.151148
L4,ParametricRBACMaintenance_mse20_wt-role_university_multiple_0.1_1_old.wcnf,True,True,63653.0,63653.0,2.951354,2.818614,11.422634,12.125984
L4,ParametricRBACMaintenance_mse20_wt-role_university_multiple_0.4_7_old.wcnf,True,True,234414.0,234414.0,4.696812,3.734817,11.854412,9.728607
L4,ParametricRBACMaintenance_mse20_wt-role_university_multiple_0.5_4_old.wcnf,True,True,215348.0,215348.0,3.291607,2.464204,13.458707,11.242524
L4,ParametricRBACMaintenance_mse20_wt-role_university_multiple_0.5_5_old.wcnf,True,True,198362.0,198362.0,3.076692,2.907697,12.371532,11.613187
L4,ParametricRBACMaintenance_mse20_wt-role_university_multiple_0.5_7_old.wcnf,True,True,263585.0,263585.0,3.979872,3.658962,9.758902,9.022572
L4,abstraction-refinement_wt-downcast-antlr_old.wcnf,True,True,79566.0,78873.0,9.610021,24.030888,9.610021,26.816188
L4,abstraction-refinement_wt-downcast-avrora_old.wcnf,True,True,49759.0,49759.0,14.415457,16.008318,18.520547,20.265538
L4,abstraction-refinement_wt-downcast-hsqldb_old.wcnf,True,True,32293.0,32293.0,31.648643,37.551079,40.549243,50.782179
L4,abstraction-refinement_wt-downcast-pmd_old.wcnf,True,True,6287.0,6287.0,31.192836,34.904349,41.553736,48.948749
L4,abstraction-refinement_wt-downcast-xalan_old.wcnf,True,True,65593.0,65615.0,16.6016,21.372177,59.13149,52.288027
L4,abstraction-refinement_wt-polysite-avrora_old.wcnf,True,True,55020.0,55020.0,16.46761,15.911781,20.44499,19.945001
L4,abstraction-refinement_wt-polysite-bloat_old.wcnf,True,False,2397.0,,45.862395,48.970356,61.341495,64.254856
L4,abstraction-refinement_wt-polysite-hsqldb_old.wcnf,True,True,177778.0,175624.0,14.378859,37.524081,14.378859,48.658481
L4,abstraction-refinement_wt-polysite-pmd_old.wcnf,True,True,190826.0,190826.0,26.473427,29.194334,34.166027,39.465834
L4,abstraction-refinement_wt-polysite-xalan_old.wcnf,True,False,117742.0,,22.222937,21.297526,27.096837,26.890786
L4,causal-discovery_wt-causal_Link_10_10000_old.wcnf,True,True,39112847.0,39112847.0,3.546758,16.03229,14.887858,27.65014
L4,causal-discovery_wt-causal_Link_10_1000_old.wcnf,True,True,33562494.0,33562494.0,3.653289,15.944775,30.145389,41.997955
L4,causal-discovery_wt-causal_Link_9_100_old.wcnf,True,True,3242187.0,3242187.0,1.996114,0.606057,1.996114,0.606057
L4,causal-discovery_wt-causal_Mushroom_7_1000_old.wcnf,True,True,9414169.0,263844.0,0.1554,0.298297,17.869041,3.645293
L4,causal-discovery_wt-causal_Pigs_6_1000_old.wcnf,True,True,35110976.0,31594677.0,0.604325,0.459448,0.604325,4.130606
L4,causal-discovery_wt-causal_Water_10_1000_old.wcnf,True,True,45193159.0,45193159.0,3.237911,3.93052,11.619061,3.93052
L4,causal-discovery_wt-causal_alarm_9_1000_old.wcnf,True,True,36049513.0,36049513.0,1.268197,13.775246,10.24051,22.835187
L4,causal-discovery_wt-causal_carpo_8_1000_old.wcnf,True,True,2244087.0,2807752.0,0.460445,0.509365,59.12291,1.837923
L4,correlation-clustering_wt-Rounded_CorrelationClustering_Ionosphere_BINARY_N260_D0.200_old.wcnf,True,True,7014701.0,7014701.0,0.449744,0.470289,7.573165,8.119626
L4,correlation-clustering_wt-Rounded_CorrelationClustering_Protein1_UNARY_N290_old.wcnf,True,True,32090014.0,32090014.0,4.987195,5.191714,6.811545,7.274784
L4,correlation-clustering_wt-Rounded_CorrelationClustering_Protein2_BINARY_N220_old.wcnf,True,True,14004102.0,14004102.0,0.195893,0.170142,8.168712,8.485473
L4,correlation-clustering_wt-Rounded_CorrelationClustering_Protein2_BINARY_N240_old.wcnf,True,True,16116883.0,16116883.0,0.206399,1.157234,8.4641,9.690978
L4,correlation-clustering_wt-Rounded_CorrelationClustering_Protein2_BINARY_N380_old.wcnf,True,True,39198852.0,39752461.0,0.516161,0.517407,12.039557,12.332146
L4,correlation-clustering_wt-Rounded_CorrelationClustering_Protein2_UNARY_N220_old.wcnf,True,True,21300102.0,21300102.0,2.815447,2.689509,3.672867,3.604259
L4,correlation-clustering_wt-Rounded_CorrelationClustering_Protein3_TRANSITIVE_N280_old.wcnf,True,True,185255761.0,185255761.0,9.352062,10.408933,30.006912,33.056783
L4,correlation-clustering_wt-Rounded_CorrelationClustering_Protein3_UNARY_N220_old.wcnf,True,True,19154505.0,19154505.0,2.514262,3.119955,4.591722,5.118085
L4,correlation-clustering_wt-Rounded_CorrelationClustering_Protein4_BINARY_N320_old.wcnf,True,True,14733167.0,14733167.0,0.208796,0.207818,7.974472,8.106894
L4,correlation-clustering_wt-Rounded_CorrelationClustering_Protein4_UNARY_N250_old.wcnf,True,True,11103273.0,11103273.0,2.533845,2.682193,11.481845,11.779293
L4,correlation-clustering_wt-Rounded_CorrelationClustering_Vowel_BINARY_N700_D0.200_old.wcnf,True,True,75201247.0,75201247.0,2.389101,2.911823,2.576081,3.097743
L4,correlation-clustering_wt-Rounded_CorrelationClustering_Vowel_BINARY_N800_D0.200_old.wcnf,True,True,86276967.0,86276967.0,3.327337,3.586398,8.202637,9.241278
L4,decision-tree-anneal-un-formula_0.8_2021_atleast_31_max-4_reduced_incomplete_adaboost_3_old.wcnf,True,True,355.0,355.0,1.553209,1.496454,3.154289,3.084654
L4,decision-tree-anneal-un-formula_0.8_2021_atleast_31_max-4_reduced_incomplete_adaboost_5_old.wcnf,True,True,762.0,762.0,1.528031,1.508785,8.742101,8.523795
L4,decision-tree-australian-credit-un-formula_0.8_2021_atleast_31_max-4_reduced_incomplete_adaboost_5_old.wcnf,True,True,575.0,575.0,2.22725,2.202704,4.0739,4.206994
L4,decision-tree-heart-cleveland-un-formula_0.8_2021_atleast_127_max-6_reduced_incomplete_adaboost_2_old.wcnf,True,True,139.0,139.0,3.043973,3.559439,3.043973,3.559439
L4,decision-tree-heart-cleveland-un-formula_0.8_2021_atleast_15_max-3_reduced_incomplete_adaboost_4_old.wcnf,True,True,138.0,138.0,0.31645,0.313516,0.501206,0.500706
L4,decision-tree-heart-cleveland-un-formula_0.8_2021_atleast_31_max-4_reduced_incomplete_adaboost_4_old.wcnf,True,True,146.0,146.0,0.730533,0.823484,1.028816,1.111822
L4,decision-tree-heart-cleveland-un-formula_0.8_2021_atleast_31_max-4_reduced_incomplete_adaboost_6_old.wcnf,True,True,240.0,240.0,0.759052,0.745108,1.454042,1.47637
L4,decision-tree-primary-tumor-un-formula_0.8_2021_atleast_127_max-6_reduced_incomplete_adaboost_2_old.wcnf,True,True,113.0,113.0,3.559732,3.030321,5.835292,5.092581
L4,decision-tree-primary-tumor-un-formula_0.8_2021_atleast_127_max-6_reduced_incomplete_adaboost_4_old.wcnf,True,True,212.0,212.0,4.117007,3.419062,4.258837,3.553692
L4,decision-tree-primary-tumor-un-formula_0.8_2021_atleast_15_max-3_reduced_incomplete_adaboost_2_old.wcnf,True,True,84.0,84.0,0.138589,0.125721,4.743873,4.763614
L4,decision-tree-primary-tumor-un-formula_0.8_2021_atleast_31_max-4_reduced_incomplete_adaboost_4_old.wcnf,True,True,155.0,155.0,0.272315,0.2709,4.112743,4.055492
L4,decision-tree-primary-tumor-un-formula_0.8_2021_atleast_63_max-5_reduced_incomplete_adaboost_6_old.wcnf,True,True,338.0,338.0,0.812037,0.825485,1.644059,1.675994
L4,decision-tree-tic-tac-toe-un-formula_0.8_2021_atleast_15_max-3_reduced_incomplete_adaboost_2_old.wcnf,True,True,335.0,335.0,0.280565,0.233103,0.432684,0.3788
L4,decision-tree-tic-tac-toe-un-formula_0.8_2021_atleast_15_max-3_reduced_incomplete_adaboost_3_old.wcnf,True,True,443.0,443.0,0.324483,0.273829,0.400081,0.349172
L4,decision-tree-tic-tac-toe-un-formula_0.8_2021_atleast_31_max-4_reduced_incomplete_adaboost_2_old.wcnf,True,True,286.0,286.0,0.444517,0.418795,0.444517,0.418795
L4,drmx-cryptogen_wt-geffe128_7_old.wcnf,True,True,811.0,811.0,0.019867,0.029821,29.304254,29.466228
L4,generalized-ising_wt-IS11_5.0.5.0.0.5_softer_periodic_old.wcnf,True,True,112229069992697.0,112229069992697.0,0.051307,0.048866,0.668252,0.667989
L4,generalized-ising_wt-IS12_5.0.5.0.0.5_softer_periodic_old.wcnf,True,True,113171466486232.0,113171466486232.0,0.233224,0.046574,0.239781,0.05304
L4,generalized-ising_wt-IS13_5.0.5.0.0.5_softer_periodic_old.wcnf,True,True,119401387482250.0,119401387482250.0,0.081375,0.050838,0.085178,0.05423
L4,generalized-ising_wt-IS15_5.0.5.0.0.5_softer_periodic_old.wcnf,True,True,114658059944605.0,114658059944605.0,0.106127,0.071869,0.111152,0.076409
L4,generalized-ising_wt-IS16_5.0.5.0.0.5_softer_periodic_old.wcnf,True,True,115258059944605.0,115258059944605.0,0.381611,0.037285,6.466168,6.024227
L4,generalized-ising_wt-IS17_5.0.5.0.0.5_softer_periodic_old.wcnf,True,True,115902780531937.0,115902780531937.0,0.058803,0.048328,14.651764,14.56162
L4,generalized-ising_wt-IS20_5.0.5.0.0.5_softer_periodic_old.wcnf,True,True,119388436533623.0,119388436533623.0,0.079473,0.037242,0.120177,0.077098
L4,generalized-ising_wt-IS22_5.0.5.0.0.5_softer_periodic_old.wcnf,True,True,119112776308211.0,119112776308211.0,0.048958,0.08006,0.059808,0.090861
L4,generalized-ising_wt-IS23_5.0.5.0.0.5_softer_periodic_old.wcnf,True,True,118663520151734.0,118663520151734.0,0.050812,0.050514,0.113351,0.111415
L4,generalized-ising_wt-IS3_5.0.5.0.0.5_softer_periodic_old.wcnf,True,True,116804575996363.0,116804575996363.0,0.136658,0.055794,6.525039,6.49004
L4,generalized-ising_wt-IS4_5.0.5.0.0.5_softer_periodic_old.wcnf,True,True,115857504490177.0,115857504490177.0,0.080799,0.049378,0.119734,0.088087
L4,generalized-ising_wt-IS5_5.0.5.0.0.5_softer_periodic_old.wcnf,True,True,114843630201223.0,114843630201223.0,0.058437,0.051296,0.54742,0.541584
L4,generalized-ising_wt-IS6_5.0.5.0.0.5_softer_periodic_old.wcnf,True,True,113797656078091.0,113797656078091.0,0.05406,0.051343,0.125752,0.12387
L4,generalized-ising_wt-IS7_5.0.5.0.0.5_softer_periodic_old.wcnf,True,True,112706601923009.0,112706601923009.0,0.053455,0.053409,0.085407,0.084869
L4,generalized-ising_wt-IS9_5.0.5.0.0.5_softer_periodic_old.wcnf,True,True,110066981524169.0,110066981524169.0,0.078338,0.052844,0.115075,0.089484
L4,hs-timetabling_wt-BrazilInstance1.xml_old.wcnf,True,True,117.0,117.0,0.102949,0.090052,41.348795,41.338549
L4,hs-timetabling_wt-BrazilInstance2.xml_old.wcnf,True,True,149.0,149.0,0.231236,0.230881,50.061829,50.069803
L4,hs-timetabling_wt-BrazilInstance4.xml_old.wcnf,True,True,267.0,267.0,1.486495,1.450467,1.486495,1.450467
L4,hs-timetabling_wt-BrazilInstance5.xml_old.wcnf,True,True,490.0,490.0,1.216193,0.586395,29.200132,29.038218
L4,hs-timetabling_wt-BrazilInstance6.xml_old.wcnf,True,True,546.0,546.0,0.852152,0.818137,55.44878,55.559834
L4,hs-timetabling_wt-BrazilInstance7.xml_old.wcnf,True,True,889.0,889.0,1.143801,1.079286,49.743412,50.293194
L4,hs-timetabling_wt-FinlandSecondarySchool.xml_old.wcnf,True,True,817.0,817.0,1.51645,1.552132,1.51645,1.552132
L4,hs-timetabling_wt-ItalyInstance4.xml_old.wcnf,True,True,12143.0,12143.0,9.223397,10.000766,19.116237,20.336336
L4,judgment-aggregation-ja-kemeny-preflib-00049-00000300_old.wcnf,True,True,793.0,793.0,0.27009,0.248142,44.989536,43.76012
L4,judgment-aggregation-ja-kemeny-preflib-00049-00000334_old.wcnf,True,True,612.0,612.0,0.151844,0.14602,52.27211,54.222434
L4,judgment-aggregation-ja-kemeny-preflib-00049-00000451_old.wcnf,True,True,1020.0,1020.0,0.917298,0.893367,50.607433,49.881108
L4,judgment-aggregation-ja-kemeny-preflib-00049-00000454_old.wcnf,True,True,715.0,721.0,0.291752,0.283817,57.87245,58.106629
L4,judgment-aggregation-ja-kemeny-preflib-00051-00000011_old.wcnf,True,True,779.0,786.0,1.490124,1.356689,58.898048,45.340296
L4,max-realizability_wt-power-distribution_11_7_old.wcnf,True,True,126.0,126.0,0.534698,0.574143,1.179387,1.268554
L4,max-realizability_wt-power-distribution_12_8_old.wcnf,True,True,216.0,216.0,1.314513,1.290053,1.783352,1.782982
L4,max-realizability_wt-robot-navigation_10_old.wcnf,True,True,39.0,39.0,10.870491,11.271624,10.870491,11.271624
L4,metro_wt-metro_8_8_5_20_10_6_500_1_3.lp.sm-extracted_old.wcnf,True,True,215.0,215.0,6.37451,6.400293,10.40372,10.421943
L4,mpe_wt-random-net-50-5_network-8.net_old.wcnf,True,True,48330.0,48330.0,0.074281,0.021708,33.219044,33.202441
L4,pseudoBoolean_wt-normalized-mps-v2-20-10-sentoy.opb.msat_old.wcnf,True,True,9460.0,9460.0,0.261517,0.068293,0.261517,0.068293
L4,railway-transport_wt-bf2030fvslack_old.wcnf,True,True,561747.0,264711.0,58.007234,18.938467,58.007234,43.212447
L4,railway-transport_wt-f2030_old.wcnf,True,True,6979.0,5307.0,9.488085,7.528315,59.720215,8.533745
L4,railway-transport_wt-r11_old.wcnf,True,True,73964834.0,68426962.0,54.235723,20.118789,59.981823,44.371389
L4,railway-transport_wt-wg2_old.wcnf,True,True,866.0,866.0,13.894965,12.66453,41.007915,39.75719
L4,ramsey_wt-ram_k3_n14.ra1_old.wcnf,True,True,3025.0,3025.0,0.072657,0.031902,0.563721,0.517614
L4,ramsey_wt-ram_k3_n16.ra1_old.wcnf,True,True,7271.0,7271.0,0.026102,0.032928,0.465915,0.474877
L4,ramsey_wt-ram_k3_n19.ra1_old.wcnf,True,True,20665.0,20665.0,0.047509,0.004754,1.241751,1.193778
L4,ramsey_wt-ram_k4_n19.ra1_old.wcnf,True,True,1240.0,1240.0,0.096689,0.059078,8.120485,8.079156
L4,relational-inference_wt-pa-1_old.wcnf,True,True,8282.0,8282.0,4.687011,3.294104,7.158971,5.733234
L4,relational-inference_wt-pa-2_old.wcnf,True,True,3093.0,3093.0,38.679657,39.771364,38.753257,39.847764
L4,relational-inference_wt-pa-3_old.wcnf,True,True,2967.0,2967.0,34.577939,37.020512,57.496739,59.460212
L4,setcover_wt-rail2536_old.wcnf,True,True,2147034.0,2147034.0,1.167363,1.957805,1.167363,1.957805
L4,setcover_wt-rail4284_old.wcnf,True,True,2119198.0,2119198.0,1.060235,1.105468,1.060235,1.105468
L4,setcover_wt-rail4872_old.wcnf,True,True,1873139.0,1873139.0,2.159458,0.553443,2.159458,0.553443
L4,setcover_wt-rail507_old.wcnf,True,True,220.0,220.0,15.965565,15.556572,41.523105,41.250342
L4,shiftdesign_wt-limits-10-10_data-1_inst-084_30m.sm-extracted_old.wcnf,True,True,49932711.0,49932711.0,10.988424,8.415672,10.988424,8.415672
L4,shiftdesign_wt-limits-10-10_data-1_inst-137_30m.sm-extracted_old.wcnf,True,True,17244442.0,17244442.0,4.440402,4.111639,4.440402,4.111639
L4,shiftdesign_wt-limits-10-10_data-1_inst-182_30m.sm-extracted_old.wcnf,True,True,30573006.0,30573006.0,9.468072,7.567828,9.468072,7.567828
L4,shiftdesign_wt-limits-10-10_data-2_inst-003_30m.sm-extracted_old.wcnf,True,True,41321652.0,41321652.0,11.49043,7.648361,11.49043,7.648361
L4,shiftdesign_wt-limits-10-10_data-2_inst-025_30m.sm-extracted_old.wcnf,True,True,56212258.0,56212258.0,11.537841,9.965225,11.537841,9.965225
L4,shiftdesign_wt-limits-10-10_data-2_inst-030_30m.sm-extracted_old.wcnf,True,True,122128224.0,122128224.0,22.926491,21.224788,22.926491,21.224788
L4,shiftdesign_wt-limits-10-10_data-3_inst-002_30m.sm-extracted_old.wcnf,True,True,35896155.0,35896155.0,7.987121,6.491942,7.987121,6.491942
L4,shiftdesign_wt-limits-10-10_data-3_inst-003_30m.sm-extracted_old.wcnf,True,True,28190618.0,28190618.0,6.261324,4.712158,6.261324,4.712158
L4,shiftdesign_wt-limits-10-10_data-4_inst-003_60m.sm-extracted_old.wcnf,True,True,87521039.0,87521039.0,17.375027,13.76781,17.375027,13.76781
L4,spot5_wt-1401.wcsp.log_old.wcnf,True,True,468096.0,459106.0,0.028258,0.015902,7.602884,0.416191
L4,spot5_wt-1403.wcsp.dir_old.wcnf,True,True,477264.0,477264.0,0.075754,0.015912,0.144338,0.084439
L4,spot5_wt-1403.wcsp.log_old.wcnf,True,True,469238.0,459247.0,0.075896,0.020418,34.774426,4.246176
L4,spot5_wt-1405.wcsp.dir_old.wcnf,True,True,475458.0,475458.0,0.143778,0.023981,0.334534,0.215107
L4,spot5_wt-1506.wcsp.log_old.wcnf,True,True,360527.0,354527.0,0.050051,0.026366,34.504252,2.979532
L4,spot5_wt-5.wcsp.log_old.wcnf,True,True,270.0,261.0,0.045271,0.014048,0.050523,0.242429
L4,staff-scheduling_wt-instance10_old.wcnf,True,True,6550.0,6625.0,2.555672,2.522494,57.699272,35.205294
L4,staff-scheduling_wt-instance11_old.wcnf,True,True,3653.0,3653.0,1.199861,1.100974,22.795963,23.949294
L4,staff-scheduling_wt-instance12_old.wcnf,True,True,7671.0,7671.0,4.145644,3.719969,13.842314,12.359839
L4,staff-scheduling_wt-instance2_old.wcnf,True,True,838.0,838.0,0.036385,0.016826,3.616591,3.648482
L4,staff-scheduling_wt-instance3_old.wcnf,True,True,1026.0,1026.0,0.105129,0.048055,15.43724,15.352196
L4,staff-scheduling_wt-instance4_old.wcnf,True,True,1740.0,1740.0,0.093881,0.027111,41.333579,41.083888
L4,staff-scheduling_wt-instance5_old.wcnf,True,True,1287.0,1287.0,0.130588,0.111164,25.431748,25.747154
L4,staff-scheduling_wt-instance6_old.wcnf,True,True,2081.0,2081.0,0.141338,0.090969,10.601762,10.583841
L4,staff-scheduling_wt-instance7_old.wcnf,True,True,1178.0,1178.0,0.216248,0.123165,46.44659,46.557013
L4,staff-scheduling_wt-instance8_old.wcnf,True,True,2848.0,2848.0,0.687515,0.563048,20.639971,19.581062
L4,staff-scheduling_wt-instance9_old.wcnf,True,True,2161.0,2161.0,1.848458,1.586308,47.606658,41.844614
L4,switchingactivitymaximization-SwitchingActivityMaximization_OpenRISC1200_100_old.wcnf,True,True,392.0,392.0,1.088075,0.78141,1.088075,0.78141
L4,switchingactivitymaximization-SwitchingActivityMaximization_OpenRISC1200_150_old.wcnf,True,True,528.0,528.0,1.231364,0.785113,1.231364,0.785113
L4,switchingactivitymaximization-SwitchingActivityMaximization_OpenRISC1200_200_old.wcnf,True,True,602.0,602.0,2.059893,0.777753,2.059893,0.777753
L4,switchingactivitymaximization-SwitchingActivityMaximization_OpenRISC1200_66_old.wcnf,True,True,228.0,228.0,2.321311,0.770657,2.321311,0.770657
L4,switchingactivitymaximization-SwitchingActivityMaximization_OpenRISC1200_68_old.wcnf,True,True,193.0,193.0,1.591115,0.77459,1.591115,0.77459
L4,switchingactivitymaximization-SwitchingActivityMaximization_OpenRISC1200_70_old.wcnf,True,True,240.0,240.0,1.483199,0.766796,1.483199,0.766796
L4,switchingactivitymaximization-SwitchingActivityMaximization_OpenRISC1200_72_old.wcnf,True,True,202.0,202.0,1.982442,0.774073,1.982442,0.774073
L4,switchingactivitymaximization-SwitchingActivityMaximization_OpenRISC1200_80_old.wcnf,True,True,306.0,306.0,2.450808,0.766093,2.450808,0.766093
L4,switchingactivitymaximization-SwitchingActivityMaximization_OpenRISC1200_90_old.wcnf,True,True,283.0,283.0,6.267462,0.785331,6.267462,0.785331
L4,tcp_wt-tcp_students_112_it_2_old.wcnf,True,True,3699.0,3699.0,1.227663,0.253029,44.964902,43.411356
L4,timetabling_wt-comp02_old.wcnf,True,True,136.0,136.0,1.846114,0.852561,9.246761,8.613234
L4,timetabling_wt-comp09_old.wcnf,True,True,135.0,135.0,1.37508,0.82779,27.184037,29.144155
L4,timetabling_wt-comp12_old.wcnf,True,True,560.0,560.0,1.452485,0.646836,33.581973,29.99306
L4,timetabling_wt-dds4_old.wcnf,False,False,,,,,,
L6,MaxSATQueriesinInterpretableClassifiers_wt-credit_train_8_CNF_5_20_old.wcnf,True,True,96480.0,96480.0,15.021479,14.060517,43.861201,42.844657
L6,MaxSATQueriesinInterpretableClassifiers_wt-pima_train_6_CNF_3_20_old.wcnf,True,True,3310.0,2757.0,0.044567,0.010357,33.395268,12.063905
L6,MaxSATQueriesinInterpretableClassifiers_wt-toms_test_2_CNF_3_20_old.wcnf,True,True,195.0,195.0,0.609756,0.60799,7.252474,7.620715
L6,MinimumWeightDominatingSetProblem_wt-bn-human-BNU_1_0025865_session_1-bg_old.wcnf,True,True,140539244.0,140539244.0,6.239282,4.024283,6.239282,4.024283
L6,MinimumWeightDominatingSetProblem_wt-channel-500x100x100-b050_old.wcnf,True,True,478624478.0,478245864.0,21.004552,18.350122,60.487852,61.062222
L6,MinimumWeightDominatingSetProblem_wt-delaunay_n24_old.wcnf,True,True,1685918983.0,1686108752.0,50.026828,15.060307,62.178028,15.060307
L6,MinimumWeightDominatingSetProblem_wt-hugebubbles-00020_old.wcnf,True,True,2130406259.0,2130406259.0,31.237817,22.299226,31.237817,22.299226
L6,MinimumWeightDominatingSetProblem_wt-inf-road-usa_old.wcnf,True,False,2406704625.0,,26.741276,47.25213,26.741276,64.03963
L6,MinimumWeightDominatingSetProblem_wt-rgg_n_2_24_s0_old.wcnf,True,True,1686108752.0,1686108752.0,45.573177,21.525206,45.573177,21.525206
L6,MinimumWeightDominatingSetProblem_wt-sc-rel9_old.wcnf,True,True,593056574.0,592677474.0,35.612281,31.103819,61.275281,61.120919
L6,MinimumWeightDominatingSetProblem_wt-soc-livejournal-user-groups_old.wcnf,True,True,752647274.0,752647274.0,26.920119,19.151191,26.920119,19.151191
L6,MinimumWeightDominatingSetProblem_wt-web-wikipedia2009_old.wcnf,True,True,174611880.0,35092853.0,11.480486,10.443234,60.605716,13.638624
L6,ParametricRBACMaintenance_mse20_wt-role_domino_multiple_0.1_8_old.wcnf,True,True,47682.0,47682.0,2.163202,1.782605,12.370532,11.408265
L6,ParametricRBACMaintenance_mse20_wt-role_domino_multiple_0.2_0_old.wcnf,True,True,74189.0,72339.0,2.160493,1.952977,9.582683,12.873237
L6,ParametricRBACMaintenance_mse20_wt-role_domino_multiple_0.5_1_old.wcnf,True,True,144463.0,144463.0,3.119143,1.971827,10.266053,7.714367
L6,ParametricRBACMaintenance_mse20_wt-role_domino_multiple_0.6_8_old.wcnf,True,True,159871.0,159871.0,2.134829,2.018226,11.652069,11.440396
L6,ParametricRBACMaintenance_mse20_wt-role_smallcomp_multiple_0.7_2_old.wcnf,True,True,277373.0,277373.0,12.558033,12.519564,58.706988,58.088633
L6,ParametricRBACMaintenance_mse20_wt-role_smallcomp_multiple_0.7_6_old.wcnf,True,True,252179.0,252179.0,0.029064,0.010567,3.486914,3.477366
L6,ParametricRBACMaintenance_mse20_wt-role_smallcomp_multiple_0.8_1_old.wcnf,True,True,350793.0,350793.0,0.027103,0.010238,10.317219,10.293974
L6,ParametricRBACMaintenance_mse20_wt-role_smallcomp_multiple_0.9_6_old.wcnf,True,True,282321.0,282321.0,0.051007,0.010051,0.191686,0.151324
L6,ParametricRBACMaintenance_mse20_wt-role_university_multiple_0.1_1_old.wcnf,True,True,63653.0,63653.0,2.951354,2.818231,11.422634,11.189101
L6,ParametricRBACMaintenance_mse20_wt-role_university_multiple_0.4_7_old.wcnf,True,True,234414.0,234414.0,4.696812,3.660982,11.854412,9.622612
L6,ParametricRBACMaintenance_mse20_wt-role_university_multiple_0.5_4_old.wcnf,True,True,215348.0,215348.0,3.291607,2.482215,13.458707,10.465165
L6,ParametricRBACMaintenance_mse20_wt-role_university_multiple_0.5_5_old.wcnf,True,True,198362.0,198362.0,3.076692,2.827949,12.371532,12.173099
L6,ParametricRBACMaintenance_mse20_wt-role_university_multiple_0.5_7_old.wcnf,True,True,263585.0,263585.0,3.979872,5.232977,9.758902,10.478677
L6,abstraction-refinement_wt-downcast-antlr_old.wcnf,True,True,79566.0,78873.0,9.610021,24.702971,9.610021,27.567371
L6,abstraction-refinement_wt-downcast-avrora_old.wcnf,True,True,49759.0,49759.0,14.415457,14.740245,18.520547,18.977875
L6,abstraction-refinement_wt-downcast-hsqldb_old.wcnf,True,True,32293.0,34922.0,31.648643,14.091384,40.549243,14.091384
L6,abstraction-refinement_wt-downcast-pmd_old.wcnf,True,True,6287.0,8791.0,31.192836,13.772978,41.553736,13.772978
L6,abstraction-refinement_wt-downcast-xalan_old.wcnf,True,True,65593.0,65615.0,16.6016,17.185448,59.13149,46.790138
L6,abstraction-refinement_wt-polysite-avrora_old.wcnf,True,True,55020.0,55020.0,16.46761,16.246493,20.44499,21.208723
L6,abstraction-refinement_wt-polysite-bloat_old.wcnf,True,True,2397.0,4948.0,45.862395,21.736598,61.341495,21.736598
L6,abstraction-refinement_wt-polysite-hsqldb_old.wcnf,True,True,177778.0,175624.0,14.378859,37.406842,14.378859,48.913842
L6,abstraction-refinement_wt-polysite-pmd_old.wcnf,True,True,190826.0,190826.0,26.473427,29.863036,34.166027,38.017636
L6,abstraction-refinement_wt-polysite-xalan_old.wcnf,True,True,117742.0,117742.0,22.222937,21.712539,27.096837,28.303409
L6,causal-discovery_wt-causal_Link_10_10000_old.wcnf,True,True,39112847.0,39112847.0,3.546758,3.348782,14.887858,14.869282
L6,causal-discovery_wt-causal_Link_10_1000_old.wcnf,True,True,33562494.0,33562494.0,3.653289,3.308303,30.145389,30.176703
L6,causal-discovery_wt-causal_Link_9_100_old.wcnf,True,True,3242187.0,3242187.0,1.996114,0.541661,1.996114,0.541661
L6,causal-discovery_wt-causal_Mushroom_7_1000_old.wcnf,True,True,9414169.0,9414169.0,0.1554,0.139715,17.869041,17.978761
L6,causal-discovery_wt-causal_Pigs_6_1000_old.wcnf,True,True,35110976.0,35110976.0,0.604325,0.186194,0.604325,0.186194
L6,causal-discovery_wt-causal_Water_10_1000_old.wcnf,True,True,45193159.0,45193159.0,3.237911,3.28437,11.619061,12.00341
L6,causal-discovery_wt-causal_alarm_9_1000_old.wcnf,True,True,36049513.0,36049513.0,1.268197,1.226289,10.24051,10.271432
L6,causal-discovery_wt-causal_carpo_8_1000_old.wcnf,True,True,2244087.0,2244087.0,0.460445,0.401131,59.12291,59.060026
L6,correlation-clustering_wt-Rounded_CorrelationClustering_Ionosphere_BINARY_N260_D0.200_old.wcnf,True,True,7014701.0,7014701.0,0.449744,0.448064,7.573165,7.724706
L6,correlation-clustering_wt-Rounded_CorrelationClustering_Protein1_UNARY_N290_old.wcnf,True,True,32090014.0,32090014.0,4.987195,5.018229,6.811545,6.905619
L6,correlation-clustering_wt-Rounded_CorrelationClustering_Protein2_BINARY_N220_old.wcnf,True,True,14004102.0,14004102.0,0.195893,0.170698,8.168712,8.572297
L6,correlation-clustering_wt-Rounded_CorrelationClustering_Protein2_BINARY_N240_old.wcnf,True,True,16116883.0,16116883.0,0.206399,0.186466,8.4641,8.54395
L6,correlation-clustering_wt-Rounded_CorrelationClustering_Protein2_BINARY_N380_old.wcnf,True,True,39198852.0,39198852.0,0.516161,0.504822,12.039557,12.585428
L6,correlation-clustering_wt-Rounded_CorrelationClustering_Protein2_UNARY_N220_old.wcnf,True,True,21300102.0,21300102.0,2.815447,2.672859,3.672867,3.549269
L6,correlation-clustering_wt-Rounded_CorrelationClustering_Protein3_TRANSITIVE_N280_old.wcnf,True,True,185255761.0,185255761.0,9.352062,9.197422,30.006912,31.000282
L6,correlation-clustering_wt-Rounded_CorrelationClustering_Protein3_UNARY_N220_old.wcnf,True,True,19154505.0,19154505.0,2.514262,2.503082,4.591722,4.679812
L6,correlation-clustering_wt-Rounded_CorrelationClustering_Protein4_BINARY_N320_old.wcnf,True,True,14733167.0,14733167.0,0.208796,0.191812,7.974472,7.948533
L6,correlation-clustering_wt-Rounded_CorrelationClustering_Protein4_UNARY_N250_old.wcnf,True,True,11103273.0,11103273.0,2.533845,2.358891,11.481845,11.774631
L6,correlation-clustering_wt-Rounded_CorrelationClustering_Vowel_BINARY_N700_D0.200_old.wcnf,True,True,75201247.0,75201247.0,2.389101,2.375502,2.576081,2.560432
L6,correlation-clustering_wt-Rounded_CorrelationClustering_Vowel_BINARY_N800_D0.200_old.wcnf,True,True,86276967.0,86276967.0,3.327337,3.403701,8.202637,8.784981
L6,decision-tree-anneal-un-formula_0.8_2021_atleast_31_max-4_reduced_incomplete_adaboost_3_old.wcnf,True,True,355.0,355.0,1.553209,1.479519,3.154289,3.110289
L6,decision-tree-anneal-un-formula_0.8_2021_atleast_31_max-4_reduced_incomplete_adaboost_5_old.wcnf,True,True,762.0,762.0,1.528031,1.446045,8.742101,8.181855
L6,decision-tree-australian-credit-un-formula_0.8_2021_atleast_31_max-4_reduced_incomplete_adaboost_5_old.wcnf,True,True,575.0,575.0,2.22725,2.140292,4.0739,4.027432
L6,decision-tree-heart-cleveland-un-formula_0.8_2021_atleast_127_max-6_reduced_incomplete_adaboost_2_old.wcnf,True,True,139.0,72.0,3.043973,8.516781,3.043973,8.569011
L6,decision-tree-heart-cleveland-un-formula_0.8_2021_atleast_15_max-3_reduced_incomplete_adaboost_4_old.wcnf,True,True,138.0,138.0,0.31645,0.291872,0.501206,0.479999
L6,decision-tree-heart-cleveland-un-formula_0.8_2021_atleast_31_max-4_reduced_incomplete_adaboost_4_old.wcnf,True,True,146.0,146.0,0.730533,0.737601,1.028816,1.052981
L6,decision-tree-heart-cleveland-un-formula_0.8_2021_atleast_31_max-4_reduced_incomplete_adaboost_6_old.wcnf,True,True,240.0,240.0,0.759052,0.707752,1.454042,1.444135
L6,decision-tree-primary-tumor-un-formula_0.8_2021_atleast_127_max-6_reduced_incomplete_adaboost_2_old.wcnf,True,True,113.0,113.0,3.559732,3.01794,5.835292,5.10434
L6,decision-tree-primary-tumor-un-formula_0.8_2021_atleast_127_max-6_reduced_incomplete_adaboost_4_old.wcnf,True,True,212.0,212.0,4.117007,2.93061,4.258837,3.05876
L6,decision-tree-primary-tumor-un-formula_0.8_2021_atleast_15_max-3_reduced_incomplete_adaboost_2_old.wcnf,True,True,84.0,84.0,0.138589,0.098192,4.743873,4.666429
L6,decision-tree-primary-tumor-un-formula_0.8_2021_atleast_31_max-4_reduced_incomplete_adaboost_4_old.wcnf,True,True,155.0,155.0,0.272315,0.254623,4.112743,4.057836
L6,decision-tree-primary-tumor-un-formula_0.8_2021_atleast_63_max-5_reduced_incomplete_adaboost_6_old.wcnf,True,True,338.0,338.0,0.812037,0.792423,1.644059,1.621606
L6,decision-tree-tic-tac-toe-un-formula_0.8_2021_atleast_15_max-3_reduced_incomplete_adaboost_2_old.wcnf,True,True,335.0,335.0,0.280565,0.21943,0.432684,0.368242
L6,decision-tree-tic-tac-toe-un-formula_0.8_2021_atleast_15_max-3_reduced_incomplete_adaboost_3_old.wcnf,True,True,443.0,443.0,0.324483,0.244548,0.400081,0.319601
L6,decision-tree-tic-tac-toe-un-formula_0.8_2021_atleast_31_max-4_reduced_incomplete_adaboost_2_old.wcnf,True,True,286.0,286.0,0.444517,0.407329,0.444517,0.407329
L6,drmx-cryptogen_wt-geffe128_7_old.wcnf,True,True,811.0,811.0,0.019867,0.007051,29.304254,29.30042
L6,generalized-ising_wt-IS11_5.0.5.0.0.5_softer_periodic_old.wcnf,True,True,112229069992697.0,112229069992697.0,0.051307,0.035125,0.668252,0.650778
L6,generalized-ising_wt-IS12_5.0.5.0.0.5_softer_periodic_old.wcnf,True,True,113171466486232.0,113171466486232.0,0.233224,0.03541,0.239781,0.041882
L6,generalized-ising_wt-IS13_5.0.5.0.0.5_softer_periodic_old.wcnf,True,True,119401387482250.0,119401387482250.0,0.081375,0.036329,0.085178,0.039792
L6,generalized-ising_wt-IS15_5.0.5.0.0.5_softer_periodic_old.wcnf,True,True,114658059944605.0,114658059944605.0,0.106127,0.035702,0.111152,0.040306
L6,generalized-ising_wt-IS16_5.0.5.0.0.5_softer_periodic_old.wcnf,True,True,115258059944605.0,115258059944605.0,0.381611,0.034166,6.466168,6.051316
L6,generalized-ising_wt-IS17_5.0.5.0.0.5_softer_periodic_old.wcnf,True,True,115902780531937.0,115902780531937.0,0.058803,0.034905,14.651764,14.473667
L6,generalized-ising_wt-IS20_5.0.5.0.0.5_softer_periodic_old.wcnf,True,True,119388436533623.0,119388436533623.0,0.079473,0.034293,0.120177,0.073309
L6,generalized-ising_wt-IS22_5.0.5.0.0.5_softer_periodic_old.wcnf,True,True,119112776308211.0,119112776308211.0,0.048958,0.036875,0.059808,0.047894
L6,generalized-ising_wt-IS23_5.0.5.0.0.5_softer_periodic_old.wcnf,True,True,118663520151734.0,118663520151734.0,0.050812,0.034843,0.113351,0.095275
L6,generalized-ising_wt-IS3_5.0.5.0.0.5_softer_periodic_old.wcnf,True,True,116804575996363.0,116804575996363.0,0.136658,0.035103,6.525039,6.498009
L6,generalized-ising_wt-IS4_5.0.5.0.0.5_softer_periodic_old.wcnf,True,True,115857504490177.0,115857504490177.0,0.080799,0.034679,0.119734,0.075101
L6,generalized-ising_wt-IS5_5.0.5.0.0.5_softer_periodic_old.wcnf,True,True,114843630201223.0,114843630201223.0,0.058437,0.03479,0.54742,0.515939
L6,generalized-ising_wt-IS6_5.0.5.0.0.5_softer_periodic_old.wcnf,True,True,113797656078091.0,113797656078091.0,0.05406,0.035754,0.125752,0.10782
L6,generalized-ising_wt-IS7_5.0.5.0.0.5_softer_periodic_old.wcnf,True,True,112706601923009.0,112706601923009.0,0.053455,0.036461,0.085407,0.068124
L6,generalized-ising_wt-IS9_5.0.5.0.0.5_softer_periodic_old.wcnf,True,True,110066981524169.0,110066981524169.0,0.078338,0.035792,0.115075,0.072557
L6,hs-timetabling_wt-BrazilInstance1.xml_old.wcnf,True,True,117.0,117.0,0.102949,0.088929,41.348795,41.253723
L6,hs-timetabling_wt-BrazilInstance2.xml_old.wcnf,True,True,149.0,149.0,0.231236,0.206301,50.061829,49.637207
L6,hs-timetabling_wt-BrazilInstance4.xml_old.wcnf,True,True,267.0,267.0,1.486495,1.399596,1.486495,1.399596
L6,hs-timetabling_wt-BrazilInstance5.xml_old.wcnf,True,True,490.0,490.0,1.216193,0.560099,29.200132,28.611738
L6,hs-timetabling_wt-BrazilInstance6.xml_old.wcnf,True,True,546.0,546.0,0.852152,0.802581,55.44878,55.739198
L6,hs-timetabling_wt-BrazilInstance7.xml_old.wcnf,True,True,889.0,889.0,1.143801,1.051608,49.743412,50.207242
L6,hs-timetabling_wt-FinlandSecondarySchool.xml_old.wcnf,True,True,817.0,817.0,1.51645,1.410419,1.51645,1.410419
L6,hs-timetabling_wt-ItalyInstance4.xml_old.wcnf,True,True,12143.0,12143.0,9.223397,9.268528,19.116237,19.371888
L6,judgment-aggregation-ja-kemeny-preflib-00049-00000300_old.wcnf,True,True,793.0,793.0,0.27009,0.226609,44.989536,43.739043
L6,judgment-aggregation-ja-kemeny-preflib-00049-00000334_old.wcnf,True,True,612.0,612.0,0.151844,0.111416,52.27211,53.465924
L6,judgment-aggregation-ja-kemeny-preflib-00049-00000451_old.wcnf,True,True,1020.0,1020.0,0.917298,0.852952,50.607433,53.175535
L6,judgment-aggregation-ja-kemeny-preflib-00049-00000454_old.wcnf,True,True,715.0,715.0,0.291752,0.280886,57.87245,57.40665
L6,judgment-aggregation-ja-kemeny-preflib-00051-00000011_old.wcnf,True,True,779.0,780.0,1.490124,1.309087,58.898048,59.910021
L6,max-realizability_wt-power-distribution_11_7_old.wcnf,True,True,126.0,126.0,0.534698,0.519552,1.179387,1.162789
L6,max-realizability_wt-power-distribution_12_8_old.wcnf,True,True,216.0,216.0,1.314513,1.25344,1.783352,1.765267
L6,max-realizability_wt-robot-navigation_10_old.wcnf,True,True,39.0,39.0,10.870491,10.890336,10.870491,10.890336
L6,metro_wt-metro_8_8_5_20_10_6_500_1_3.lp.sm-extracted_old.wcnf,True,True,215.0,215.0,6.37451,6.297839,10.40372,10.289389
L6,mpe_wt-random-net-50-5_network-8.net_old.wcnf,True,True,48330.0,48330.0,0.074281,0.09448,33.219044,33.1844
L6,pseudoBoolean_wt-normalized-mps-v2-20-10-sentoy.opb.msat_old.wcnf,True,True,9460.0,9460.0,0.261517,0.043282,0.261517,0.043282
L6,railway-transport_wt-bf2030fvslack_old.wcnf,True,True,561747.0,264711.0,58.007234,20.446195,58.007234,46.515795
L6,railway-transport_wt-f2030_old.wcnf,True,True,6979.0,6979.0,9.488085,2.931025,59.720215,53.168005
L6,railway-transport_wt-r11_old.wcnf,True,True,73964834.0,68426962.0,54.235723,18.349737,59.981823,42.529037
L6,railway-transport_wt-wg2_old.wcnf,True,True,866.0,866.0,13.894965,12.027419,41.007915,39.007909
L6,ramsey_wt-ram_k3_n14.ra1_old.wcnf,True,True,3025.0,3025.0,0.072657,0.002006,0.563721,0.487279
L6,ramsey_wt-ram_k3_n16.ra1_old.wcnf,True,True,7271.0,7271.0,0.026102,0.002882,0.465915,0.447292
L6,ramsey_wt-ram_k3_n19.ra1_old.wcnf,True,True,20665.0,20665.0,0.047509,0.004691,1.241751,1.194282
L6,ramsey_wt-ram_k4_n19.ra1_old.wcnf,True,True,1240.0,1240.0,0.096689,0.007217,8.120485,8.086037
L6,relational-inference_wt-pa-1_old.wcnf,True,True,8282.0,8282.0,4.687011,2.762722,7.158971,5.276572
L6,relational-inference_wt-pa-2_old.wcnf,True,True,3093.0,3093.0,38.679657,35.3067,38.753257,35.3829
L6,relational-inference_wt-pa-3_old.wcnf,True,True,2967.0,2994.0,34.577939,34.194647,57.496739,59.763447
L6,setcover_wt-rail2536_old.wcnf,True,True,2147034.0,2147034.0,1.167363,0.67364,1.167363,0.67364
L6,setcover_wt-rail4284_old.wcnf,True,True,2119198.0,2119198.0,1.060235,0.692885,1.060235,0.692885
L6,setcover_wt-rail4872_old.wcnf,True,True,1873139.0,1873139.0,2.159458,0.553292,2.159458,0.553292
L6,setcover_wt-rail507_old.wcnf,True,True,220.0,220.0,15.965565,15.376299,41.523105,40.718079
L6,shiftdesign_wt-limits-10-10_data-1_inst-084_30m.sm-extracted_old.wcnf,True,True,49932711.0,49932711.0,10.988424,8.189616,10.988424,8.189616
L6,shiftdesign_wt-limits-10-10_data-1_inst-137_30m.sm-extracted_old.wcnf,True,True,17244442.0,17244442.0,4.440402,3.819899,4.440402,3.819899
L6,shiftdesign_wt-limits-10-10_data-1_inst-182_30m.sm-extracted_old.wcnf,True,True,30573006.0,30573006.0,9.468072,7.449263,9.468072,7.449263
L6,shiftdesign_wt-limits-10-10_data-2_inst-003_30m.sm-extracted_old.wcnf,True,True,41321652.0,41321652.0,11.49043,7.558048,11.49043,7.558048
L6,shiftdesign_wt-limits-10-10_data-2_inst-025_30m.sm-extracted_old.wcnf,True,True,56212258.0,56212258.0,11.537841,9.724643,11.537841,9.724643
L6,shiftdesign_wt-limits-10-10_data-2_inst-030_30m.sm-extracted_old.wcnf,True,True,122128224.0,122128224.0,22.926491,21.204597,22.926491,21.204597
L6,shiftdesign_wt-limits-10-10_data-3_inst-002_30m.sm-extracted_old.wcnf,True,True,35896155.0,35896155.0,7.987121,6.171067,7.987121,6.171067
L6,shiftdesign_wt-limits-10-10_data-3_inst-003_30m.sm-extracted_old.wcnf,True,True,28190618.0,28190618.0,6.261324,4.630784,6.261324,4.630784
L6,shiftdesign_wt-limits-10-10_data-4_inst-003_60m.sm-extracted_old.wcnf,True,True,87521039.0,87521039.0,17.375027,11.655474,17.375027,11.655474
L6,spot5_wt-1401.wcsp.log_old.wcnf,True,True,468096.0,468096.0,0.028258,0.014524,7.602884,7.392046
L6,spot5_wt-1403.wcsp.dir_old.wcnf,True,True,477264.0,477264.0,0.075754,0.015927,0.144338,0.084653
L6,spot5_wt-1403.wcsp.log_old.wcnf,True,True,469238.0,469238.0,0.075896,0.01918,34.774426,34.738981
L6,spot5_wt-1405.wcsp.dir_old.wcnf,True,True,475458.0,475458.0,0.143778,0.023228,0.334534,0.213367
L6,spot5_wt-1506.wcsp.log_old.wcnf,True,True,360527.0,360527.0,0.050051,0.024449,34.504252,34.278208
L6,spot5_wt-5.wcsp.log_old.wcnf,True,True,270.0,270.0,0.045271,0.01439,0.050523,0.019638
L6,staff-scheduling_wt-instance10_old.wcnf,True,True,6550.0,6625.0,2.555672,2.538801,57.699272,36.214661
L6,staff-scheduling_wt-instance11_old.wcnf,True,True,3653.0,3653.0,1.199861,1.114572,22.795963,25.202766
L6,staff-scheduling_wt-instance12_old.wcnf,True,True,7671.0,7671.0,4.145644,4.102497,13.842314,14.247577
L6,staff-scheduling_wt-instance2_old.wcnf,True,True,838.0,838.0,0.036385,0.016896,3.616591,3.598957
L6,staff-scheduling_wt-instance3_old.wcnf,True,True,1026.0,1026.0,0.105129,0.047894,15.43724,15.357452
L6,staff-scheduling_wt-instance4_old.wcnf,True,True,1740.0,1740.0,0.093881,0.027774,41.333579,40.955229
L6,staff-scheduling_wt-instance5_old.wcnf,True,True,1287.0,1287.0,0.130588,0.075302,25.431748,25.69027
L6,staff-scheduling_wt-instance6_old.wcnf,True,True,2081.0,2081.0,0.141338,0.094412,10.601762,10.621186
L6,staff-scheduling_wt-instance7_old.wcnf,True,True,1178.0,1178.0,0.216248,0.121497,46.44659,45.657026
L6,staff-scheduling_wt-instance8_old.wcnf,True,True,2848.0,2848.0,0.687515,0.559279,20.639971,18.958387
L6,staff-scheduling_wt-instance9_old.wcnf,True,True,2161.0,2161.0,1.848458,1.643144,47.606658,42.222038
L6,switchingactivitymaximization-SwitchingActivityMaximization_OpenRISC1200_100_old.wcnf,True,True,392.0,392.0,1.088075,0.801814,1.088075,0.801814
L6,switchingactivitymaximization-SwitchingActivityMaximization_OpenRISC1200_150_old.wcnf,True,True,528.0,528.0,1.231364,0.798091,1.231364,0.798091
L6,switchingactivitymaximization-SwitchingActivityMaximization_OpenRISC1200_200_old.wcnf,True,True,602.0,602.0,2.059893,0.776073,2.059893,0.776073
L6,switchingactivitymaximization-SwitchingActivityMaximization_OpenRISC1200_66_old.wcnf,True,True,228.0,228.0,2.321311,0.792572,2.321311,0.792572
L6,switchingactivitymaximization-SwitchingActivityMaximization_OpenRISC1200_68_old.wcnf,True,True,193.0,193.0,1.591115,0.789947,1.591115,0.789947
L6,switchingactivitymaximization-SwitchingActivityMaximization_OpenRISC1200_70_old.wcnf,True,True,240.0,240.0,1.483199,0.78505,1.483199,0.78505
L6,switchingactivitymaximization-SwitchingActivityMaximization_OpenRISC1200_72_old.wcnf,True,True,202.0,202.0,1.982442,0.763159,1.982442,0.763159
L6,switchingactivitymaximization-SwitchingActivityMaximization_OpenRISC1200_80_old.wcnf,True,True,306.0,306.0,2.450808,0.796028,2.450808,0.796028
L6,switchingactivitymaximization-SwitchingActivityMaximization_OpenRISC1200_90_old.wcnf,True,True,283.0,283.0,6.267462,0.847641,6.267462,0.847641
L6,tcp_wt-tcp_students_112_it_2_old.wcnf,True,True,3699.0,3699.0,1.227663,0.24935,44.964902,43.71286
L6,timetabling_wt-comp02_old.wcnf,True,True,136.0,136.0,1.846114,0.860268,9.246761,8.208135
L6,timetabling_wt-comp09_old.wcnf,True,True,135.0,135.0,1.37508,0.848133,27.184037,27.729877
L6,timetabling_wt-comp12_old.wcnf,True,True,560.0,560.0,1.452485,0.646901,33.581973,30.254899
L6,timetabling_wt-dds4_old.wcnf,False,False,,,,,,
LAM0,MaxSATQueriesinInterpretableClassifiers_wt-credit_train_8_CNF_5_20_old.wcnf,True,True,96480.0,96559.0,15.021479,14.040386,43.861201,16.029198
LAM0,MaxSATQueriesinInterpretableClassifiers_wt-pima_train_6_CNF_3_20_old.wcnf,True,True,3310.0,3328.0,0.044567,0.008627,33.395268,16.686239
LAM0,MaxSATQueriesinInterpretableClassifiers_wt-toms_test_2_CNF_3_20_old.wcnf,True,True,195.0,195.0,0.609756,0.528397,7.252474,6.997566
LAM0,MinimumWeightDominatingSetProblem_wt-bn-human-BNU_1_0025865_session_1-bg_old.wcnf,True,True,140539244.0,140539244.0,6.239282,3.862157,6.239282,3.862157
LAM0,MinimumWeightDominatingSetProblem_wt-channel-500x100x100-b050_old.wcnf,True,True,478624478.0,480286805.0,21.004552,18.584539,60.487852,61.258239
LAM0,MinimumWeightDominatingSetProblem_wt-delaunay_n24_old.wcnf,True,True,1685918983.0,1685913824.0,50.026828,44.080262,62.178028,63.604462
LAM0,MinimumWeightDominatingSetProblem_wt-hugebubbles-00020_old.wcnf,True,True,2130406259.0,2130406259.0,31.237817,19.83666,31.237817,19.83666
LAM0,MinimumWeightDominatingSetProblem_wt-inf-road-usa_old.wcnf,True,True,2406704625.0,2406604536.0,26.741276,45.37215,26.741276,60.70975
LAM0,MinimumWeightDominatingSetProblem_wt-rgg_n_2_24_s0_old.wcnf,True,True,1686108752.0,1686108752.0,45.573177,20.952558,45.573177,20.952558
LAM0,MinimumWeightDominatingSetProblem_wt-sc-rel9_old.wcnf,True,True,593056574.0,593723598.0,35.612281,29.755055,61.275281,62.093155
LAM0,MinimumWeightDominatingSetProblem_wt-soc-livejournal-user-groups_old.wcnf,True,True,752647274.0,752647274.0,26.920119,15.957152,26.920119,15.957152
LAM0,MinimumWeightDominatingSetProblem_wt-web-wikipedia2009_old.wcnf,True,True,174611880.0,35092853.0,11.480486,9.239932,60.605716,12.270152
LAM0,ParametricRBACMaintenance_mse20_wt-role_domino_multiple_0.1_8_old.wcnf,True,True,47682.0,46006.0,2.163202,1.751537,12.370532,13.107197
LAM0,ParametricRBACMaintenance_mse20_wt-role_domino_multiple_0.2_0_old.wcnf,True,True,74189.0,70356.0,2.160493,1.912284,9.582683,12.948324
LAM0,ParametricRBACMaintenance_mse20_wt-role_domino_multiple_0.5_1_old.wcnf,True,True,144463.0,144463.0,3.119143,1.816273,10.266053,7.124703
LAM0,ParametricRBACMaintenance_mse20_wt-role_domino_multiple_0.6_8_old.wcnf,True,True,159871.0,159871.0,2.134829,1.795103,11.652069,10.575193
LAM0,ParametricRBACMaintenance_mse20_wt-role_smallcomp_multiple_0.7_2_old.wcnf,True,True,277373.0,277751.0,12.558033,0.009009,58.706988,2.518159
LAM0,ParametricRBACMaintenance_mse20_wt-role_smallcomp_multiple_0.7_6_old.wcnf,True,True,252179.0,252179.0,0.029064,0.009993,3.486914,3.458223
LAM0,ParametricRBACMaintenance_mse20_wt-role_smallcomp_multiple_0.8_1_old.wcnf,True,True,350793.0,350793.0,0.027103,0.009224,10.317219,10.286689
LAM0,ParametricRBACMaintenance_mse20_wt-role_smallcomp_multiple_0.9_6_old.wcnf,True,True,282321.0,282321.0,0.051007,0.009732,0.191686,0.151411
LAM0,ParametricRBACMaintenance_mse20_wt-role_university_multiple_0.1_1_old.wcnf,True,True,63653.0,63134.0,2.951354,2.592222,11.422634,13.358562
LAM0,ParametricRBACMaintenance_mse20_wt-role_university_multiple_0.4_7_old.wcnf,True,True,234414.0,234414.0,4.696812,3.581504,11.854412,9.147044
LAM0,ParametricRBACMaintenance_mse20_wt-role_university_multiple_0.5_4_old.wcnf,True,True,215348.0,215348.0,3.291607,3.290708,13.458707,10.849388
LAM0,ParametricRBACMaintenance_mse20_wt-role_university_multiple_0.5_5_old.wcnf,True,True,198362.0,198362.0,3.076692,2.794026,12.371532,10.815056
LAM0,ParametricRBACMaintenance_mse20_wt-role_university_multiple_0.5_7_old.wcnf,True,True,263585.0,263585.0,3.979872,3.579981,9.758902,8.538211
LAM0,abstraction-refinement_wt-downcast-antlr_old.wcnf,True,False,79566.0,,9.610021,20.327014,9.610021,42.011994
LAM0,abstraction-refinement_wt-downcast-avrora_old.wcnf,True,True,49759.0,48874.0,14.415457,15.224855,18.520547,19.588865
LAM0,abstraction-refinement_wt-downcast-hsqldb_old.wcnf,True,True,32293.0,34922.0,31.648643,12.609847,40.549243,12.609847
LAM0,abstraction-refinement_wt-downcast-pmd_old.wcnf,True,True,6287.0,4521.0,31.192836,29.577295,41.553736,58.176195
LAM0,abstraction-refinement_wt-downcast-xalan_old.wcnf,True,True,65593.0,65586.0,16.6016,15.791349,59.13149,45.718759
LAM0,abstraction-refinement_wt-polysite-avrora_old.wcnf,True,True,55020.0,54035.0,16.46761,13.667181,20.44499,17.916331
LAM0,abstraction-refinement_wt-polysite-bloat_old.wcnf,True,True,2397.0,1455.0,45.862395,41.894433,61.341495,57.007833
LAM0,abstraction-refinement_wt-polysite-hsqldb_old.wcnf,True,True,177778.0,177778.0,14.378859,13.719208,14.378859,13.719208
LAM0,abstraction-refinement_wt-polysite-pmd_old.wcnf,True,True,190826.0,190067.0,26.473427,25.586964,34.166027,33.208664
LAM0,abstraction-refinement_wt-polysite-xalan_old.wcnf,True,True,117742.0,116969.0,22.222937,18.850863,27.096837,24.722903
LAM0,causal-discovery_wt-causal_Link_10_10000_old.wcnf,True,True,39112847.0,39112847.0,3.546758,3.166204,14.887858,14.000924
LAM0,causal-discovery_wt-causal_Link_10_1000_old.wcnf,True,True,33562494.0,33562494.0,3.653289,3.198279,30.145389,37.110559
LAM0,causal-discovery_wt-causal_Link_9_100_old.wcnf,True,True,3242187.0,3242187.0,1.996114,0.505345,1.996114,0.505345
LAM0,causal-discovery_wt-causal_Mushroom_7_1000_old.wcnf,True,True,9414169.0,9384011.0,0.1554,0.13306,17.869041,19.94826
LAM0,causal-discovery_wt-causal_Pigs_6_1000_old.wcnf,True,True,35110976.0,35110976.0,0.604325,0.173287,0.604325,0.173287
LAM0,causal-discovery_wt-causal_Water_10_1000_old.wcnf,True,True,45193159.0,45193159.0,3.237911,3.155901,11.619061,11.515141
LAM0,causal-discovery_wt-causal_alarm_9_1000_old.wcnf,True,True,36049513.0,36049513.0,1.268197,1.141514,10.24051,9.070464
LAM0,causal-discovery_wt-causal_carpo_8_1000_old.wcnf,True,True,2244087.0,3556961.0,0.460445,0.390821,59.12291,10.380066
LAM0,correlation-clustering_wt-Rounded_CorrelationClustering_Ionosphere_BINARY_N260_D0.200_old.wcnf,True,True,7014701.0,7014701.0,0.449744,0.424335,7.573165,7.467661
LAM0,correlation-clustering_wt-Rounded_CorrelationClustering_Protein1_UNARY_N290_old.wcnf,True,True,32090014.0,32090014.0,4.987195,4.865553,6.811545,6.623493
LAM0,correlation-clustering_wt-Rounded_CorrelationClustering_Protein2_BINARY_N220_old.wcnf,True,True,14004102.0,14004102.0,0.195893,0.153105,8.168712,8.098372
LAM0,correlation-clustering_wt-Rounded_CorrelationClustering_Protein2_BINARY_N240_old.wcnf,True,True,16116883.0,16116883.0,0.206399,0.17856,8.4641,8.194496
LAM0,correlation-clustering_wt-Rounded_CorrelationClustering_Protein2_BINARY_N380_old.wcnf,True,True,39198852.0,39198852.0,0.516161,0.460948,12.039557,11.311063
LAM0,correlation-clustering_wt-Rounded_CorrelationClustering_Protein2_UNARY_N220_old.wcnf,True,True,21300102.0,21300102.0,2.815447,2.530118,3.672867,3.354418
LAM0,correlation-clustering_wt-Rounded_CorrelationClustering_Protein3_TRANSITIVE_N280_old.wcnf,True,True,185255761.0,187208919.0,9.352062,8.900586,30.006912,42.270436
LAM0,correlation-clustering_wt-Rounded_CorrelationClustering_Protein3_UNARY_N220_old.wcnf,True,True,19154505.0,19154505.0,2.514262,2.463168,4.591722,4.395858
LAM0,correlation-clustering_wt-Rounded_CorrelationClustering_Protein4_BINARY_N320_old.wcnf,True,True,14733167.0,14733167.0,0.208796,0.182771,7.974472,7.694901
LAM0,correlation-clustering_wt-Rounded_CorrelationClustering_Protein4_UNARY_N250_old.wcnf,True,True,11103273.0,11103273.0,2.533845,2.243636,11.481845,10.698436
LAM0,correlation-clustering_wt-Rounded_CorrelationClustering_Vowel_BINARY_N700_D0.200_old.wcnf,True,True,75201247.0,75201247.0,2.389101,2.28189,2.576081,2.4472
LAM0,correlation-clustering_wt-Rounded_CorrelationClustering_Vowel_BINARY_N800_D0.200_old.wcnf,True,True,86276967.0,86276967.0,3.327337,3.366133,8.202637,7.920243
LAM0,decision-tree-anneal-un-formula_0.8_2021_atleast_31_max-4_reduced_incomplete_adaboost_3_old.wcnf,True,True,355.0,355.0,1.553209,1.437508,3.154289,2.989948
LAM0,decision-tree-anneal-un-formula_0.8_2021_atleast_31_max-4_reduced_incomplete_adaboost_5_old.wcnf,True,True,762.0,762.0,1.528031,1.400084,8.742101,7.955354
LAM0,decision-tree-australian-credit-un-formula_0.8_2021_atleast_31_max-4_reduced_incomplete_adaboost_5_old.wcnf,True,True,575.0,575.0,2.22725,1.987193,4.0739,3.773163
LAM0,decision-tree-heart-cleveland-un-formula_0.8_2021_atleast_127_max-6_reduced_incomplete_adaboost_2_old.wcnf,True,True,139.0,72.0,3.043973,8.174352,3.043973,8.225102
LAM0,decision-tree-heart-cleveland-un-formula_0.8_2021_atleast_15_max-3_reduced_incomplete_adaboost_4_old.wcnf,True,True,138.0,138.0,0.31645,0.283467,0.501206,0.467698
LAM0,decision-tree-heart-cleveland-un-formula_0.8_2021_atleast_31_max-4_reduced_incomplete_adaboost_4_old.wcnf,True,True,146.0,146.0,0.730533,0.664025,1.028816,0.955373
LAM0,decision-tree-heart-cleveland-un-formula_0.8_2021_atleast_31_max-4_reduced_incomplete_adaboost_6_old.wcnf,True,True,240.0,240.0,0.759052,0.681839,1.454042,1.373906
LAM0,decision-tree-primary-tumor-un-formula_0.8_2021_atleast_127_max-6_reduced_incomplete_adaboost_2_old.wcnf,True,True,113.0,113.0,3.559732,2.864617,5.835292,4.798547
LAM0,decision-tree-primary-tumor-un-formula_0.8_2021_atleast_127_max-6_reduced_incomplete_adaboost_4_old.wcnf,True,True,212.0,212.0,4.117007,2.823983,4.258837,2.949533
LAM0,decision-tree-primary-tumor-un-formula_0.8_2021_atleast_15_max-3_reduced_incomplete_adaboost_2_old.wcnf,True,True,84.0,84.0,0.138589,0.099442,4.743873,4.650698
LAM0,decision-tree-primary-tumor-un-formula_0.8_2021_atleast_31_max-4_reduced_incomplete_adaboost_4_old.wcnf,True,True,155.0,155.0,0.272315,0.247633,4.112743,4.011785
LAM0,decision-tree-primary-tumor-un-formula_0.8_2021_atleast_63_max-5_reduced_incomplete_adaboost_6_old.wcnf,True,True,338.0,338.0,0.812037,0.765772,1.644059,1.593101
LAM0,decision-tree-tic-tac-toe-un-formula_0.8_2021_atleast_15_max-3_reduced_incomplete_adaboost_2_old.wcnf,True,True,335.0,335.0,0.280565,0.21541,0.432684,0.356855
LAM0,decision-tree-tic-tac-toe-un-formula_0.8_2021_atleast_15_max-3_reduced_incomplete_adaboost_3_old.wcnf,True,True,443.0,443.0,0.324483,0.245624,0.400081,0.322251
LAM0,decision-tree-tic-tac-toe-un-formula_0.8_2021_atleast_31_max-4_reduced_incomplete_adaboost_2_old.wcnf,True,True,286.0,286.0,0.444517,0.380922,0.444517,0.380922
LAM0,drmx-cryptogen_wt-geffe128_7_old.wcnf,True,True,811.0,811.0,0.019867,0.006769,29.304254,29.331769
LAM0,generalized-ising_wt-IS11_5.0.5.0.0.5_softer_periodic_old.wcnf,True,True,112229069992697.0,112229069992697.0,0.051307,0.033785,0.668252,0.650458
LAM0,generalized-ising_wt-IS12_5.0.5.0.0.5_softer_periodic_old.wcnf,True,True,113171466486232.0,113171466486232.0,0.233224,0.033525,0.239781,0.039957
LAM0,generalized-ising_wt-IS13_5.0.5.0.0.5_softer_periodic_old.wcnf,True,True,119401387482250.0,119401387482250.0,0.081375,0.033943,0.085178,0.037257
LAM0,generalized-ising_wt-IS15_5.0.5.0.0.5_softer_periodic_old.wcnf,True,True,114658059944605.0,114658059944605.0,0.106127,0.033453,0.111152,0.03796
LAM0,generalized-ising_wt-IS16_5.0.5.0.0.5_softer_periodic_old.wcnf,True,True,115258059944605.0,115258059944605.0,0.381611,0.03351,6.466168,5.973478
LAM0,generalized-ising_wt-IS17_5.0.5.0.0.5_softer_periodic_old.wcnf,True,True,115902780531937.0,115902780531937.0,0.058803,0.033548,14.651764,14.399886
LAM0,generalized-ising_wt-IS20_5.0.5.0.0.5_softer_periodic_old.wcnf,True,True,119388436533623.0,119388436533623.0,0.079473,0.033395,0.120177,0.072643
LAM0,generalized-ising_wt-IS22_5.0.5.0.0.5_softer_periodic_old.wcnf,True,True,119112776308211.0,119112776308211.0,0.048958,0.03346,0.059808,0.044113
LAM0,generalized-ising_wt-IS23_5.0.5.0.0.5_softer_periodic_old.wcnf,True,True,118663520151734.0,118663520151734.0,0.050812,0.033532,0.113351,0.093537
LAM0,generalized-ising_wt-IS3_5.0.5.0.0.5_softer_periodic_old.wcnf,True,True,116804575996363.0,116804575996363.0,0.136658,0.033514,6.525039,6.33529
LAM0,generalized-ising_wt-IS4_5.0.5.0.0.5_softer_periodic_old.wcnf,True,True,115857504490177.0,115857504490177.0,0.080799,0.033561,0.119734,0.071582
LAM0,generalized-ising_wt-IS5_5.0.5.0.0.5_softer_periodic_old.wcnf,True,True,114843630201223.0,114843630201223.0,0.058437,0.033532,0.54742,0.513333
LAM0,generalized-ising_wt-IS6_5.0.5.0.0.5_softer_periodic_old.wcnf,True,True,113797656078091.0,113797656078091.0,0.05406,0.033504,0.125752,0.109482
LAM0,generalized-ising_wt-IS7_5.0.5.0.0.5_softer_periodic_old.wcnf,True,True,112706601923009.0,112706601923009.0,0.053455,0.033623,0.085407,0.064779
LAM0,generalized-ising_wt-IS9_5.0.5.0.0.5_softer_periodic_old.wcnf,True,True,110066981524169.0,110066981524169.0,0.078338,0.033643,0.115075,0.070528
LAM0,hs-timetabling_wt-BrazilInstance1.xml_old.wcnf,True,True,117.0,117.0,0.102949,0.088749,41.348795,41.666296
LAM0,hs-timetabling_wt-BrazilInstance2.xml_old.wcnf,True,True,149.0,149.0,0.231236,0.206008,50.061829,49.53872
LAM0,hs-timetabling_wt-BrazilInstance4.xml_old.wcnf,True,True,267.0,267.0,1.486495,1.341093,1.486495,1.341093
LAM0,hs-timetabling_wt-BrazilInstance5.xml_old.wcnf,True,True,490.0,490.0,1.216193,0.551927,29.200132,28.206777
LAM0,hs-timetabling_wt-BrazilInstance6.xml_old.wcnf,True,True,546.0,546.0,0.852152,0.777757,55.44878,54.41677
LAM0,hs-timetabling_wt-BrazilInstance7.xml_old.wcnf,True,True,889.0,889.0,1.143801,1.009226,49.743412,48.095727
LAM0,hs-timetabling_wt-FinlandSecondarySchool.xml_old.wcnf,True,True,817.0,817.0,1.51645,1.3686,1.51645,1.3686
LAM0,hs-timetabling_wt-ItalyInstance4.xml_old.wcnf,True,True,12143.0,12143.0,9.223397,8.507579,19.116237,18.058869
LAM0,judgment-aggregation-ja-kemeny-preflib-00049-00000300_old.wcnf,True,True,793.0,990.0,0.27009,0.223879,44.989536,56.26189
LAM0,judgment-aggregation-ja-kemeny-preflib-00049-00000334_old.wcnf,True,True,612.0,581.0,0.151844,0.109601,52.27211,50.575069
LAM0,judgment-aggregation-ja-kemeny-preflib-00049-00000451_old.wcnf,True,True,1020.0,1379.0,0.917298,0.832024,50.607433,53.799658
LAM0,judgment-aggregation-ja-kemeny-preflib-00049-00000454_old.wcnf,True,True,715.0,702.0,0.291752,0.270691,57.87245,53.744464
LAM0,judgment-aggregation-ja-kemeny-preflib-00051-00000011_old.wcnf,True,True,779.0,775.0,1.490124,1.289691,58.898048,58.114512
LAM0,max-realizability_wt-power-distribution_11_7_old.wcnf,True,True,126.0,126.0,0.534698,0.509061,1.179387,1.125306
LAM0,max-realizability_wt-power-distribution_12_8_old.wcnf,True,True,216.0,216.0,1.314513,1.201034,1.783352,1.668076
LAM0,max-realizability_wt-robot-navigation_10_old.wcnf,True,True,39.0,39.0,10.870491,10.549085,10.870491,10.549085
LAM0,metro_wt-metro_8_8_5_20_10_6_500_1_3.lp.sm-extracted_old.wcnf,True,True,215.0,215.0,6.37451,6.235917,10.40372,10.184917
LAM0,mpe_wt-random-net-50-5_network-8.net_old.wcnf,True,True,48330.0,66128.0,0.074281,0.011609,33.219044,26.63571
LAM0,pseudoBoolean_wt-normalized-mps-v2-20-10-sentoy.opb.msat_old.wcnf,True,True,9460.0,9460.0,0.261517,0.04264,0.261517,0.04264
LAM0,railway-transport_wt-bf2030fvslack_old.wcnf,True,True,561747.0,264754.0,58.007234,19.458661,58.007234,21.298891
LAM0,railway-transport_wt-f2030_old.wcnf,True,True,6979.0,6931.0,9.488085,2.778199,59.720215,59.651259
LAM0,railway-transport_wt-r11_old.wcnf,True,True,73964834.0,68097505.0,54.235723,18.248688,59.981823,31.603488
LAM0,railway-transport_wt-wg2_old.wcnf,True,True,866.0,882.0,13.894965,12.404332,41.007915,58.853992
LAM0,ramsey_wt-ram_k3_n14.ra1_old.wcnf,True,True,3025.0,3025.0,0.072657,0.002025,0.563721,0.488586
LAM0,ramsey_wt-ram_k3_n16.ra1_old.wcnf,True,True,7271.0,7271.0,0.026102,0.002768,0.465915,0.443688
LAM0,ramsey_wt-ram_k3_n19.ra1_old.wcnf,True,True,20665.0,20665.0,0.047509,0.004687,1.241751,1.200079
LAM0,ramsey_wt-ram_k4_n19.ra1_old.wcnf,True,True,1240.0,1240.0,0.096689,0.007017,8.120485,8.017869
LAM0,relational-inference_wt-pa-1_old.wcnf,True,True,8282.0,8282.0,4.687011,2.786657,7.158971,5.247447
LAM0,relational-inference_wt-pa-2_old.wcnf,True,True,3093.0,3093.0,38.679657,31.033049,38.753257,31.104249
LAM0,relational-inference_wt-pa-3_old.wcnf,True,True,2967.0,2967.0,34.577939,27.494858,57.496739,47.882458
LAM0,setcover_wt-rail2536_old.wcnf,True,True,2147034.0,2147034.0,1.167363,0.671156,1.167363,0.671156
LAM0,setcover_wt-rail4284_old.wcnf,True,True,2119198.0,2119198.0,1.060235,0.688006,1.060235,0.688006
LAM0,setcover_wt-rail4872_old.wcnf,True,True,1873139.0,1873139.0,2.159458,0.597122,2.159458,0.597122
LAM0,setcover_wt-rail507_old.wcnf,True,True,220.0,228.0,15.965565,2.815816,41.523105,12.267216
LAM0,shiftdesign_wt-limits-10-10_data-1_inst-084_30m.sm-extracted_old.wcnf,True,True,49932711.0,49932711.0,10.988424,8.241067,10.988424,8.241067
LAM0,shiftdesign_wt-limits-10-10_data-1_inst-137_30m.sm-extracted_old.wcnf,True,True,17244442.0,17244442.0,4.440402,3.75444,4.440402,3.75444
LAM0,shiftdesign_wt-limits-10-10_data-1_inst-182_30m.sm-extracted_old.wcnf,True,True,30573006.0,30573006.0,9.468072,8.551214,9.468072,8.551214
LAM0,shiftdesign_wt-limits-10-10_data-2_inst-003_30m.sm-extracted_old.wcnf,True,True,41321652.0,41321652.0,11.49043,7.591508,11.49043,7.591508
LAM0,shiftdesign_wt-limits-10-10_data-2_inst-025_30m.sm-extracted_old.wcnf,True,True,56212258.0,56212258.0,11.537841,9.809957,11.537841,9.809957
LAM0,shiftdesign_wt-limits-10-10_data-2_inst-030_30m.sm-extracted_old.wcnf,True,True,122128224.0,122128224.0,22.926491,19.793179,22.926491,19.793179
LAM0,shiftdesign_wt-limits-10-10_data-3_inst-002_30m.sm-extracted_old.wcnf,True,True,35896155.0,35896155.0,7.987121,6.173979,7.987121,6.173979
LAM0,shiftdesign_wt-limits-10-10_data-3_inst-003_30m.sm-extracted_old.wcnf,True,True,28190618.0,28190618.0,6.261324,4.675364,6.261324,4.675364
LAM0,shiftdesign_wt-limits-10-10_data-4_inst-003_60m.sm-extracted_old.wcnf,True,True,87521039.0,87521039.0,17.375027,11.763515,17.375027,11.763515
LAM0,spot5_wt-1401.wcsp.log_old.wcnf,True,True,468096.0,470097.0,0.028258,0.014448,7.602884,52.477551
LAM0,spot5_wt-1403.wcsp.dir_old.wcnf,True,True,477264.0,490264.0,0.075754,0.015424,0.144338,13.764805
LAM0,spot5_wt-1403.wcsp.log_old.wcnf,True,True,469238.0,472240.0,0.075896,0.018742,34.774426,44.63111
LAM0,spot5_wt-1405.wcsp.dir_old.wcnf,True,True,475458.0,482447.0,0.143778,0.023049,0.334534,44.731856
LAM0,spot5_wt-1506.wcsp.log_old.wcnf,True,True,360527.0,365524.0,0.050051,0.023957,34.504252,43.567096
LAM0,spot5_wt-5.wcsp.log_old.wcnf,True,True,270.0,270.0,0.045271,0.013137,0.050523,19.192862
LAM0,staff-scheduling_wt-instance10_old.wcnf,True,True,6550.0,6550.0,2.555672,2.443315,57.699272,57.339075
LAM0,staff-scheduling_wt-instance11_old.wcnf,True,True,3653.0,3653.0,1.199861,1.064417,22.795963,22.650235
LAM0,staff-scheduling_wt-instance12_old.wcnf,True,True,7671.0,7138.0,4.145644,3.601567,13.842314,58.647697
LAM0,staff-scheduling_wt-instance2_old.wcnf,True,True,838.0,838.0,0.036385,0.016672,3.616591,3.614248
LAM0,staff-scheduling_wt-instance3_old.wcnf,True,True,1026.0,1026.0,0.105129,0.047533,15.43724,15.072414
LAM0,staff-scheduling_wt-instance4_old.wcnf,True,True,1740.0,1740.0,0.093881,0.026491,41.333579,40.776577
LAM0,staff-scheduling_wt-instance5_old.wcnf,True,True,1287.0,1287.0,0.130588,0.073662,25.431748,25.432977
LAM0,staff-scheduling_wt-instance6_old.wcnf,True,True,2081.0,2081.0,0.141338,0.09035,10.601762,10.592941
LAM0,staff-scheduling_wt-instance7_old.wcnf,True,True,1178.0,1178.0,0.216248,0.115007,46.44659,45.711607
LAM0,staff-scheduling_wt-instance8_old.wcnf,True,True,2848.0,2848.0,0.687515,0.540736,20.639971,18.33353
LAM0,staff-scheduling_wt-instance9_old.wcnf,True,True,2161.0,2142.0,1.848458,1.56317,47.606658,58.222319
LAM0,switchingactivitymaximization-SwitchingActivityMaximization_OpenRISC1200_100_old.wcnf,True,True,392.0,392.0,1.088075,0.790673,1.088075,0.790673
LAM0,switchingactivitymaximization-SwitchingActivityMaximization_OpenRISC1200_150_old.wcnf,True,True,528.0,528.0,1.231364,0.757874,1.231364,0.757874
LAM0,switchingactivitymaximization-SwitchingActivityMaximization_OpenRISC1200_200_old.wcnf,True,True,602.0,602.0,2.059893,0.757965,2.059893,0.757965
LAM0,switchingactivitymaximization-SwitchingActivityMaximization_OpenRISC1200_66_old.wcnf,True,True,228.0,228.0,2.321311,0.759409,2.321311,0.759409
LAM0,switchingactivitymaximization-SwitchingActivityMaximization_OpenRISC1200_68_old.wcnf,True,True,193.0,193.0,1.591115,0.760086,1.591115,0.760086
LAM0,switchingactivitymaximization-SwitchingActivityMaximization_OpenRISC1200_70_old.wcnf,True,True,240.0,240.0,1.483199,0.759714,1.483199,0.759714
LAM0,switchingactivitymaximization-SwitchingActivityMaximization_OpenRISC1200_72_old.wcnf,True,True,202.0,202.0,1.982442,0.772941,1.982442,0.772941
LAM0,switchingactivitymaximization-SwitchingActivityMaximization_OpenRISC1200_80_old.wcnf,True,True,306.0,306.0,2.450808,0.776212,2.450808,0.776212
LAM0,switchingactivitymaximization-SwitchingActivityMaximization_OpenRISC1200_90_old.wcnf,True,True,283.0,283.0,6.267462,0.772514,6.267462,0.772514
LAM0,tcp_wt-tcp_students_112_it_2_old.wcnf,True,True,3699.0,3699.0,1.227663,0.244644,44.964902,43.37129
LAM0,timetabling_wt-comp02_old.wcnf,True,True,136.0,136.0,1.846114,0.820458,9.246761,8.641888
LAM0,timetabling_wt-comp09_old.wcnf,True,True,135.0,135.0,1.37508,0.790563,27.184037,26.625829
LAM0,timetabling_wt-comp12_old.wcnf,True,True,560.0,555.0,1.452485,0.608996,33.581973,58.899581
LAM0,timetabling_wt-dds4_old.wcnf,False,False,,,,,,
LAM05,MaxSATQueriesinInterpretableClassifiers_wt-credit_train_8_CNF_5_20_old.wcnf,True,True,96480.0,97263.0,15.021479,2.15558,43.861201,5.22134
LAM05,MaxSATQueriesinInterpretableClassifiers_wt-pima_train_6_CNF_3_20_old.wcnf,True,True,3310.0,3290.0,0.044567,0.008838,33.395268,14.45886
LAM05,MaxSATQueriesinInterpretableClassifiers_wt-toms_test_2_CNF_3_20_old.wcnf,True,True,195.0,195.0,0.609756,0.527302,7.252474,6.83581
LAM05,MinimumWeightDominatingSetProblem_wt-bn-human-BNU_1_0025865_session_1-bg_old.wcnf,True,True,140539244.0,140539244.0,6.239282,3.859103,6.239282,3.859103
LAM05,MinimumWeightDominatingSetProblem_wt-channel-500x100x100-b050_old.wcnf,True,True,478624478.0,478245864.0,21.004552,18.643326,60.487852,61.343026
LAM05,MinimumWeightDominatingSetProblem_wt-delaunay_n24_old.wcnf,True,True,1685918983.0,1686108752.0,50.026828,14.340119,62.178028,14.340119
LAM05,MinimumWeightDominatingSetProblem_wt-hugebubbles-00020_old.wcnf,True,True,2130406259.0,2130406259.0,31.237817,20.873575,31.237817,20.873575
LAM05,MinimumWeightDominatingSetProblem_wt-inf-road-usa_old.wcnf,True,True,2406704625.0,2406515295.0,26.741276,45.195509,26.741276,60.934609
LAM05,MinimumWeightDominatingSetProblem_wt-rgg_n_2_24_s0_old.wcnf,True,True,1686108752.0,1686108752.0,45.573177,22.267189,45.573177,22.267189
LAM05,MinimumWeightDominatingSetProblem_wt-sc-rel9_old.wcnf,True,True,593056574.0,592487432.0,35.612281,29.957014,61.275281,61.986214
LAM05,MinimumWeightDominatingSetProblem_wt-soc-livejournal-user-groups_old.wcnf,True,True,752647274.0,752647274.0,26.920119,16.789314,26.920119,16.789314
LAM05,MinimumWeightDominatingSetProblem_wt-web-wikipedia2009_old.wcnf,True,True,174611880.0,35092853.0,11.480486,9.441163,60.605716,12.458133
LAM05,ParametricRBACMaintenance_mse20_wt-role_domino_multiple_0.1_8_old.wcnf,True,True,47682.0,47682.0,2.163202,1.838134,12.370532,11.743124
LAM05,ParametricRBACMaintenance_mse20_wt-role_domino_multiple_0.2_0_old.wcnf,True,True,74189.0,72339.0,2.160493,1.986726,9.582683,12.673766
LAM05,ParametricRBACMaintenance_mse20_wt-role_domino_multiple_0.5_1_old.wcnf,True,True,144463.0,144463.0,3.119143,1.924343,10.266053,7.947213
LAM05,ParametricRBACMaintenance_mse20_wt-role_domino_multiple_0.6_8_old.wcnf,True,True,159871.0,159871.0,2.134829,1.830886,11.652069,11.031916
LAM05,ParametricRBACMaintenance_mse20_wt-role_smallcomp_multiple_0.7_2_old.wcnf,True,True,277373.0,277436.0,12.558033,12.517208,58.706988,17.185054
LAM05,ParametricRBACMaintenance_mse20_wt-role_smallcomp_multiple_0.7_6_old.wcnf,True,True,252179.0,252179.0,0.029064,0.009853,3.486914,3.462705
LAM05,ParametricRBACMaintenance_mse20_wt-role_smallcomp_multiple_0.8_1_old.wcnf,True,True,350793.0,350793.0,0.027103,0.009419,10.317219,10.247056
LAM05,ParametricRBACMaintenance_mse20_wt-role_smallcomp_multiple_0.9_6_old.wcnf,True,True,282321.0,282321.0,0.051007,0.010007,0.191686,0.150564
LAM05,ParametricRBACMaintenance_mse20_wt-role_university_multiple_0.1_1_old.wcnf,True,True,63653.0,63134.0,2.951354,2.569119,11.422634,13.021019
LAM05,ParametricRBACMaintenance_mse20_wt-role_university_multiple_0.4_7_old.wcnf,True,True,234414.0,234414.0,4.696812,3.60761,11.854412,9.43425
LAM05,ParametricRBACMaintenance_mse20_wt-role_university_multiple_0.5_4_old.wcnf,True,True,215348.0,215348.0,3.291607,2.490041,13.458707,10.688941
LAM05,ParametricRBACMaintenance_mse20_wt-role_university_multiple_0.5_5_old.wcnf,True,True,198362.0,198362.0,3.076692,2.847467,12.371532,11.544157
LAM05,ParametricRBACMaintenance_mse20_wt-role_university_multiple_0.5_7_old.wcnf,True,True,263585.0,263585.0,3.979872,3.609961,9.758902,8.884801
LAM05,abstraction-refinement_wt-downcast-antlr_old.wcnf,True,False,79566.0,,9.610021,21.047197,9.610021,57.463877
LAM05,abstraction-refinement_wt-downcast-avrora_old.wcnf,True,True,49759.0,49759.0,14.415457,14.541806,18.520547,19.201976
LAM05,abstraction-refinement_wt-downcast-hsqldb_old.wcnf,True,True,32293.0,34922.0,31.648643,13.799481,40.549243,13.799481
LAM05,abstraction-refinement_wt-downcast-pmd_old.wcnf,True,True,6287.0,8791.0,31.192836,13.538156,41.553736,13.538156
LAM05,abstraction-refinement_wt-downcast-xalan_old.wcnf,True,True,65593.0,65629.0,16.6016,16.518886,59.13149,55.473986
LAM05,abstraction-refinement_wt-polysite-avrora_old.wcnf,True,True,55020.0,55020.0,16.46761,14.418159,20.44499,18.734869
LAM05,abstraction-refinement_wt-polysite-bloat_old.wcnf,True,True,2397.0,2397.0,45.862395,44.811186,61.341495,62.436186
LAM05,abstraction-refinement_wt-polysite-hsqldb_old.wcnf,True,True,177778.0,175624.0,14.378859,34.793018,14.378859,45.462218
LAM05,abstraction-refinement_wt-polysite-pmd_old.wcnf,True,True,190826.0,190826.0,26.473427,27.272009,34.166027,36.853809
LAM05,abstraction-refinement_wt-polysite-xalan_old.wcnf,True,True,117742.0,117742.0,22.222937,19.93132,27.096837,26.3393
LAM05,causal-discovery_wt-causal_Link_10_10000_old.wcnf,True,True,39112847.0,39112847.0,3.546758,3.146837,14.887858,14.462857
LAM05,causal-discovery_wt-causal_Link_10_1000_old.wcnf,True,True,33562494.0,36308697.0,3.653289,3.166347,30.145389,12.802837
LAM05,causal-discovery_wt-causal_Link_9_100_old.wcnf,True,True,3242187.0,3242187.0,1.996114,0.497515,1.996114,0.497515
LAM05,causal-discovery_wt-causal_Mushroom_7_1000_old.wcnf,True,True,9414169.0,9384011.0,0.1554,0.133494,17.869041,48.158081
LAM05,causal-discovery_wt-causal_Pigs_6_1000_old.wcnf,True,True,35110976.0,35110976.0,0.604325,0.175312,0.604325,0.175312
LAM05,causal-discovery_wt-causal_Water_10_1000_old.wcnf,True,True,45193159.0,45193159.0,3.237911,3.153737,11.619061,11.553577
LAM05,causal-discovery_wt-causal_alarm_9_1000_old.wcnf,True,True,36049513.0,36049513.0,1.268197,1.142573,10.24051,9.700912
LAM05,causal-discovery_wt-causal_carpo_8_1000_old.wcnf,True,True,2244087.0,2327359.0,0.460445,0.388638,59.12291,19.082975
LAM05,correlation-clustering_wt-Rounded_CorrelationClustering_Ionosphere_BINARY_N260_D0.200_old.wcnf,True,True,7014701.0,7014701.0,0.449744,0.421592,7.573165,7.430719
LAM05,correlation-clustering_wt-Rounded_CorrelationClustering_Protein1_UNARY_N290_old.wcnf,True,True,32090014.0,32090014.0,4.987195,4.949349,6.811545,6.783369
LAM05,correlation-clustering_wt-Rounded_CorrelationClustering_Protein2_BINARY_N220_old.wcnf,True,True,14004102.0,14004102.0,0.195893,0.153703,8.168712,8.118029
LAM05,correlation-clustering_wt-Rounded_CorrelationClustering_Protein2_BINARY_N240_old.wcnf,True,True,16116883.0,16116883.0,0.206399,0.1831,8.4641,8.373754
LAM05,correlation-clustering_wt-Rounded_CorrelationClustering_Protein2_BINARY_N380_old.wcnf,True,True,39198852.0,39198852.0,0.516161,0.464764,12.039557,11.448404
LAM05,correlation-clustering_wt-Rounded_CorrelationClustering_Protein2_UNARY_N220_old.wcnf,True,True,21300102.0,21300102.0,2.815447,2.49545,3.672867,3.30156
LAM05,correlation-clustering_wt-Rounded_CorrelationClustering_Protein3_TRANSITIVE_N280_old.wcnf,True,True,185255761.0,184883258.0,9.352062,8.836838,30.006912,52.479678
LAM05,correlation-clustering_wt-Rounded_CorrelationClustering_Protein3_UNARY_N220_old.wcnf,True,True,19154505.0,19154505.0,2.514262,2.423826,4.591722,4.396406
LAM05,correlation-clustering_wt-Rounded_CorrelationClustering_Protein4_BINARY_N320_old.wcnf,True,True,14733167.0,14733167.0,0.208796,0.183271,7.974472,7.696773
LAM05,correlation-clustering_wt-Rounded_CorrelationClustering_Protein4_UNARY_N250_old.wcnf,True,True,11103273.0,11103273.0,2.533845,2.221725,11.481845,10.799405
LAM05,correlation-clustering_wt-Rounded_CorrelationClustering_Vowel_BINARY_N700_D0.200_old.wcnf,True,True,75201247.0,75201247.0,2.389101,2.266995,2.576081,2.431825
LAM05,correlation-clustering_wt-Rounded_CorrelationClustering_Vowel_BINARY_N800_D0.200_old.wcnf,True,True,86276967.0,86276967.0,3.327337,3.238627,8.202637,7.884687
LAM05,decision-tree-anneal-un-formula_0.8_2021_atleast_31_max-4_reduced_incomplete_adaboost_3_old.wcnf,True,True,355.0,355.0,1.553209,1.426034,3.154289,2.956594
LAM05,decision-tree-anneal-un-formula_0.8_2021_atleast_31_max-4_reduced_incomplete_adaboost_5_old.wcnf,True,True,762.0,762.0,1.528031,1.409279,8.742101,8.091109
LAM05,decision-tree-australian-credit-un-formula_0.8_2021_atleast_31_max-4_reduced_incomplete_adaboost_5_old.wcnf,True,True,575.0,575.0,2.22725,1.96166,4.0739,3.71382
LAM05,decision-tree-heart-cleveland-un-formula_0.8_2021_atleast_127_max-6_reduced_incomplete_adaboost_2_old.wcnf,True,True,139.0,72.0,3.043973,8.307785,3.043973,8.363595
LAM05,decision-tree-heart-cleveland-un-formula_0.8_2021_atleast_15_max-3_reduced_incomplete_adaboost_4_old.wcnf,True,True,138.0,138.0,0.31645,0.285807,0.501206,0.467742
LAM05,decision-tree-heart-cleveland-un-formula_0.8_2021_atleast_31_max-4_reduced_incomplete_adaboost_4_old.wcnf,True,True,146.0,146.0,0.730533,0.656923,1.028816,0.948188
LAM05,decision-tree-heart-cleveland-un-formula_0.8_2021_atleast_31_max-4_reduced_incomplete_adaboost_6_old.wcnf,True,True,240.0,240.0,0.759052,0.677322,1.454042,1.379761
LAM05,decision-tree-primary-tumor-un-formula_0.8_2021_atleast_127_max-6_reduced_incomplete_adaboost_2_old.wcnf,True,True,113.0,113.0,3.559732,2.816027,5.835292,4.878047
LAM05,decision-tree-primary-tumor-un-formula_0.8_2021_atleast_127_max-6_reduced_incomplete_adaboost_4_old.wcnf,True,True,212.0,212.0,4.117007,2.819723,4.258837,2.952023
LAM05,decision-tree-primary-tumor-un-formula_0.8_2021_atleast_15_max-3_reduced_incomplete_adaboost_2_old.wcnf,True,True,84.0,84.0,0.138589,0.097676,4.743873,4.663132
LAM05,decision-tree-primary-tumor-un-formula_0.8_2021_atleast_31_max-4_reduced_incomplete_adaboost_4_old.wcnf,True,True,155.0,155.0,0.272315,0.245596,4.112743,3.978301
LAM05,decision-tree-primary-tumor-un-formula_0.8_2021_atleast_63_max-5_reduced_incomplete_adaboost_6_old.wcnf,True,True,338.0,338.0,0.812037,0.755963,1.644059,1.59612
LAM05,decision-tree-tic-tac-toe-un-formula_0.8_2021_atleast_15_max-3_reduced_incomplete_adaboost_2_old.wcnf,True,True,335.0,335.0,0.280565,0.215306,0.432684,0.356578
LAM05,decision-tree-tic-tac-toe-un-formula_0.8_2021_atleast_15_max-3_reduced_incomplete_adaboost_3_old.wcnf,True,True,443.0,443.0,0.324483,0.24375,0.400081,0.318588
LAM05,decision-tree-tic-tac-toe-un-formula_0.8_2021_atleast_31_max-4_reduced_incomplete_adaboost_2_old.wcnf,True,True,286.0,286.0,0.444517,0.379399,0.444517,0.379399
LAM05,drmx-cryptogen_wt-geffe128_7_old.wcnf,True,True,811.0,811.0,0.019867,0.006734,29.304254,29.243046
LAM05,generalized-ising_wt-IS11_5.0.5.0.0.5_softer_periodic_old.wcnf,True,True,112229069992697.0,112229069992697.0,0.051307,0.034741,0.668252,0.648332
LAM05,generalized-ising_wt-IS12_5.0.5.0.0.5_softer_periodic_old.wcnf,True,True,113171466486232.0,113171466486232.0,0.233224,0.033503,0.239781,0.039911
LAM05,generalized-ising_wt-IS13_5.0.5.0.0.5_softer_periodic_old.wcnf,True,True,119401387482250.0,119401387482250.0,0.081375,0.034058,0.085178,0.037449
LAM05,generalized-ising_wt-IS15_5.0.5.0.0.5_softer_periodic_old.wcnf,True,True,114658059944605.0,114658059944605.0,0.106127,1.429445,0.111152,1.433897
LAM05,generalized-ising_wt-IS16_5.0.5.0.0.5_softer_periodic_old.wcnf,True,True,115258059944605.0,115258059944605.0,0.381611,0.039956,6.466168,6.000979
LAM05,generalized-ising_wt-IS17_5.0.5.0.0.5_softer_periodic_old.wcnf,True,True,115902780531937.0,115902780531937.0,0.058803,0.034522,14.651764,14.472666
LAM05,generalized-ising_wt-IS20_5.0.5.0.0.5_softer_periodic_old.wcnf,True,True,119388436533623.0,119388436533623.0,0.079473,0.034245,0.120177,0.073051
LAM05,generalized-ising_wt-IS22_5.0.5.0.0.5_softer_periodic_old.wcnf,True,True,119112776308211.0,119112776308211.0,0.048958,0.03516,0.059808,0.045777
LAM05,generalized-ising_wt-IS23_5.0.5.0.0.5_softer_periodic_old.wcnf,True,True,118663520151734.0,118663520151734.0,0.050812,0.034242,0.113351,0.093941
LAM05,generalized-ising_wt-IS3_5.0.5.0.0.5_softer_periodic_old.wcnf,True,True,116804575996363.0,116804575996363.0,0.136658,0.034154,6.525039,6.370777
LAM05,generalized-ising_wt-IS4_5.0.5.0.0.5_softer_periodic_old.wcnf,True,True,115857504490177.0,115857504490177.0,0.080799,0.034073,0.119734,0.072308
LAM05,generalized-ising_wt-IS5_5.0.5.0.0.5_softer_periodic_old.wcnf,True,True,114843630201223.0,114843630201223.0,0.058437,0.033954,0.54742,0.513925
LAM05,generalized-ising_wt-IS6_5.0.5.0.0.5_softer_periodic_old.wcnf,True,True,113797656078091.0,113797656078091.0,0.05406,0.033838,0.125752,0.106164
LAM05,generalized-ising_wt-IS7_5.0.5.0.0.5_softer_periodic_old.wcnf,True,True,112706601923009.0,112706601923009.0,0.053455,0.033972,0.085407,0.065579
LAM05,generalized-ising_wt-IS9_5.0.5.0.0.5_softer_periodic_old.wcnf,True,True,110066981524169.0,110066981524169.0,0.078338,0.034652,0.115075,0.07105
LAM05,hs-timetabling_wt-BrazilInstance1.xml_old.wcnf,True,True,117.0,117.0,0.102949,0.088338,41.348795,41.168699
LAM05,hs-timetabling_wt-BrazilInstance2.xml_old.wcnf,True,True,149.0,149.0,0.231236,0.20617,50.061829,49.469852
LAM05,hs-timetabling_wt-BrazilInstance4.xml_old.wcnf,True,True,267.0,267.0,1.486495,1.352897,1.486495,1.352897
LAM05,hs-timetabling_wt-BrazilInstance5.xml_old.wcnf,True,True,490.0,490.0,1.216193,0.55254,29.200132,28.356014
LAM05,hs-timetabling_wt-BrazilInstance6.xml_old.wcnf,True,True,546.0,546.0,0.852152,0.779566,55.44878,54.591
LAM05,hs-timetabling_wt-BrazilInstance7.xml_old.wcnf,True,True,889.0,889.0,1.143801,1.010228,49.743412,48.318146
LAM05,hs-timetabling_wt-FinlandSecondarySchool.xml_old.wcnf,True,True,817.0,817.0,1.51645,1.434574,1.51645,1.434574
LAM05,hs-timetabling_wt-ItalyInstance4.xml_old.wcnf,True,True,12143.0,12143.0,9.223397,9.13724,19.116237,19.34145
LAM05,judgment-aggregation-ja-kemeny-preflib-00049-00000300_old.wcnf,True,True,793.0,896.0,0.27009,0.21884,44.989536,24.684385
LAM05,judgment-aggregation-ja-kemeny-preflib-00049-00000334_old.wcnf,True,True,612.0,594.0,0.151844,0.108766,52.27211,55.582739
LAM05,judgment-aggregation-ja-kemeny-preflib-00049-00000451_old.wcnf,True,True,1020.0,1072.0,0.917298,0.847213,50.607433,27.310429
LAM05,judgment-aggregation-ja-kemeny-preflib-00049-00000454_old.wcnf,True,True,715.0,704.0,0.291752,0.271349,57.87245,52.313228
LAM05,judgment-aggregation-ja-kemeny-preflib-00051-00000011_old.wcnf,True,True,779.0,743.0,1.490124,1.320218,58.898048,41.999129
LAM05,max-realizability_wt-power-distribution_11_7_old.wcnf,True,True,126.0,126.0,0.534698,0.514655,1.179387,1.15355
LAM05,max-realizability_wt-power-distribution_12_8_old.wcnf,True,True,216.0,216.0,1.314513,1.225563,1.783352,1.709987
LAM05,max-realizability_wt-robot-navigation_10_old.wcnf,True,True,39.0,39.0,10.870491,10.670618,10.870491,10.670618
LAM05,metro_wt-metro_8_8_5_20_10_6_500_1_3.lp.sm-extracted_old.wcnf,True,True,215.0,215.0,6.37451,6.246674,10.40372,10.209394
LAM05,mpe_wt-random-net-50-5_network-8.net_old.wcnf,True,True,48330.0,48018.0,0.074281,0.011429,33.219044,18.312408
LAM05,pseudoBoolean_wt-normalized-mps-v2-20-10-sentoy.opb.msat_old.wcnf,True,True,9460.0,9460.0,0.261517,0.044087,0.261517,0.044087
LAM05,railway-transport_wt-bf2030fvslack_old.wcnf,True,True,561747.0,264713.0,58.007234,18.30724,58.007234,36.19701
LAM05,railway-transport_wt-f2030_old.wcnf,True,True,6979.0,6952.0,9.488085,2.807188,59.720215,56.806738
LAM05,railway-transport_wt-r11_old.wcnf,True,True,73964834.0,68401651.0,54.235723,18.959426,59.981823,59.853326
LAM05,railway-transport_wt-wg2_old.wcnf,True,True,866.0,984.0,13.894965,11.281055,41.007915,37.793925
LAM05,ramsey_wt-ram_k3_n14.ra1_old.wcnf,True,True,3025.0,3025.0,0.072657,0.002043,0.563721,0.486548
LAM05,ramsey_wt-ram_k3_n16.ra1_old.wcnf,True,True,7271.0,7271.0,0.026102,0.002803,0.465915,0.443267
LAM05,ramsey_wt-ram_k3_n19.ra1_old.wcnf,True,True,20665.0,20665.0,0.047509,0.004662,1.241751,1.191944
LAM05,ramsey_wt-ram_k4_n19.ra1_old.wcnf,True,True,1240.0,1240.0,0.096689,0.006963,8.120485,7.995569
LAM05,relational-inference_wt-pa-1_old.wcnf,True,True,8282.0,8282.0,4.687011,2.779541,7.158971,5.506651
LAM05,relational-inference_wt-pa-2_old.wcnf,True,True,3093.0,3093.0,38.679657,32.200522,38.753257,32.271122
LAM05,relational-inference_wt-pa-3_old.wcnf,True,True,2967.0,2967.0,34.577939,27.298336,57.496739,47.545836
LAM05,setcover_wt-rail2536_old.wcnf,True,True,2147034.0,2147034.0,1.167363,0.667778,1.167363,0.667778
LAM05,setcover_wt-rail4284_old.wcnf,True,True,2119198.0,2119198.0,1.060235,0.678551,1.060235,0.678551
LAM05,setcover_wt-rail4872_old.wcnf,True,True,1873139.0,1873139.0,2.159458,1.155243,2.159458,1.155243
LAM05,setcover_wt-rail507_old.wcnf,True,True,220.0,228.0,15.965565,3.038508,41.523105,12.576658
LAM05,shiftdesign_wt-limits-10-10_data-1_inst-084_30m.sm-extracted_old.wcnf,True,True,49932711.0,49932711.0,10.988424,8.330399,10.988424,8.330399
LAM05,shiftdesign_wt-limits-10-10_data-1_inst-137_30m.sm-extracted_old.wcnf,True,True,17244442.0,17244442.0,4.440402,4.129207,4.440402,4.129207
LAM05,shiftdesign_wt-limits-10-10_data-1_inst-182_30m.sm-extracted_old.wcnf,True,True,30573006.0,30573006.0,9.468072,7.48045,9.468072,7.48045
LAM05,shiftdesign_wt-limits-10-10_data-2_inst-003_30m.sm-extracted_old.wcnf,True,True,41321652.0,41321652.0,11.49043,8.221046,11.49043,8.221046
LAM05,shiftdesign_wt-limits-10-10_data-2_inst-025_30m.sm-extracted_old.wcnf,True,True,56212258.0,56212258.0,11.537841,10.43706,11.537841,10.43706
LAM05,shiftdesign_wt-limits-10-10_data-2_inst-030_30m.sm-extracted_old.wcnf,True,True,122128224.0,122128224.0,22.926491,24.416047,22.926491,24.416047
LAM05,shiftdesign_wt-limits-10-10_data-3_inst-002_30m.sm-extracted_old.wcnf,True,True,35896155.0,35896155.0,7.987121,6.335111,7.987121,6.335111
LAM05,shiftdesign_wt-limits-10-10_data-3_inst-003_30m.sm-extracted_old.wcnf,True,True,28190618.0,28190618.0,6.261324,4.733512,6.261324,4.733512
LAM05,shiftdesign_wt-limits-10-10_data-4_inst-003_60m.sm-extracted_old.wcnf,True,True,87521039.0,87521039.0,17.375027,11.958507,17.375027,11.958507
LAM05,spot5_wt-1401.wcsp.log_old.wcnf,True,True,468096.0,467097.0,0.028258,0.014958,7.602884,37.065086
LAM05,spot5_wt-1403.wcsp.dir_old.wcnf,True,True,477264.0,485263.0,0.075754,0.015852,0.144338,58.017179
LAM05,spot5_wt-1403.wcsp.log_old.wcnf,True,True,469238.0,467246.0,0.075896,0.019205,34.774426,37.241066
LAM05,spot5_wt-1405.wcsp.dir_old.wcnf,True,True,475458.0,475459.0,0.143778,0.023631,0.334534,0.489475
LAM05,spot5_wt-1506.wcsp.log_old.wcnf,True,True,360527.0,364526.0,0.050051,0.024865,34.504252,29.528002
LAM05,spot5_wt-5.wcsp.log_old.wcnf,True,True,270.0,267.0,0.045271,0.013786,0.050523,0.01716
LAM05,staff-scheduling_wt-instance10_old.wcnf,True,True,6550.0,6625.0,2.555672,2.618119,57.699272,36.392589
LAM05,staff-scheduling_wt-instance11_old.wcnf,True,True,3653.0,3653.0,1.199861,1.121814,22.795963,25.532118
LAM05,staff-scheduling_wt-instance12_old.wcnf,True,True,7671.0,7671.0,4.145644,4.152566,13.842314,13.547086
LAM05,staff-scheduling_wt-instance2_old.wcnf,True,True,838.0,838.0,0.036385,0.016942,3.616591,3.593174
LAM05,staff-scheduling_wt-instance3_old.wcnf,True,True,1026.0,1026.0,0.105129,0.048424,15.43724,15.37926
LAM05,staff-scheduling_wt-instance4_old.wcnf,True,True,1740.0,1740.0,0.093881,0.027271,41.333579,40.832997
LAM05,staff-scheduling_wt-instance5_old.wcnf,True,True,1287.0,1287.0,0.130588,0.074452,25.431748,25.566881
LAM05,staff-scheduling_wt-instance6_old.wcnf,True,True,2081.0,2081.0,0.141338,0.093217,10.601762,10.684653
LAM05,staff-scheduling_wt-instance7_old.wcnf,True,True,1178.0,1178.0,0.216248,0.12031,46.44659,46.147938
LAM05,staff-scheduling_wt-instance8_old.wcnf,True,True,2848.0,2848.0,0.687515,0.557017,20.639971,18.309231
LAM05,staff-scheduling_wt-instance9_old.wcnf,True,True,2161.0,2161.0,1.848458,1.608968,47.606658,39.254555
LAM05,switchingactivitymaximization-SwitchingActivityMaximization_OpenRISC1200_100_old.wcnf,True,True,392.0,392.0,1.088075,0.771262,1.088075,0.771262
LAM05,switchingactivitymaximization-SwitchingActivityMaximization_OpenRISC1200_150_old.wcnf,True,True,528.0,528.0,1.231364,0.775381,1.231364,0.775381
LAM05,switchingactivitymaximization-SwitchingActivityMaximization_OpenRISC1200_200_old.wcnf,True,True,602.0,602.0,2.059893,0.76839,2.059893,0.76839
LAM05,switchingactivitymaximization-SwitchingActivityMaximization_OpenRISC1200_66_old.wcnf,True,True,228.0,228.0,2.321311,0.773754,2.321311,0.773754
LAM05,switchingactivitymaximization-SwitchingActivityMaximization_OpenRISC1200_68_old.wcnf,True,True,193.0,193.0,1.591115,0.803744,1.591115,0.803744
LAM05,switchingactivitymaximization-SwitchingActivityMaximization_OpenRISC1200_70_old.wcnf,True,True,240.0,240.0,1.483199,0.773477,1.483199,0.773477
LAM05,switchingactivitymaximization-SwitchingActivityMaximization_OpenRISC1200_72_old.wcnf,True,True,202.0,202.0,1.982442,0.778126,1.982442,0.778126
LAM05,switchingactivitymaximization-SwitchingActivityMaximization_OpenRISC1200_80_old.wcnf,True,True,306.0,306.0,2.450808,0.76683,2.450808,0.76683
LAM05,switchingactivitymaximization-SwitchingActivityMaximization_OpenRISC1200_90_old.wcnf,True,True,283.0,283.0,6.267462,0.810706,6.267462,0.810706
LAM05,tcp_wt-tcp_students_112_it_2_old.wcnf,True,True,3699.0,3699.0,1.227663,0.248411,44.964902,44.30602
LAM05,timetabling_wt-comp02_old.wcnf,True,True,136.0,136.0,1.846114,0.861674,9.246761,8.498818
LAM05,timetabling_wt-comp09_old.wcnf,True,True,135.0,135.0,1.37508,0.845023,27.184037,27.891099
LAM05,timetabling_wt-comp12_old.wcnf,True,True,560.0,560.0,1.452485,0.647656,33.581973,29.227784
LAM05,timetabling_wt-dds4_old.wcnf,False,False,,,,,,
P0,MaxSATQueriesinInterpretableClassifiers_wt-credit_train_8_CNF_5_20_old.wcnf,True,True,96480.0,96559.0,15.021479,14.063506,43.861201,16.303497
P0,MaxSATQueriesinInterpretableClassifiers_wt-pima_train_6_CNF_3_20_old.wcnf,True,True,3310.0,3328.0,0.044567,0.022798,33.395268,16.463119
P0,MaxSATQueriesinInterpretableClassifiers_wt-toms_test_2_CNF_3_20_old.wcnf,True,True,195.0,195.0,0.609756,0.563092,7.252474,7.661657
P0,MinimumWeightDominatingSetProblem_wt-bn-human-BNU_1_0025865_session_1-bg_old.wcnf,True,True,140539244.0,140539244.0,6.239282,5.438668,6.239282,5.438668
P0,MinimumWeightDominatingSetProblem_wt-channel-500x100x100-b050_old.wcnf,True,True,478624478.0,480591041.0,21.004552,20.549879,60.487852,61.246079
P0,MinimumWeightDominatingSetProblem_wt-delaunay_n24_old.wcnf,True,False,1685918983.0,,50.026828,43.91807,62.178028,64.31767
P0,MinimumWeightDominatingSetProblem_wt-hugebubbles-00020_old.wcnf,True,True,2130406259.0,2130406259.0,31.237817,19.938625,31.237817,19.938625
P0,MinimumWeightDominatingSetProblem_wt-inf-road-usa_old.wcnf,True,True,2406704625.0,2406604536.0,26.741276,46.691346,26.741276,62.471846
P0,MinimumWeightDominatingSetProblem_wt-rgg_n_2_24_s0_old.wcnf,True,True,1686108752.0,1686108752.0,45.573177,20.574965,45.573177,20.574965
P0,MinimumWeightDominatingSetProblem_wt-sc-rel9_old.wcnf,True,True,593056574.0,593926134.0,35.612281,32.880087,61.275281,61.321887
P0,MinimumWeightDominatingSetProblem_wt-soc-livejournal-user-groups_old.wcnf,True,True,752647274.0,752647274.0,26.920119,16.227142,26.920119,16.227142
P0,MinimumWeightDominatingSetProblem_wt-web-wikipedia2009_old.wcnf,True,True,174611880.0,35092853.0,11.480486,9.358657,60.605716,12.449807
P0,ParametricRBACMaintenance_mse20_wt-role_domino_multiple_0.1_8_old.wcnf,True,True,47682.0,47682.0,2.163202,1.794981,12.370532,11.739771
P0,ParametricRBACMaintenance_mse20_wt-role_domino_multiple_0.2_0_old.wcnf,True,True,74189.0,72339.0,2.160493,1.96258,9.582683,13.00689
P0,ParametricRBACMaintenance_mse20_wt-role_domino_multiple_0.5_1_old.wcnf,True,True,144463.0,144463.0,3.119143,1.88717,10.266053,8.63663
P0,ParametricRBACMaintenance_mse20_wt-role_domino_multiple_0.6_8_old.wcnf,True,True,159871.0,159871.0,2.134829,1.840714,11.652069,11.386404
P0,ParametricRBACMaintenance_mse20_wt-role_smallcomp_multiple_0.7_2_old.wcnf,True,True,277373.0,277751.0,12.558033,0.009427,58.706988,2.474067
P0,ParametricRBACMaintenance_mse20_wt-role_smallcomp_multiple_0.7_6_old.wcnf,True,True,252179.0,252179.0,0.029064,0.010194,3.486914,3.468234
P0,ParametricRBACMaintenance_mse20_wt-role_smallcomp_multiple_0.8_1_old.wcnf,True,True,350793.0,350793.0,0.027103,0.009637,10.317219,10.265711
P0,ParametricRBACMaintenance_mse20_wt-role_smallcomp_multiple_0.9_6_old.wcnf,True,True,282321.0,282321.0,0.051007,0.010211,0.191686,0.151405
P0,ParametricRBACMaintenance_mse20_wt-role_university_multiple_0.1_1_old.wcnf,True,True,63653.0,63653.0,2.951354,2.65257,11.422634,11.37269
P0,ParametricRBACMaintenance_mse20_wt-role_university_multiple_0.4_7_old.wcnf,True,True,234414.0,234414.0,4.696812,4.105601,11.854412,12.532361
P0,ParametricRBACMaintenance_mse20_wt-role_university_multiple_0.5_4_old.wcnf,True,True,215348.0,215348.0,3.291607,2.514438,13.458707,11.355298
P0,ParametricRBACMaintenance_mse20_wt-role_university_multiple_0.5_5_old.wcnf,True,True,198362.0,198362.0,3.076692,2.972159,12.371532,12.262699
P0,ParametricRBACMaintenance_mse20_wt-role_university_multiple_0.5_7_old.wcnf,True,True,263585.0,263585.0,3.979872,3.704527,9.758902,9.346197
P0,abstraction-refinement_wt-downcast-antlr_old.wcnf,True,True,79566.0,76322.0,9.610021,23.734086,9.610021,46.657086
P0,abstraction-refinement_wt-downcast-avrora_old.wcnf,True,True,49759.0,48874.0,14.415457,17.656161,18.520547,22.081271
P0,abstraction-refinement_wt-downcast-hsqldb_old.wcnf,True,True,32293.0,34922.0,31.648643,21.4595,40.549243,21.4595
P0,abstraction-refinement_wt-downcast-pmd_old.wcnf,True,True,6287.0,5561.0,31.192836,40.255111,41.553736,57.380911
P0,abstraction-refinement_wt-downcast-xalan_old.wcnf,True,True,65593.0,65586.0,16.6016,19.768309,59.13149,55.566609
P0,abstraction-refinement_wt-polysite-avrora_old.wcnf,True,True,55020.0,54035.0,16.46761,18.995126,20.44499,23.285006
P0,abstraction-refinement_wt-polysite-bloat_old.wcnf,True,True,2397.0,4948.0,45.862395,30.452468,61.341495,30.452468
P0,abstraction-refinement_wt-polysite-hsqldb_old.wcnf,True,True,177778.0,174736.0,14.378859,39.225247,14.378859,49.066047
P0,abstraction-refinement_wt-polysite-pmd_old.wcnf,True,True,190826.0,193158.0,26.473427,14.823996,34.166027,14.823996
P0,abstraction-refinement_wt-polysite-xalan_old.wcnf,True,False,117742.0,,22.222937,24.741888,27.096837,32.124788
P0,causal-discovery_wt-causal_Link_10_10000_old.wcnf,True,True,39112847.0,39112847.0,3.546758,5.049713,14.887858,16.616883
P0,causal-discovery_wt-causal_Link_10_1000_old.wcnf,True,True,33562494.0,33562494.0,3.653289,4.153118,30.145389,37.750158
P0,causal-discovery_wt-causal_Link_9_100_old.wcnf,True,True,3242187.0,3242187.0,1.996114,0.954717,1.996114,0.954717
P0,causal-discovery_wt-causal_Mushroom_7_1000_old.wcnf,True,True,9414169.0,9384011.0,0.1554,0.454924,17.869041,20.472043
P0,causal-discovery_wt-causal_Pigs_6_1000_old.wcnf,True,True,35110976.0,35110976.0,0.604325,0.258964,0.604325,0.258964
P0,causal-discovery_wt-causal_Water_10_1000_old.wcnf,True,True,45193159.0,45193159.0,3.237911,4.277029,11.619061,12.727139
P0,causal-discovery_wt-causal_alarm_9_1000_old.wcnf,True,True,36049513.0,36049513.0,1.268197,1.434385,10.24051,9.465143
P0,causal-discovery_wt-causal_carpo_8_1000_old.wcnf,True,True,2244087.0,3556961.0,0.460445,0.709654,59.12291,10.857829
P0,correlation-clustering_wt-Rounded_CorrelationClustering_Ionosphere_BINARY_N260_D0.200_old.wcnf,True,True,7014701.0,7014701.0,0.449744,0.581943,7.573165,7.76724
P0,correlation-clustering_wt-Rounded_CorrelationClustering_Protein1_UNARY_N290_old.wcnf,True,True,32090014.0,32090014.0,4.987195,5.242612,6.811545,7.036592
P0,correlation-clustering_wt-Rounded_CorrelationClustering_Protein2_BINARY_N220_old.wcnf,True,True,14004102.0,14004102.0,0.195893,0.249284,8.168712,8.340336
P0,correlation-clustering_wt-Rounded_CorrelationClustering_Protein2_BINARY_N240_old.wcnf,True,True,16116883.0,16116883.0,0.206399,0.283995,8.4641,8.476654
P0,correlation-clustering_wt-Rounded_CorrelationClustering_Protein2_BINARY_N380_old.wcnf,True,True,39198852.0,39752461.0,0.516161,0.605857,12.039557,12.489609
P0,correlation-clustering_wt-Rounded_CorrelationClustering_Protein2_UNARY_N220_old.wcnf,True,True,21300102.0,21300102.0,2.815447,3.700463,3.672867,4.815003
P0,correlation-clustering_wt-Rounded_CorrelationClustering_Protein3_TRANSITIVE_N280_old.wcnf,True,True,185255761.0,187208919.0,9.352062,11.431585,30.006912,46.891445
P0,correlation-clustering_wt-Rounded_CorrelationClustering_Protein3_UNARY_N220_old.wcnf,True,True,19154505.0,19154505.0,2.514262,4.009978,4.591722,6.320198
P0,correlation-clustering_wt-Rounded_CorrelationClustering_Protein4_BINARY_N320_old.wcnf,True,True,14733167.0,14733167.0,0.208796,0.449891,7.974472,8.710609
P0,correlation-clustering_wt-Rounded_CorrelationClustering_Protein4_UNARY_N250_old.wcnf,True,True,11103273.0,11103273.0,2.533845,2.739188,11.481845,13.203958
P0,correlation-clustering_wt-Rounded_CorrelationClustering_Vowel_BINARY_N700_D0.200_old.wcnf,True,True,75201247.0,75201247.0,2.389101,2.691811,2.576081,2.931271
P0,correlation-clustering_wt-Rounded_CorrelationClustering_Vowel_BINARY_N800_D0.200_old.wcnf,True,True,86276967.0,86276967.0,3.327337,4.211753,8.202637,9.138303
P0,decision-tree-anneal-un-formula_0.8_2021_atleast_31_max-4_reduced_incomplete_adaboost_3_old.wcnf,True,True,355.0,355.0,1.553209,1.831487,3.154289,3.413507
P0,decision-tree-anneal-un-formula_0.8_2021_atleast_31_max-4_reduced_incomplete_adaboost_5_old.wcnf,True,True,762.0,762.0,1.528031,1.727527,8.742101,8.810497
P0,decision-tree-australian-credit-un-formula_0.8_2021_atleast_31_max-4_reduced_incomplete_adaboost_5_old.wcnf,True,True,575.0,575.0,2.22725,2.137587,4.0739,3.916007
P0,decision-tree-heart-cleveland-un-formula_0.8_2021_atleast_127_max-6_reduced_incomplete_adaboost_2_old.wcnf,True,True,139.0,106.0,3.043973,7.960395,3.043973,39.315555
P0,decision-tree-heart-cleveland-un-formula_0.8_2021_atleast_15_max-3_reduced_incomplete_adaboost_4_old.wcnf,True,True,138.0,138.0,0.31645,0.440038,0.501206,0.621152
P0,decision-tree-heart-cleveland-un-formula_0.8_2021_atleast_31_max-4_reduced_incomplete_adaboost_4_old.wcnf,True,True,146.0,146.0,0.730533,1.021088,1.028816,1.315764
P0,decision-tree-heart-cleveland-un-formula_0.8_2021_atleast_31_max-4_reduced_incomplete_adaboost_6_old.wcnf,True,True,240.0,240.0,0.759052,1.097161,1.454042,1.803724
P0,decision-tree-primary-tumor-un-formula_0.8_2021_atleast_127_max-6_reduced_incomplete_adaboost_2_old.wcnf,True,True,113.0,113.0,3.559732,3.265365,5.835292,5.252855
P0,decision-tree-primary-tumor-un-formula_0.8_2021_atleast_127_max-6_reduced_incomplete_adaboost_4_old.wcnf,True,True,212.0,212.0,4.117007,3.101263,4.258837,3.229863
P0,decision-tree-primary-tumor-un-formula_0.8_2021_atleast_15_max-3_reduced_incomplete_adaboost_2_old.wcnf,True,True,84.0,84.0,0.138589,0.240096,4.743873,4.820331
P0,decision-tree-primary-tumor-un-formula_0.8_2021_atleast_31_max-4_reduced_incomplete_adaboost_4_old.wcnf,True,True,155.0,155.0,0.272315,0.304344,4.112743,4.129183
P0,decision-tree-primary-tumor-un-formula_0.8_2021_atleast_63_max-5_reduced_incomplete_adaboost_6_old.wcnf,True,True,338.0,338.0,0.812037,0.893711,1.644059,1.740924
P0,decision-tree-tic-tac-toe-un-formula_0.8_2021_atleast_15_max-3_reduced_incomplete_adaboost_2_old.wcnf,True,True,335.0,335.0,0.280565,0.280968,0.432684,0.424554
P0,decision-tree-tic-tac-toe-un-formula_0.8_2021_atleast_15_max-3_reduced_incomplete_adaboost_3_old.wcnf,True,True,443.0,443.0,0.324483,0.835355,0.400081,0.910692
P0,decision-tree-tic-tac-toe-un-formula_0.8_2021_atleast_31_max-4_reduced_incomplete_adaboost_2_old.wcnf,True,True,286.0,286.0,0.444517,0.909162,0.444517,0.909162
P0,drmx-cryptogen_wt-geffe128_7_old.wcnf,True,True,811.0,811.0,0.019867,0.598944,29.304254,29.875636
P0,generalized-ising_wt-IS11_5.0.5.0.0.5_softer_periodic_old.wcnf,True,True,112229069992697.0,112229069992697.0,0.051307,0.55679,0.668252,1.16922
P0,generalized-ising_wt-IS12_5.0.5.0.0.5_softer_periodic_old.wcnf,True,True,113171466486232.0,113171466486232.0,0.233224,0.261938,0.239781,0.268346
P0,generalized-ising_wt-IS13_5.0.5.0.0.5_softer_periodic_old.wcnf,True,True,119401387482250.0,119401387482250.0,0.081375,0.048767,0.085178,0.052083
P0,generalized-ising_wt-IS15_5.0.5.0.0.5_softer_periodic_old.wcnf,True,True,114658059944605.0,114658059944605.0,0.106127,0.035279,0.111152,0.039844
P0,generalized-ising_wt-IS16_5.0.5.0.0.5_softer_periodic_old.wcnf,True,True,115258059944605.0,115258059944605.0,0.381611,0.057938,6.466168,6.124863
P0,generalized-ising_wt-IS17_5.0.5.0.0.5_softer_periodic_old.wcnf,True,True,115902780531937.0,115902780531937.0,0.058803,0.054446,14.651764,14.420655
P0,generalized-ising_wt-IS20_5.0.5.0.0.5_softer_periodic_old.wcnf,True,True,119388436533623.0,119388436533623.0,0.079473,0.0451,0.120177,0.08499
P0,generalized-ising_wt-IS22_5.0.5.0.0.5_softer_periodic_old.wcnf,True,True,119112776308211.0,119112776308211.0,0.048958,0.06489,0.059808,0.075516
P0,generalized-ising_wt-IS23_5.0.5.0.0.5_softer_periodic_old.wcnf,True,True,118663520151734.0,118663520151734.0,0.050812,0.065379,0.113351,0.12635
P0,generalized-ising_wt-IS3_5.0.5.0.0.5_softer_periodic_old.wcnf,True,True,116804575996363.0,116804575996363.0,0.136658,0.034894,6.525039,6.358513
P0,generalized-ising_wt-IS4_5.0.5.0.0.5_softer_periodic_old.wcnf,True,True,115857504490177.0,115857504490177.0,0.080799,0.050751,0.119734,0.089585
P0,generalized-ising_wt-IS5_5.0.5.0.0.5_softer_periodic_old.wcnf,True,True,114843630201223.0,114843630201223.0,0.058437,0.063267,0.54742,0.544196
P0,generalized-ising_wt-IS6_5.0.5.0.0.5_softer_periodic_old.wcnf,True,True,113797656078091.0,113797656078091.0,0.05406,0.06438,0.125752,0.136464
P0,generalized-ising_wt-IS7_5.0.5.0.0.5_softer_periodic_old.wcnf,True,True,112706601923009.0,112706601923009.0,0.053455,0.058922,0.085407,0.090739
P0,generalized-ising_wt-IS9_5.0.5.0.0.5_softer_periodic_old.wcnf,True,True,110066981524169.0,110066981524169.0,0.078338,0.063238,0.115075,0.099997
P0,hs-timetabling_wt-BrazilInstance1.xml_old.wcnf,True,True,117.0,117.0,0.102949,0.089477,41.348795,41.192797
P0,hs-timetabling_wt-BrazilInstance2.xml_old.wcnf,True,True,149.0,149.0,0.231236,0.207982,50.061829,50.078641
P0,hs-timetabling_wt-BrazilInstance4.xml_old.wcnf,True,True,267.0,267.0,1.486495,1.373444,1.486495,1.373444
P0,hs-timetabling_wt-BrazilInstance5.xml_old.wcnf,True,True,490.0,490.0,1.216193,0.66735,29.200132,30.076273
P0,hs-timetabling_wt-BrazilInstance6.xml_old.wcnf,True,True,546.0,546.0,0.852152,0.83078,55.44878,58.361073
P0,hs-timetabling_wt-BrazilInstance7.xml_old.wcnf,True,True,889.0,889.0,1.143801,1.24401,49.743412,52.438921
P0,hs-timetabling_wt-FinlandSecondarySchool.xml_old.wcnf,True,True,817.0,817.0,1.51645,1.450941,1.51645,1.450941
P0,hs-timetabling_wt-ItalyInstance4.xml_old.wcnf,True,True,12143.0,12143.0,9.223397,9.822405,19.116237,21.547515
P0,judgment-aggregation-ja-kemeny-preflib-00049-00000300_old.wcnf,True,True,793.0,990.0,0.27009,0.229437,44.989536,57.737695
P0,judgment-aggregation-ja-kemeny-preflib-00049-00000334_old.wcnf,True,True,612.0,581.0,0.151844,0.142073,52.27211,51.947424
P0,judgment-aggregation-ja-kemeny-preflib-00049-00000451_old.wcnf,True,True,1020.0,1391.0,0.917298,0.867689,50.607433,59.917815
P0,judgment-aggregation-ja-kemeny-preflib-00049-00000454_old.wcnf,True,True,715.0,702.0,0.291752,0.300412,57.87245,54.863372
P0,judgment-aggregation-ja-kemeny-preflib-00051-00000011_old.wcnf,True,True,779.0,780.0,1.490124,1.363111,58.898048,46.284909
P0,max-realizability_wt-power-distribution_11_7_old.wcnf,True,True,126.0,126.0,0.534698,0.530521,1.179387,1.237398
P0,max-realizability_wt-power-distribution_12_8_old.wcnf,True,True,216.0,216.0,1.314513,1.339244,1.783352,1.858031
P0,max-realizability_wt-robot-navigation_10_old.wcnf,True,True,39.0,39.0,10.870491,10.996081,10.870491,10.996081
P0,metro_wt-metro_8_8_5_20_10_6_500_1_3.lp.sm-extracted_old.wcnf,True,True,215.0,215.0,6.37451,6.455057,10.40372,10.479477
P0,mpe_wt-random-net-50-5_network-8.net_old.wcnf,True,True,48330.0,66128.0,0.074281,0.011992,33.219044,26.59883
P0,pseudoBoolean_wt-normalized-mps-v2-20-10-sentoy.opb.msat_old.wcnf,True,True,9460.0,9460.0,0.261517,0.0431,0.261517,0.0431
P0,railway-transport_wt-bf2030fvslack_old.wcnf,True,True,561747.0,264754.0,58.007234,18.838058,58.007234,20.697098
P0,railway-transport_wt-f2030_old.wcnf,True,True,6979.0,6940.0,9.488085,2.905119,59.720215,59.990009
P0,railway-transport_wt-r11_old.wcnf,True,True,73964834.0,68097505.0,54.235723,20.790232,59.981823,34.329032
P0,railway-transport_wt-wg2_old.wcnf,True,True,866.0,882.0,13.894965,12.426258,41.007915,59.179608
P0,ramsey_wt-ram_k3_n14.ra1_old.wcnf,True,True,3025.0,3025.0,0.072657,0.002151,0.563721,0.487861
P0,ramsey_wt-ram_k3_n16.ra1_old.wcnf,True,True,7271.0,7271.0,0.026102,0.002862,0.465915,0.443837
P0,ramsey_wt-ram_k3_n19.ra1_old.wcnf,True,True,20665.0,20665.0,0.047509,0.004745,1.241751,1.196203
P0,ramsey_wt-ram_k4_n19.ra1_old.wcnf,True,True,1240.0,1240.0,0.096689,0.006928,8.120485,8.03582
P0,relational-inference_wt-pa-1_old.wcnf,True,True,8282.0,8282.0,4.687011,2.807897,7.158971,5.181937
P0,relational-inference_wt-pa-2_old.wcnf,True,True,3093.0,3093.0,38.679657,31.708374,38.753257,31.777174
P0,relational-inference_wt-pa-3_old.wcnf,True,True,2967.0,2967.0,34.577939,28.238511,57.496739,48.982811
P0,setcover_wt-rail2536_old.wcnf,True,True,2147034.0,2147034.0,1.167363,0.678915,1.167363,0.678915
P0,setcover_wt-rail4284_old.wcnf,True,True,2119198.0,2119198.0,1.060235,0.68412,1.060235,0.68412
P0,setcover_wt-rail4872_old.wcnf,True,True,1873139.0,1873139.0,2.159458,0.546821,2.159458,0.546821
P0,setcover_wt-rail507_old.wcnf,True,True,220.0,228.0,15.965565,2.847338,41.523105,12.364048
P0,shiftdesign_wt-limits-10-10_data-1_inst-084_30m.sm-extracted_old.wcnf,True,True,49932711.0,49932711.0,10.988424,8.302934,10.988424,8.302934
P0,shiftdesign_wt-limits-10-10_data-1_inst-137_30m.sm-extracted_old.wcnf,True,True,17244442.0,17244442.0,4.440402,3.775471,4.440402,3.775471
P0,shiftdesign_wt-limits-10-10_data-1_inst-182_30m.sm-extracted_old.wcnf,True,True,30573006.0,30573006.0,9.468072,7.497166,9.468072,7.497166
P0,shiftdesign_wt-limits-10-10_data-2_inst-003_30m.sm-extracted_old.wcnf,True,True,41321652.0,41321652.0,11.49043,7.637503,11.49043,7.637503
P0,shiftdesign_wt-limits-10-10_data-2_inst-025_30m.sm-extracted_old.wcnf,True,True,56212258.0,56212258.0,11.537841,9.839896,11.537841,9.839896
P0,shiftdesign_wt-limits-10-10_data-2_inst-030_30m.sm-extracted_old.wcnf,True,True,122128224.0,122128224.0,22.926491,19.954389,22.926491,19.954389
P0,shiftdesign_wt-limits-10-10_data-3_inst-002_30m.sm-extracted_old.wcnf,True,True,35896155.0,35896155.0,7.987121,6.749631,7.987121,6.749631
P0,shiftdesign_wt-limits-10-10_data-3_inst-003_30m.sm-extracted_old.wcnf,True,True,28190618.0,28190618.0,6.261324,4.682406,6.261324,4.682406
P0,shiftdesign_wt-limits-10-10_data-4_inst-003_60m.sm-extracted_old.wcnf,True,True,87521039.0,87521039.0,17.375027,11.489911,17.375027,11.489911
P0,spot5_wt-1401.wcsp.log_old.wcnf,True,True,468096.0,470097.0,0.028258,0.015165,7.602884,52.685139
P0,spot5_wt-1403.wcsp.dir_old.wcnf,True,True,477264.0,490264.0,0.075754,0.015776,0.144338,13.772715
P0,spot5_wt-1403.wcsp.log_old.wcnf,True,True,469238.0,472240.0,0.075896,0.018839,34.774426,44.590368
P0,spot5_wt-1405.wcsp.dir_old.wcnf,True,True,475458.0,482447.0,0.143778,0.023432,0.334534,45.024694
P0,spot5_wt-1506.wcsp.log_old.wcnf,True,True,360527.0,365524.0,0.050051,0.024359,34.504252,43.652776
P0,spot5_wt-5.wcsp.log_old.wcnf,True,True,270.0,270.0,0.045271,0.013404,0.050523,19.680691
P0,staff-scheduling_wt-instance10_old.wcnf,True,True,6550.0,6550.0,2.555672,2.46414,57.699272,57.93424
P0,staff-scheduling_wt-instance11_old.wcnf,True,True,3653.0,3653.0,1.199861,1.059704,22.795963,22.29598
P0,staff-scheduling_wt-instance12_old.wcnf,True,True,7671.0,7138.0,4.145644,3.590727,13.842314,59.028567
P0,staff-scheduling_wt-instance2_old.wcnf,True,True,838.0,838.0,0.036385,0.01747,3.616591,3.620716
P0,staff-scheduling_wt-instance3_old.wcnf,True,True,1026.0,1026.0,0.105129,0.047761,15.43724,15.068736
P0,staff-scheduling_wt-instance4_old.wcnf,True,True,1740.0,1740.0,0.093881,0.026855,41.333579,40.670945
P0,staff-scheduling_wt-instance5_old.wcnf,True,True,1287.0,1287.0,0.130588,0.075117,25.431748,25.481789
P0,staff-scheduling_wt-instance6_old.wcnf,True,True,2081.0,2081.0,0.141338,0.090393,10.601762,10.53618
P0,staff-scheduling_wt-instance7_old.wcnf,True,True,1178.0,1178.0,0.216248,0.117027,46.44659,45.59386
P0,staff-scheduling_wt-instance8_old.wcnf,True,True,2848.0,2848.0,0.687515,0.538194,20.639971,18.18191
P0,staff-scheduling_wt-instance9_old.wcnf,True,True,2161.0,2142.0,1.848458,1.571266,47.606658,58.322787
P0,switchingactivitymaximization-SwitchingActivityMaximization_OpenRISC1200_100_old.wcnf,True,True,392.0,392.0,1.088075,0.764238,1.088075,0.764238
P0,switchingactivitymaximization-SwitchingActivityMaximization_OpenRISC1200_150_old.wcnf,True,True,528.0,528.0,1.231364,0.765433,1.231364,0.765433
P0,switchingactivitymaximization-SwitchingActivityMaximization_OpenRISC1200_200_old.wcnf,True,True,602.0,602.0,2.059893,0.762423,2.059893,0.762423
P0,switchingactivitymaximization-SwitchingActivityMaximization_OpenRISC1200_66_old.wcnf,True,True,228.0,228.0,2.321311,0.76544,2.321311,0.76544
P0,switchingactivitymaximization-SwitchingActivityMaximization_OpenRISC1200_68_old.wcnf,True,True,193.0,193.0,1.591115,0.767542,1.591115,0.767542
P0,switchingactivitymaximization-SwitchingActivityMaximization_OpenRISC1200_70_old.wcnf,True,True,240.0,240.0,1.483199,0.799331,1.483199,0.799331
P0,switchingactivitymaximization-SwitchingActivityMaximization_OpenRISC1200_72_old.wcnf,True,True,202.0,202.0,1.982442,0.766147,1.982442,0.766147
P0,switchingactivitymaximization-SwitchingActivityMaximization_OpenRISC1200_80_old.wcnf,True,True,306.0,306.0,2.450808,0.761362,2.450808,0.761362
P0,switchingactivitymaximization-SwitchingActivityMaximization_OpenRISC1200_90_old.wcnf,True,True,283.0,283.0,6.267462,0.767042,6.267462,0.767042
P0,tcp_wt-tcp_students_112_it_2_old.wcnf,True,True,3699.0,3699.0,1.227663,0.242383,44.964902,43.167861
P0,timetabling_wt-comp02_old.wcnf,True,True,136.0,136.0,1.846114,0.822236,9.246761,8.105253
P0,timetabling_wt-comp09_old.wcnf,True,True,135.0,135.0,1.37508,0.812128,27.184037,27.229168
P0,timetabling_wt-comp12_old.wcnf,True,True,560.0,555.0,1.452485,0.618664,33.581973,58.926934
P0,timetabling_wt-dds4_old.wcnf,False,False,,,,,,
P05,MaxSATQueriesinInterpretableClassifiers_wt-credit_train_8_CNF_5_20_old.wcnf,True,True,96480.0,96203.0,15.021479,14.049634,43.861201,20.090111
P05,MaxSATQueriesinInterpretableClassifiers_wt-pima_train_6_CNF_3_20_old.wcnf,True,True,3310.0,3290.0,0.044567,0.008589,33.395268,14.635176
P05,MaxSATQueriesinInterpretableClassifiers_wt-toms_test_2_CNF_3_20_old.wcnf,True,True,195.0,195.0,0.609756,0.524966,7.252474,6.965238
P05,MinimumWeightDominatingSetProblem_wt-bn-human-BNU_1_0025865_session_1-bg_old.wcnf,True,True,140539244.0,140539244.0,6.239282,3.819404,6.239282,3.819404
P05,MinimumWeightDominatingSetProblem_wt-channel-500x100x100-b050_old.wcnf,True,True,478624478.0,478245864.0,21.004552,18.676486,60.487852,61.346686
P05,MinimumWeightDominatingSetProblem_wt-delaunay_n24_old.wcnf,True,True,1685918983.0,1686108752.0,50.026828,14.635854,62.178028,14.635854
P05,MinimumWeightDominatingSetProblem_wt-hugebubbles-00020_old.wcnf,True,True,2130406259.0,2130406259.0,31.237817,19.96881,31.237817,19.96881
P05,MinimumWeightDominatingSetProblem_wt-inf-road-usa_old.wcnf,True,True,2406704625.0,2406515295.0,26.741276,46.659758,26.741276,62.212458
P05,MinimumWeightDominatingSetProblem_wt-rgg_n_2_24_s0_old.wcnf,True,True,1686108752.0,1686108752.0,45.573177,20.92007,45.573177,20.92007
P05,MinimumWeightDominatingSetProblem_wt-sc-rel9_old.wcnf,True,True,593056574.0,592487432.0,35.612281,30.001789,61.275281,62.188089
P05,MinimumWeightDominatingSetProblem_wt-soc-livejournal-user-groups_old.wcnf,True,True,752647274.0,752647274.0,26.920119,16.517704,26.920119,16.517704
P05,MinimumWeightDominatingSetProblem_wt-web-wikipedia2009_old.wcnf,True,True,174611880.0,35092853.0,11.480486,9.410864,60.605716,12.362514
P05,ParametricRBACMaintenance_mse20_wt-role_domino_multiple_0.1_8_old.wcnf,True,True,47682.0,46006.0,2.163202,1.746566,12.370532,12.975966
P05,ParametricRBACMaintenance_mse20_wt-role_domino_multiple_0.2_0_old.wcnf,True,True,74189.0,70356.0,2.160493,1.908604,9.582683,13.069524
P05,ParametricRBACMaintenance_mse20_wt-role_domino_multiple_0.5_1_old.wcnf,True,True,144463.0,144463.0,3.119143,1.959074,10.266053,7.219874
P05,ParametricRBACMaintenance_mse20_wt-role_domino_multiple_0.6_8_old.wcnf,True,True,159871.0,159871.0,2.134829,1.786203,11.652069,10.654083
P05,ParametricRBACMaintenance_mse20_wt-role_smallcomp_multiple_0.7_2_old.wcnf,True,True,277373.0,277499.0,12.558033,12.517905,58.706988,29.369676
P05,ParametricRBACMaintenance_mse20_wt-role_smallcomp_multiple_0.7_6_old.wcnf,True,True,252179.0,252179.0,0.029064,0.009787,3.486914,3.508951
P05,ParametricRBACMaintenance_mse20_wt-role_smallcomp_multiple_0.8_1_old.wcnf,True,True,350793.0,350793.0,0.027103,0.009209,10.317219,10.327564
P05,ParametricRBACMaintenance_mse20_wt-role_smallcomp_multiple_0.9_6_old.wcnf,True,True,282321.0,282321.0,0.051007,0.009726,0.191686,0.151175
P05,ParametricRBACMaintenance_mse20_wt-role_university_multiple_0.1_1_old.wcnf,True,True,63653.0,63134.0,2.951354,2.565325,11.422634,13.188075
P05,ParametricRBACMaintenance_mse20_wt-role_university_multiple_0.4_7_old.wcnf,True,True,234414.0,234414.0,4.696812,3.553806,11.854412,9.060596
P05,ParametricRBACMaintenance_mse20_wt-role_university_multiple_0.5_4_old.wcnf,True,True,215348.0,215348.0,3.291607,2.410567,13.458707,9.862937
P05,ParametricRBACMaintenance_mse20_wt-role_university_multiple_0.5_5_old.wcnf,True,True,198362.0,198362.0,3.076692,2.803132,12.371532,10.723712
P05,ParametricRBACMaintenance_mse20_wt-role_university_multiple_0.5_7_old.wcnf,True,True,263585.0,263585.0,3.979872,3.565055,9.758902,8.402365
P05,abstraction-refinement_wt-downcast-antlr_old.wcnf,True,True,79566.0,78873.0,9.610021,20.506279,9.610021,22.924329
P05,abstraction-refinement_wt-downcast-avrora_old.wcnf,True,True,49759.0,49759.0,14.415457,14.621788,18.520547,18.717908
P05,abstraction-refinement_wt-downcast-hsqldb_old.wcnf,True,True,32293.0,32293.0,31.648643,30.52201,40.549243,39.14321
P05,abstraction-refinement_wt-downcast-pmd_old.wcnf,True,True,6287.0,6287.0,31.192836,30.766332,41.553736,40.441832
P05,abstraction-refinement_wt-downcast-xalan_old.wcnf,True,True,65593.0,65591.0,16.6016,19.967003,59.13149,41.444733
P05,abstraction-refinement_wt-polysite-avrora_old.wcnf,True,True,55020.0,55020.0,16.46761,13.996227,20.44499,17.953317
P05,abstraction-refinement_wt-polysite-bloat_old.wcnf,True,True,2397.0,2950.0,45.862395,47.428568,61.341495,60.175068
P05,abstraction-refinement_wt-polysite-hsqldb_old.wcnf,True,True,177778.0,175624.0,14.378859,36.63633,14.378859,45.84333
P05,abstraction-refinement_wt-polysite-pmd_old.wcnf,True,True,190826.0,190826.0,26.473427,27.8094,34.166027,34.7226
P05,abstraction-refinement_wt-polysite-xalan_old.wcnf,True,True,117742.0,117742.0,22.222937,19.88908,27.096837,24.8038
P05,causal-discovery_wt-causal_Link_10_10000_old.wcnf,True,True,39112847.0,39112847.0,3.546758,3.185868,14.887858,14.370718
P05,causal-discovery_wt-causal_Link_10_1000_old.wcnf,True,True,33562494.0,33562494.0,3.653289,3.197406,30.145389,53.718536
P05,causal-discovery_wt-causal_Link_9_100_old.wcnf,True,True,3242187.0,3242187.0,1.996114,0.497153,1.996114,0.497153
P05,causal-discovery_wt-causal_Mushroom_7_1000_old.wcnf,True,True,9414169.0,9384011.0,0.1554,0.133941,17.869041,13.921748
P05,causal-discovery_wt-causal_Pigs_6_1000_old.wcnf,True,True,35110976.0,35110976.0,0.604325,0.176928,0.604325,0.176928
P05,causal-discovery_wt-causal_Water_10_1000_old.wcnf,True,True,45193159.0,45193159.0,3.237911,3.182839,11.619061,11.309639
P05,causal-discovery_wt-causal_alarm_9_1000_old.wcnf,True,True,36049513.0,13804978.0,1.268197,1.152946,10.24051,34.951538
P05,causal-discovery_wt-causal_carpo_8_1000_old.wcnf,True,True,2244087.0,2244087.0,0.460445,0.402981,59.12291,16.043941
P05,correlation-clustering_wt-Rounded_CorrelationClustering_Ionosphere_BINARY_N260_D0.200_old.wcnf,True,True,7014701.0,7014701.0,0.449744,0.42425,7.573165,7.389826
P05,correlation-clustering_wt-Rounded_CorrelationClustering_Protein1_UNARY_N290_old.wcnf,True,True,32090014.0,32090014.0,4.987195,4.948018,6.811545,6.720438
P05,correlation-clustering_wt-Rounded_CorrelationClustering_Protein2_BINARY_N220_old.wcnf,True,True,14004102.0,14004102.0,0.195893,0.154744,8.168712,8.123262
P05,correlation-clustering_wt-Rounded_CorrelationClustering_Protein2_BINARY_N240_old.wcnf,True,True,16116883.0,16116883.0,0.206399,0.182166,8.4641,8.352089
P05,correlation-clustering_wt-Rounded_CorrelationClustering_Protein2_BINARY_N380_old.wcnf,True,True,39198852.0,39198852.0,0.516161,0.476677,12.039557,11.618445
P05,correlation-clustering_wt-Rounded_CorrelationClustering_Protein2_UNARY_N220_old.wcnf,True,True,21300102.0,21300102.0,2.815447,2.564906,3.672867,3.390796
P05,correlation-clustering_wt-Rounded_CorrelationClustering_Protein3_TRANSITIVE_N280_old.wcnf,True,True,185255761.0,185004959.0,9.352062,8.94668,30.006912,27.36642
P05,correlation-clustering_wt-Rounded_CorrelationClustering_Protein3_UNARY_N220_old.wcnf,True,True,19154505.0,19154505.0,2.514262,2.463647,4.591722,4.456497
P05,correlation-clustering_wt-Rounded_CorrelationClustering_Protein4_BINARY_N320_old.wcnf,True,True,14733167.0,14733167.0,0.208796,0.181884,7.974472,7.669001
P05,correlation-clustering_wt-Rounded_CorrelationClustering_Protein4_UNARY_N250_old.wcnf,True,True,11103273.0,11103273.0,2.533845,2.241127,11.481845,10.825967
P05,correlation-clustering_wt-Rounded_CorrelationClustering_Vowel_BINARY_N700_D0.200_old.wcnf,True,True,75201247.0,75201247.0,2.389101,2.260105,2.576081,2.423595
P05,correlation-clustering_wt-Rounded_CorrelationClustering_Vowel_BINARY_N800_D0.200_old.wcnf,True,True,86276967.0,86276967.0,3.327337,3.223698,8.202637,7.750638
P05,decision-tree-anneal-un-formula_0.8_2021_atleast_31_max-4_reduced_incomplete_adaboost_3_old.wcnf,True,True,355.0,355.0,1.553209,1.411126,3.154289,2.937406
P05,decision-tree-anneal-un-formula_0.8_2021_atleast_31_max-4_reduced_incomplete_adaboost_5_old.wcnf,True,True,762.0,762.0,1.528031,1.394167,8.742101,7.911647
P05,decision-tree-australian-credit-un-formula_0.8_2021_atleast_31_max-4_reduced_incomplete_adaboost_5_old.wcnf,True,True,575.0,575.0,2.22725,1.95657,4.0739,3.69691
P05,decision-tree-heart-cleveland-un-formula_0.8_2021_atleast_127_max-6_reduced_incomplete_adaboost_2_old.wcnf,True,True,139.0,72.0,3.043973,8.149702,3.043973,8.202742
P05,decision-tree-heart-cleveland-un-formula_0.8_2021_atleast_15_max-3_reduced_incomplete_adaboost_4_old.wcnf,True,True,138.0,138.0,0.31645,0.281921,0.501206,0.463215
P05,decision-tree-heart-cleveland-un-formula_0.8_2021_atleast_31_max-4_reduced_incomplete_adaboost_4_old.wcnf,True,True,146.0,146.0,0.730533,0.650815,1.028816,0.937031
P05,decision-tree-heart-cleveland-un-formula_0.8_2021_atleast_31_max-4_reduced_incomplete_adaboost_6_old.wcnf,True,True,240.0,240.0,0.759052,0.673363,1.454042,1.365425
P05,decision-tree-primary-tumor-un-formula_0.8_2021_atleast_127_max-6_reduced_incomplete_adaboost_2_old.wcnf,True,True,113.0,113.0,3.559732,2.807494,5.835292,4.744204
P05,decision-tree-primary-tumor-un-formula_0.8_2021_atleast_127_max-6_reduced_incomplete_adaboost_4_old.wcnf,True,True,212.0,212.0,4.117007,2.809197,4.258837,2.934617
P05,decision-tree-primary-tumor-un-formula_0.8_2021_atleast_15_max-3_reduced_incomplete_adaboost_2_old.wcnf,True,True,84.0,84.0,0.138589,0.100056,4.743873,4.716792
P05,decision-tree-primary-tumor-un-formula_0.8_2021_atleast_31_max-4_reduced_incomplete_adaboost_4_old.wcnf,True,True,155.0,155.0,0.272315,0.245474,4.112743,4.024351
P05,decision-tree-primary-tumor-un-formula_0.8_2021_atleast_63_max-5_reduced_incomplete_adaboost_6_old.wcnf,True,True,338.0,338.0,0.812037,0.758995,1.644059,1.59209
P05,decision-tree-tic-tac-toe-un-formula_0.8_2021_atleast_15_max-3_reduced_incomplete_adaboost_2_old.wcnf,True,True,335.0,335.0,0.280565,0.214824,0.432684,0.3556
P05,decision-tree-tic-tac-toe-un-formula_0.8_2021_atleast_15_max-3_reduced_incomplete_adaboost_3_old.wcnf,True,True,443.0,443.0,0.324483,0.244344,0.400081,0.319366
P05,decision-tree-tic-tac-toe-un-formula_0.8_2021_atleast_31_max-4_reduced_incomplete_adaboost_2_old.wcnf,True,True,286.0,286.0,0.444517,0.376318,0.444517,0.376318
P05,drmx-cryptogen_wt-geffe128_7_old.wcnf,True,True,811.0,811.0,0.019867,0.006709,29.304254,29.264104
P05,generalized-ising_wt-IS11_5.0.5.0.0.5_softer_periodic_old.wcnf,True,True,112229069992697.0,112229069992697.0,0.051307,0.034669,0.668252,0.652036
P05,generalized-ising_wt-IS12_5.0.5.0.0.5_softer_periodic_old.wcnf,True,True,113171466486232.0,113171466486232.0,0.233224,0.033707,0.239781,0.040184
P05,generalized-ising_wt-IS13_5.0.5.0.0.5_softer_periodic_old.wcnf,True,True,119401387482250.0,119401387482250.0,0.081375,0.033541,0.085178,0.036878
P05,generalized-ising_wt-IS15_5.0.5.0.0.5_softer_periodic_old.wcnf,True,True,114658059944605.0,114658059944605.0,0.106127,0.033414,0.111152,0.037877
P05,generalized-ising_wt-IS16_5.0.5.0.0.5_softer_periodic_old.wcnf,True,True,115258059944605.0,115258059944605.0,0.381611,0.033982,6.466168,5.967273
P05,generalized-ising_wt-IS17_5.0.5.0.0.5_softer_periodic_old.wcnf,True,True,115902780531937.0,115902780531937.0,0.058803,0.035375,14.651764,14.452085
P05,generalized-ising_wt-IS20_5.0.5.0.0.5_softer_periodic_old.wcnf,True,True,119388436533623.0,119388436533623.0,0.079473,0.033406,0.120177,0.072542
P05,generalized-ising_wt-IS22_5.0.5.0.0.5_softer_periodic_old.wcnf,True,True,119112776308211.0,119112776308211.0,0.048958,0.033637,0.059808,0.044451
P05,generalized-ising_wt-IS23_5.0.5.0.0.5_softer_periodic_old.wcnf,True,True,118663520151734.0,118663520151734.0,0.050812,0.033255,0.113351,0.093006
P05,generalized-ising_wt-IS3_5.0.5.0.0.5_softer_periodic_old.wcnf,True,True,116804575996363.0,116804575996363.0,0.136658,0.034129,6.525039,6.37676
P05,generalized-ising_wt-IS4_5.0.5.0.0.5_softer_periodic_old.wcnf,True,True,115857504490177.0,115857504490177.0,0.080799,0.03334,0.119734,0.071413
P05,generalized-ising_wt-IS5_5.0.5.0.0.5_softer_periodic_old.wcnf,True,True,114843630201223.0,114843630201223.0,0.058437,0.033262,0.54742,0.512919
P05,generalized-ising_wt-IS6_5.0.5.0.0.5_softer_periodic_old.wcnf,True,True,113797656078091.0,113797656078091.0,0.05406,0.033261,0.125752,0.105535
P05,generalized-ising_wt-IS7_5.0.5.0.0.5_softer_periodic_old.wcnf,True,True,112706601923009.0,112706601923009.0,0.053455,0.033603,0.085407,0.06509
P05,generalized-ising_wt-IS9_5.0.5.0.0.5_softer_periodic_old.wcnf,True,True,110066981524169.0,110066981524169.0,0.078338,0.033355,0.115075,0.069896
P05,hs-timetabling_wt-BrazilInstance1.xml_old.wcnf,True,True,117.0,117.0,0.102949,0.088042,41.348795,41.105132
P05,hs-timetabling_wt-BrazilInstance2.xml_old.wcnf,True,True,149.0,149.0,0.231236,0.206393,50.061829,49.526762
P05,hs-timetabling_wt-BrazilInstance4.xml_old.wcnf,True,True,267.0,267.0,1.486495,1.330743,1.486495,1.330743
P05,hs-timetabling_wt-BrazilInstance5.xml_old.wcnf,True,True,490.0,490.0,1.216193,0.554951,29.200132,28.461484
P05,hs-timetabling_wt-BrazilInstance6.xml_old.wcnf,True,True,546.0,546.0,0.852152,0.778225,55.44878,54.325046
P05,hs-timetabling_wt-BrazilInstance7.xml_old.wcnf,True,True,889.0,889.0,1.143801,1.012489,49.743412,48.272045
P05,hs-timetabling_wt-FinlandSecondarySchool.xml_old.wcnf,True,True,817.0,817.0,1.51645,1.392469,1.51645,1.392469
P05,hs-timetabling_wt-ItalyInstance4.xml_old.wcnf,True,True,12143.0,12143.0,9.223397,8.49856,19.116237,18.00486
P05,judgment-aggregation-ja-kemeny-preflib-00049-00000300_old.wcnf,True,True,793.0,844.0,0.27009,0.223509,44.989536,21.356195
P05,judgment-aggregation-ja-kemeny-preflib-00049-00000334_old.wcnf,True,True,612.0,577.0,0.151844,0.109413,52.27211,14.313915
P05,judgment-aggregation-ja-kemeny-preflib-00049-00000451_old.wcnf,True,True,1020.0,1015.0,0.917298,0.831606,50.607433,33.408745
P05,judgment-aggregation-ja-kemeny-preflib-00049-00000454_old.wcnf,True,True,715.0,702.0,0.291752,0.269521,57.87245,48.133584
P05,judgment-aggregation-ja-kemeny-preflib-00051-00000011_old.wcnf,True,True,779.0,767.0,1.490124,1.293327,58.898048,38.657068
P05,max-realizability_wt-power-distribution_11_7_old.wcnf,True,True,126.0,126.0,0.534698,0.511043,1.179387,1.137489
P05,max-realizability_wt-power-distribution_12_8_old.wcnf,True,True,216.0,216.0,1.314513,1.194871,1.783352,1.65847
P05,max-realizability_wt-robot-navigation_10_old.wcnf,True,True,39.0,39.0,10.870491,10.577686,10.870491,10.577686
P05,metro_wt-metro_8_8_5_20_10_6_500_1_3.lp.sm-extracted_old.wcnf,True,True,215.0,215.0,6.37451,6.292349,10.40372,10.275349
P05,mpe_wt-random-net-50-5_network-8.net_old.wcnf,True,True,48330.0,47986.0,0.074281,0.012475,33.219044,9.422126
P05,pseudoBoolean_wt-normalized-mps-v2-20-10-sentoy.opb.msat_old.wcnf,True,True,9460.0,9460.0,0.261517,0.041721,0.261517,0.041721
P05,railway-transport_wt-bf2030fvslack_old.wcnf,True,True,561747.0,264694.0,58.007234,18.35497,58.007234,55.92036
P05,railway-transport_wt-f2030_old.wcnf,True,True,6979.0,6909.0,9.488085,2.824856,59.720215,49.809366
P05,railway-transport_wt-r11_old.wcnf,True,True,73964834.0,68409438.0,54.235723,18.273162,59.981823,59.180062
P05,railway-transport_wt-wg2_old.wcnf,True,True,866.0,974.0,13.894965,11.411517,41.007915,59.642617
P05,ramsey_wt-ram_k3_n14.ra1_old.wcnf,True,True,3025.0,3025.0,0.072657,0.002037,0.563721,0.488742
P05,ramsey_wt-ram_k3_n16.ra1_old.wcnf,True,True,7271.0,7271.0,0.026102,0.002715,0.465915,0.44593
P05,ramsey_wt-ram_k3_n19.ra1_old.wcnf,True,True,20665.0,20665.0,0.047509,0.004531,1.241751,1.191283
P05,ramsey_wt-ram_k4_n19.ra1_old.wcnf,True,True,1240.0,1240.0,0.096689,0.006797,8.120485,8.049155
P05,relational-inference_wt-pa-1_old.wcnf,True,True,8282.0,8282.0,4.687011,2.728884,7.158971,5.242084
P05,relational-inference_wt-pa-2_old.wcnf,True,True,3093.0,3093.0,38.679657,30.886803,38.753257,30.958203
P05,relational-inference_wt-pa-3_old.wcnf,True,True,2967.0,2967.0,34.577939,27.479998,57.496739,47.861598
P05,setcover_wt-rail2536_old.wcnf,True,True,2147034.0,2147034.0,1.167363,0.66666,1.167363,0.66666
P05,setcover_wt-rail4284_old.wcnf,True,True,2119198.0,2119198.0,1.060235,0.681635,1.060235,0.681635
P05,setcover_wt-rail4872_old.wcnf,True,True,1873139.0,1873139.0,2.159458,0.554695,2.159458,0.554695
P05,setcover_wt-rail507_old.wcnf,True,True,220.0,228.0,15.965565,2.815453,41.523105,12.315673
P05,shiftdesign_wt-limits-10-10_data-1_inst-084_30m.sm-extracted_old.wcnf,True,True,49932711.0,49932711.0,10.988424,8.415762,10.988424,8.415762
P05,shiftdesign_wt-limits-10-10_data-1_inst-137_30m.sm-extracted_old.wcnf,True,True,17244442.0,17244442.0,4.440402,3.734791,4.440402,3.734791
P05,shiftdesign_wt-limits-10-10_data-1_inst-182_30m.sm-extracted_old.wcnf,True,True,30573006.0,30573006.0,9.468072,7.459749,9.468072,7.459749
P05,shiftdesign_wt-limits-10-10_data-2_inst-003_30m.sm-extracted_old.wcnf,True,True,41321652.0,41321652.0,11.49043,7.630896,11.49043,7.630896
P05,shiftdesign_wt-limits-10-10_data-2_inst-025_30m.sm-extracted_old.wcnf,True,True,56212258.0,56212258.0,11.537841,9.745924,11.537841,9.745924
P05,shiftdesign_wt-limits-10-10_data-2_inst-030_30m.sm-extracted_old.wcnf,True,True,122128224.0,122128224.0,22.926491,19.850446,22.926491,19.850446
P05,shiftdesign_wt-limits-10-10_data-3_inst-002_30m.sm-extracted_old.wcnf,True,True,35896155.0,35896155.0,7.987121,6.151088,7.987121,6.151088
P05,shiftdesign_wt-limits-10-10_data-3_inst-003_30m.sm-extracted_old.wcnf,True,True,28190618.0,28190618.0,6.261324,4.643097,6.261324,4.643097
P05,shiftdesign_wt-limits-10-10_data-4_inst-003_60m.sm-extracted_old.wcnf,True,True,87521039.0,87521039.0,17.375027,11.387702,17.375027,11.387702
P05,spot5_wt-1401.wcsp.log_old.wcnf,True,True,468096.0,465097.0,0.028258,0.01462,7.602884,58.349128
P05,spot5_wt-1403.wcsp.dir_old.wcnf,True,True,477264.0,475253.0,0.075754,0.015545,0.144338,36.433866
P05,spot5_wt-1403.wcsp.log_old.wcnf,True,True,469238.0,468242.0,0.075896,0.018617,34.774426,33.386027
P05,spot5_wt-1405.wcsp.dir_old.wcnf,True,True,475458.0,482438.0,0.143778,0.023043,0.334534,20.3532
P05,spot5_wt-1506.wcsp.log_old.wcnf,True,True,360527.0,364522.0,0.050051,0.023734,34.504252,8.340986
P05,spot5_wt-5.wcsp.log_old.wcnf,True,True,270.0,268.0,0.045271,0.013192,0.050523,0.016054
P05,staff-scheduling_wt-instance10_old.wcnf,True,True,6550.0,6550.0,2.555672,2.446405,57.699272,57.184565
P05,staff-scheduling_wt-instance11_old.wcnf,True,True,3653.0,3653.0,1.199861,1.05791,22.795963,22.247046
P05,staff-scheduling_wt-instance12_old.wcnf,True,True,7671.0,7138.0,4.145644,3.588151,13.842314,58.313031
P05,staff-scheduling_wt-instance2_old.wcnf,True,True,838.0,838.0,0.036385,0.016724,3.616591,3.567759
P05,staff-scheduling_wt-instance3_old.wcnf,True,True,1026.0,1026.0,0.105129,0.047446,15.43724,15.143227
P05,staff-scheduling_wt-instance4_old.wcnf,True,True,1740.0,1740.0,0.093881,0.026405,41.333579,40.660599
P05,staff-scheduling_wt-instance5_old.wcnf,True,True,1287.0,1287.0,0.130588,0.074083,25.431748,25.258267
P05,staff-scheduling_wt-instance6_old.wcnf,True,True,2081.0,2081.0,0.141338,0.090862,10.601762,10.621307
P05,staff-scheduling_wt-instance7_old.wcnf,True,True,1178.0,1178.0,0.216248,0.115975,46.44659,45.76884
P05,staff-scheduling_wt-instance8_old.wcnf,True,True,2848.0,2848.0,0.687515,0.53837,20.639971,18.332165
P05,staff-scheduling_wt-instance9_old.wcnf,True,True,2161.0,2142.0,1.848458,1.559017,47.606658,58.196488
P05,switchingactivitymaximization-SwitchingActivityMaximization_OpenRISC1200_100_old.wcnf,True,True,392.0,392.0,1.088075,0.761948,1.088075,0.761948
P05,switchingactivitymaximization-SwitchingActivityMaximization_OpenRISC1200_150_old.wcnf,True,True,528.0,528.0,1.231364,0.757157,1.231364,0.757157
P05,switchingactivitymaximization-SwitchingActivityMaximization_OpenRISC1200_200_old.wcnf,True,True,602.0,602.0,2.059893,0.758699,2.059893,0.758699
P05,switchingactivitymaximization-SwitchingActivityMaximization_OpenRISC1200_66_old.wcnf,True,True,228.0,228.0,2.321311,0.761447,2.321311,0.761447
P05,switchingactivitymaximization-SwitchingActivityMaximization_OpenRISC1200_68_old.wcnf,True,True,193.0,193.0,1.591115,0.768015,1.591115,0.768015
P05,switchingactivitymaximization-SwitchingActivityMaximization_OpenRISC1200_70_old.wcnf,True,True,240.0,240.0,1.483199,0.758281,1.483199,0.758281
P05,switchingactivitymaximization-SwitchingActivityMaximization_OpenRISC1200_72_old.wcnf,True,True,202.0,202.0,1.982442,0.759987,1.982442,0.759987
P05,switchingactivitymaximization-SwitchingActivityMaximization_OpenRISC1200_80_old.wcnf,True,True,306.0,306.0,2.450808,0.783609,2.450808,0.783609
P05,switchingactivitymaximization-SwitchingActivityMaximization_OpenRISC1200_90_old.wcnf,True,True,283.0,283.0,6.267462,0.782797,6.267462,0.782797
P05,tcp_wt-tcp_students_112_it_2_old.wcnf,True,True,3699.0,3699.0,1.227663,0.24623,44.964902,43.713284
P05,timetabling_wt-comp02_old.wcnf,True,True,136.0,136.0,1.846114,0.838704,9.246761,8.275818
P05,timetabling_wt-comp09_old.wcnf,True,True,135.0,135.0,1.37508,0.802261,27.184037,26.289672
P05,timetabling_wt-comp12_old.wcnf,True,True,560.0,555.0,1.452485,0.622509,33.581973,59.490842
P05,timetabling_wt-dds4_old.wcnf,False,False,,,,,,
RL00005,MaxSATQueriesinInterpretableClassifiers_wt-credit_train_8_CNF_5_20_old.wcnf,True,True,96480.0,96480.0,15.021479,8.18362,43.861201,36.630386
RL00005,MaxSATQueriesinInterpretableClassifiers_wt-pima_train_6_CNF_3_20_old.wcnf,True,True,3310.0,3310.0,0.044567,0.008678,33.395268,33.345091
RL00005,MaxSATQueriesinInterpretableClassifiers_wt-toms_test_2_CNF_3_20_old.wcnf,True,True,195.0,195.0,0.609756,0.525976,7.252474,7.104672
RL00005,MinimumWeightDominatingSetProblem_wt-bn-human-BNU_1_0025865_session_1-bg_old.wcnf,True,True,140539244.0,140539244.0,6.239282,3.856476,6.239282,3.856476
RL00005,MinimumWeightDominatingSetProblem_wt-channel-500x100x100-b050_old.wcnf,True,True,478624478.0,479003507.0,21.004552,18.850238,60.487852,60.346638
RL00005,MinimumWeightDominatingSetProblem_wt-delaunay_n24_old.wcnf,True,True,1685918983.0,1686108752.0,50.026828,25.410991,62.178028,25.410991
RL00005,MinimumWeightDominatingSetProblem_wt-hugebubbles-00020_old.wcnf,True,True,2130406259.0,2130406259.0,31.237817,22.888621,31.237817,22.888621
RL00005,MinimumWeightDominatingSetProblem_wt-inf-road-usa_old.wcnf,True,False,2406704625.0,,26.741276,48.886565,26.741276,64.547865
RL00005,MinimumWeightDominatingSetProblem_wt-rgg_n_2_24_s0_old.wcnf,True,True,1686108752.0,1686108752.0,45.573177,22.60879,45.573177,22.60879
RL00005,MinimumWeightDominatingSetProblem_wt-sc-rel9_old.wcnf,True,True,593056574.0,593056574.0,35.612281,29.936395,61.275281,62.571895
RL00005,MinimumWeightDominatingSetProblem_wt-soc-livejournal-user-groups_old.wcnf,True,True,752647274.0,752647274.0,26.920119,17.543322,26.920119,17.543322
RL00005,MinimumWeightDominatingSetProblem_wt-web-wikipedia2009_old.wcnf,True,True,174611880.0,35092853.0,11.480486,9.557048,60.605716,12.780468
RL00005,ParametricRBACMaintenance_mse20_wt-role_domino_multiple_0.1_8_old.wcnf,True,True,47682.0,47682.0,2.163202,1.829383,12.370532,11.143923
RL00005,ParametricRBACMaintenance_mse20_wt-role_domino_multiple_0.2_0_old.wcnf,True,True,74189.0,72339.0,2.160493,2.002638,9.582683,12.893498
RL00005,ParametricRBACMaintenance_mse20_wt-role_domino_multiple_0.5_1_old.wcnf,True,True,144463.0,144463.0,3.119143,1.892968,10.266053,7.274398
RL00005,ParametricRBACMaintenance_mse20_wt-role_domino_multiple_0.6_8_old.wcnf,True,True,159871.0,159871.0,2.134829,1.84266,11.652069,11.24501
RL00005,ParametricRBACMaintenance_mse20_wt-role_smallcomp_multiple_0.7_2_old.wcnf,True,True,277373.0,277373.0,12.558033,12.517543,58.706988,57.298782
RL00005,ParametricRBACMaintenance_mse20_wt-role_smallcomp_multiple_0.7_6_old.wcnf,True,True,252179.0,252179.0,0.029064,0.010048,3.486914,3.488863
RL00005,ParametricRBACMaintenance_mse20_wt-role_smallcomp_multiple_0.8_1_old.wcnf,True,True,350793.0,350793.0,0.027103,0.00954,10.317219,10.302778
RL00005,ParametricRBACMaintenance_mse20_wt-role_smallcomp_multiple_0.9_6_old.wcnf,True,True,282321.0,282321.0,0.051007,0.009941,0.191686,0.15086
RL00005,ParametricRBACMaintenance_mse20_wt-role_university_multiple_0.1_1_old.wcnf,True,True,63653.0,63484.0,2.951354,2.664181,11.422634,12.762131
RL00005,ParametricRBACMaintenance_mse20_wt-role_university_multiple_0.4_7_old.wcnf,True,True,234414.0,234414.0,4.696812,3.615978,11.854412,9.794328
RL00005,ParametricRBACMaintenance_mse20_wt-role_university_multiple_0.5_4_old.wcnf,True,True,215348.0,215348.0,3.291607,2.492563,13.458707,10.065553
RL00005,ParametricRBACMaintenance_mse20_wt-role_university_multiple_0.5_5_old.wcnf,True,True,198362.0,198362.0,3.076692,2.870052,12.371532,11.234062
RL00005,ParametricRBACMaintenance_mse20_wt-role_university_multiple_0.5_7_old.wcnf,True,True,263585.0,263585.0,3.979872,3.573578,9.758902,8.506418
RL00005,abstraction-refinement_wt-downcast-antlr_old.wcnf,True,True,79566.0,78873.0,9.610021,22.145188,9.610021,24.368888
RL00005,abstraction-refinement_wt-downcast-avrora_old.wcnf,True,True,49759.0,49759.0,14.415457,14.888838,18.520547,19.114728
RL00005,abstraction-refinement_wt-downcast-hsqldb_old.wcnf,True,True,32293.0,34922.0,31.648643,14.439504,40.549243,14.439504
RL00005,abstraction-refinement_wt-downcast-pmd_old.wcnf,True,True,6287.0,6287.0,31.192836,32.76524,41.553736,46.03394
RL00005,abstraction-refinement_wt-downcast-xalan_old.wcnf,True,True,65593.0,65615.0,16.6016,17.28228,59.13149,50.14539
RL00005,abstraction-refinement_wt-polysite-avrora_old.wcnf,True,True,55020.0,55020.0,16.46761,29.569363,20.44499,33.798053
RL00005,abstraction-refinement_wt-polysite-bloat_old.wcnf,True,False,2397.0,,45.862395,47.45443,61.341495,63.13603
RL00005,abstraction-refinement_wt-polysite-hsqldb_old.wcnf,True,True,177778.0,175624.0,14.378859,36.483649,14.378859,47.750949
RL00005,abstraction-refinement_wt-polysite-pmd_old.wcnf,True,True,190826.0,190826.0,26.473427,27.584359,34.166027,37.370459
RL00005,abstraction-refinement_wt-polysite-xalan_old.wcnf,True,True,117742.0,117742.0,22.222937,20.697275,27.096837,27.434375
RL00005,causal-discovery_wt-causal_Link_10_10000_old.wcnf,True,True,39112847.0,39112847.0,3.546758,3.209266,14.887858,14.277136
RL00005,causal-discovery_wt-causal_Link_10_1000_old.wcnf,True,True,33562494.0,33562494.0,3.653289,3.247343,30.145389,29.138553
RL00005,causal-discovery_wt-causal_Link_9_100_old.wcnf,True,True,3242187.0,3242187.0,1.996114,0.600165,1.996114,0.600165
RL00005,causal-discovery_wt-causal_Mushroom_7_1000_old.wcnf,True,True,9414169.0,9414169.0,0.1554,0.148236,17.869041,17.823299
RL00005,causal-discovery_wt-causal_Pigs_6_1000_old.wcnf,True,True,35110976.0,35110976.0,0.604325,0.17761,0.604325,0.17761
RL00005,causal-discovery_wt-causal_Water_10_1000_old.wcnf,True,True,45193159.0,45193159.0,3.237911,3.237816,11.619061,11.654756
RL00005,causal-discovery_wt-causal_alarm_9_1000_old.wcnf,True,True,36049513.0,36049513.0,1.268197,1.187643,10.24051,10.199549
RL00005,causal-discovery_wt-causal_carpo_8_1000_old.wcnf,True,True,2244087.0,2244087.0,0.460445,0.408838,59.12291,59.115386
RL00005,correlation-clustering_wt-Rounded_CorrelationClustering_Ionosphere_BINARY_N260_D0.200_old.wcnf,True,True,7014701.0,7014701.0,0.449744,0.443649,7.573165,7.842346
RL00005,correlation-clustering_wt-Rounded_CorrelationClustering_Protein1_UNARY_N290_old.wcnf,True,True,32090014.0,32090014.0,4.987195,5.170556,6.811545,7.066156
RL00005,correlation-clustering_wt-Rounded_CorrelationClustering_Protein2_BINARY_N220_old.wcnf,True,True,14004102.0,14004102.0,0.195893,0.158701,8.168712,8.324432
RL00005,correlation-clustering_wt-Rounded_CorrelationClustering_Protein2_BINARY_N240_old.wcnf,True,True,16116883.0,16116883.0,0.206399,0.20104,8.4641,8.969744
RL00005,correlation-clustering_wt-Rounded_CorrelationClustering_Protein2_BINARY_N380_old.wcnf,True,True,39198852.0,39198852.0,0.516161,0.488711,12.039557,11.732962
RL00005,correlation-clustering_wt-Rounded_CorrelationClustering_Protein2_UNARY_N220_old.wcnf,True,True,21300102.0,21300102.0,2.815447,2.674147,3.672867,3.530097
RL00005,correlation-clustering_wt-Rounded_CorrelationClustering_Protein3_TRANSITIVE_N280_old.wcnf,True,True,185255761.0,185255761.0,9.352062,10.111651,30.006912,31.519401
RL00005,correlation-clustering_wt-Rounded_CorrelationClustering_Protein3_UNARY_N220_old.wcnf,True,True,19154505.0,19154505.0,2.514262,2.581187,4.591722,4.751807
RL00005,correlation-clustering_wt-Rounded_CorrelationClustering_Protein4_BINARY_N320_old.wcnf,True,True,14733167.0,14733167.0,0.208796,0.18623,7.974472,8.038918
RL00005,correlation-clustering_wt-Rounded_CorrelationClustering_Protein4_UNARY_N250_old.wcnf,True,True,11103273.0,11103273.0,2.533845,2.452833,11.481845,11.628833
RL00005,correlation-clustering_wt-Rounded_CorrelationClustering_Vowel_BINARY_N700_D0.200_old.wcnf,True,True,75201247.0,75201247.0,2.389101,2.539466,2.576081,2.712936
RL00005,correlation-clustering_wt-Rounded_CorrelationClustering_Vowel_BINARY_N800_D0.200_old.wcnf,True,True,86276967.0,86276967.0,3.327337,3.410707,8.202637,8.323237
RL00005,decision-tree-anneal-un-formula_0.8_2021_atleast_31_max-4_reduced_incomplete_adaboost_3_old.wcnf,True,True,355.0,355.0,1.553209,1.507914,3.154289,3.100244
RL00005,decision-tree-anneal-un-formula_0.8_2021_atleast_31_max-4_reduced_incomplete_adaboost_5_old.wcnf,True,True,762.0,762.0,1.528031,1.480743,8.742101,8.286103
RL00005,decision-tree-australian-credit-un-formula_0.8_2021_atleast_31_max-4_reduced_incomplete_adaboost_5_old.wcnf,True,True,575.0,575.0,2.22725,2.051555,4.0739,3.854625
RL00005,decision-tree-heart-cleveland-un-formula_0.8_2021_atleast_127_max-6_reduced_incomplete_adaboost_2_old.wcnf,True,True,139.0,139.0,3.043973,3.017774,3.043973,3.017774
RL00005,decision-tree-heart-cleveland-un-formula_0.8_2021_atleast_15_max-3_reduced_incomplete_adaboost_4_old.wcnf,True,True,138.0,138.0,0.31645,0.286681,0.501206,0.46819
RL00005,decision-tree-heart-cleveland-un-formula_0.8_2021_atleast_31_max-4_reduced_incomplete_adaboost_4_old.wcnf,True,True,146.0,146.0,0.730533,0.720338,1.028816,1.014932
RL00005,decision-tree-heart-cleveland-un-formula_0.8_2021_atleast_31_max-4_reduced_incomplete_adaboost_6_old.wcnf,True,True,240.0,240.0,0.759052,0.67897,1.454042,1.358631
RL00005,decision-tree-primary-tumor-un-formula_0.8_2021_atleast_127_max-6_reduced_incomplete_adaboost_2_old.wcnf,True,True,113.0,113.0,3.559732,3.033793,5.835292,5.071753
RL00005,decision-tree-primary-tumor-un-formula_0.8_2021_atleast_127_max-6_reduced_incomplete_adaboost_4_old.wcnf,True,True,212.0,212.0,4.117007,2.939362,4.258837,3.071522
RL00005,decision-tree-primary-tumor-un-formula_0.8_2021_atleast_15_max-3_reduced_incomplete_adaboost_2_old.wcnf,True,True,84.0,84.0,0.138589,0.097389,4.743873,4.686914
RL00005,decision-tree-primary-tumor-un-formula_0.8_2021_atleast_31_max-4_reduced_incomplete_adaboost_4_old.wcnf,True,True,155.0,155.0,0.272315,0.249511,4.112743,3.974517
RL00005,decision-tree-primary-tumor-un-formula_0.8_2021_atleast_63_max-5_reduced_incomplete_adaboost_6_old.wcnf,True,True,338.0,338.0,0.812037,0.778546,1.644059,1.621077
RL00005,decision-tree-tic-tac-toe-un-formula_0.8_2021_atleast_15_max-3_reduced_incomplete_adaboost_2_old.wcnf,True,True,335.0,335.0,0.280565,0.212606,0.432684,0.352222
RL00005,decision-tree-tic-tac-toe-un-formula_0.8_2021_atleast_15_max-3_reduced_incomplete_adaboost_3_old.wcnf,True,True,443.0,443.0,0.324483,0.261642,0.400081,0.336822
RL00005,decision-tree-tic-tac-toe-un-formula_0.8_2021_atleast_31_max-4_reduced_incomplete_adaboost_2_old.wcnf,True,True,286.0,286.0,0.444517,0.381801,0.444517,0.381801
RL00005,drmx-cryptogen_wt-geffe128_7_old.wcnf,True,True,811.0,811.0,0.019867,0.006764,29.304254,29.251359
RL00005,generalized-ising_wt-IS11_5.0.5.0.0.5_softer_periodic_old.wcnf,True,True,112229069992697.0,112229069992697.0,0.051307,0.057771,0.668252,0.672686
RL00005,generalized-ising_wt-IS12_5.0.5.0.0.5_softer_periodic_old.wcnf,True,True,113171466486232.0,113171466486232.0,0.233224,0.037295,0.239781,0.043777
RL00005,generalized-ising_wt-IS13_5.0.5.0.0.5_softer_periodic_old.wcnf,True,True,119401387482250.0,119401387482250.0,0.081375,0.034174,0.085178,0.037518
RL00005,generalized-ising_wt-IS15_5.0.5.0.0.5_softer_periodic_old.wcnf,True,True,114658059944605.0,114658059944605.0,0.106127,0.034053,0.111152,0.038564
RL00005,generalized-ising_wt-IS16_5.0.5.0.0.5_softer_periodic_old.wcnf,True,True,115258059944605.0,115258059944605.0,0.381611,0.03397,6.466168,5.967273
RL00005,generalized-ising_wt-IS17_5.0.5.0.0.5_softer_periodic_old.wcnf,True,True,115902780531937.0,115902780531937.0,0.058803,0.034262,14.651764,14.394353
RL00005,generalized-ising_wt-IS20_5.0.5.0.0.5_softer_periodic_old.wcnf,True,True,119388436533623.0,119388436533623.0,0.079473,0.034252,0.120177,0.072889
RL00005,generalized-ising_wt-IS22_5.0.5.0.0.5_softer_periodic_old.wcnf,True,True,119112776308211.0,119112776308211.0,0.048958,0.034299,0.059808,0.044946
RL00005,generalized-ising_wt-IS23_5.0.5.0.0.5_softer_periodic_old.wcnf,True,True,118663520151734.0,118663520151734.0,0.050812,0.05529,0.113351,0.115578
RL00005,generalized-ising_wt-IS3_5.0.5.0.0.5_softer_periodic_old.wcnf,True,True,116804575996363.0,116804575996363.0,0.136658,0.036031,6.525039,6.381717
RL00005,generalized-ising_wt-IS4_5.0.5.0.0.5_softer_periodic_old.wcnf,True,True,115857504490177.0,115857504490177.0,0.080799,0.034262,0.119734,0.07218
RL00005,generalized-ising_wt-IS5_5.0.5.0.0.5_softer_periodic_old.wcnf,True,True,114843630201223.0,114843630201223.0,0.058437,0.034351,0.54742,0.513146
RL00005,generalized-ising_wt-IS6_5.0.5.0.0.5_softer_periodic_old.wcnf,True,True,113797656078091.0,113797656078091.0,0.05406,0.033977,0.125752,0.106167
RL00005,generalized-ising_wt-IS7_5.0.5.0.0.5_softer_periodic_old.wcnf,True,True,112706601923009.0,112706601923009.0,0.053455,0.034345,0.085407,0.065814
RL00005,generalized-ising_wt-IS9_5.0.5.0.0.5_softer_periodic_old.wcnf,True,True,110066981524169.0,110066981524169.0,0.078338,0.034544,0.115075,0.071234
RL00005,hs-timetabling_wt-BrazilInstance1.xml_old.wcnf,True,True,117.0,117.0,0.102949,0.102926,41.348795,41.100867
RL00005,hs-timetabling_wt-BrazilInstance2.xml_old.wcnf,True,True,149.0,149.0,0.231236,0.215963,50.061829,49.433423
RL00005,hs-timetabling_wt-BrazilInstance4.xml_old.wcnf,True,True,267.0,267.0,1.486495,1.338097,1.486495,1.338097
RL00005,hs-timetabling_wt-BrazilInstance5.xml_old.wcnf,True,True,490.0,490.0,1.216193,0.561799,29.200132,28.502454
RL00005,hs-timetabling_wt-BrazilInstance6.xml_old.wcnf,True,True,546.0,546.0,0.852152,0.81099,55.44878,55.212892
RL00005,hs-timetabling_wt-BrazilInstance7.xml_old.wcnf,True,True,889.0,889.0,1.143801,1.037796,49.743412,48.738707
RL00005,hs-timetabling_wt-FinlandSecondarySchool.xml_old.wcnf,True,True,817.0,817.0,1.51645,1.360777,1.51645,1.360777
RL00005,hs-timetabling_wt-ItalyInstance4.xml_old.wcnf,True,True,12143.0,12143.0,9.223397,8.649675,19.116237,18.095045
RL00005,judgment-aggregation-ja-kemeny-preflib-00049-00000300_old.wcnf,True,True,793.0,793.0,0.27009,0.25042,44.989536,43.327813
RL00005,judgment-aggregation-ja-kemeny-preflib-00049-00000334_old.wcnf,True,True,612.0,612.0,0.151844,0.109863,52.27211,52.598362
RL00005,judgment-aggregation-ja-kemeny-preflib-00049-00000451_old.wcnf,True,True,1020.0,1020.0,0.917298,1.030434,50.607433,45.181852
RL00005,judgment-aggregation-ja-kemeny-preflib-00049-00000454_old.wcnf,True,True,715.0,715.0,0.291752,0.307017,57.87245,55.53732
RL00005,judgment-aggregation-ja-kemeny-preflib-00051-00000011_old.wcnf,True,True,779.0,770.0,1.490124,1.331591,58.898048,57.589999
RL00005,max-realizability_wt-power-distribution_11_7_old.wcnf,True,True,126.0,126.0,0.534698,0.508361,1.179387,1.124426
RL00005,max-realizability_wt-power-distribution_12_8_old.wcnf,True,True,216.0,216.0,1.314513,1.375262,1.783352,1.839079
RL00005,max-realizability_wt-robot-navigation_10_old.wcnf,True,True,39.0,39.0,10.870491,10.557532,10.870491,10.557532
RL00005,metro_wt-metro_8_8_5_20_10_6_500_1_3.lp.sm-extracted_old.wcnf,True,True,215.0,215.0,6.37451,6.30947,10.40372,10.27138
RL00005,mpe_wt-random-net-50-5_network-8.net_old.wcnf,True,True,48330.0,48330.0,0.074281,0.014561,33.219044,33.279717
RL00005,pseudoBoolean_wt-normalized-mps-v2-20-10-sentoy.opb.msat_old.wcnf,True,True,9460.0,9460.0,0.261517,0.041875,0.261517,0.041875
RL00005,railway-transport_wt-bf2030fvslack_old.wcnf,True,True,561747.0,264711.0,58.007234,18.99834,58.007234,42.78378
RL00005,railway-transport_wt-f2030_old.wcnf,True,True,6979.0,6979.0,9.488085,2.764532,59.720215,51.982472
RL00005,railway-transport_wt-r11_old.wcnf,True,True,73964834.0,68426962.0,54.235723,18.400602,59.981823,42.805502
RL00005,railway-transport_wt-wg2_old.wcnf,True,True,866.0,866.0,13.894965,11.594361,41.007915,38.853811
RL00005,ramsey_wt-ram_k3_n14.ra1_old.wcnf,True,True,3025.0,3025.0,0.072657,0.00197,0.563721,0.488509
RL00005,ramsey_wt-ram_k3_n16.ra1_old.wcnf,True,True,7271.0,7271.0,0.026102,0.002767,0.465915,0.442607
RL00005,ramsey_wt-ram_k3_n19.ra1_old.wcnf,True,True,20665.0,20665.0,0.047509,0.004647,1.241751,1.191752
RL00005,ramsey_wt-ram_k4_n19.ra1_old.wcnf,True,True,1240.0,1240.0,0.096689,0.007126,8.120485,7.989322
RL00005,relational-inference_wt-pa-1_old.wcnf,True,True,8282.0,8282.0,4.687011,2.887273,7.158971,5.470343
RL00005,relational-inference_wt-pa-2_old.wcnf,True,True,3093.0,3093.0,38.679657,35.545877,38.753257,35.631677
RL00005,relational-inference_wt-pa-3_old.wcnf,True,True,2967.0,2967.0,34.577939,32.157604,57.496739,57.271004
RL00005,setcover_wt-rail2536_old.wcnf,True,True,2147034.0,2147034.0,1.167363,0.673961,1.167363,0.673961
RL00005,setcover_wt-rail4284_old.wcnf,True,True,2119198.0,2119198.0,1.060235,0.780179,1.060235,0.780179
RL00005,setcover_wt-rail4872_old.wcnf,True,True,1873139.0,1873139.0,2.159458,0.584267,2.159458,0.584267
RL00005,setcover_wt-rail507_old.wcnf,True,True,220.0,220.0,15.965565,15.415982,41.523105,40.817542
RL00005,shiftdesign_wt-limits-10-10_data-1_inst-084_30m.sm-extracted_old.wcnf,True,True,49932711.0,49932711.0,10.988424,8.660845,10.988424,8.660845
RL00005,shiftdesign_wt-limits-10-10_data-1_inst-137_30m.sm-extracted_old.wcnf,True,True,17244442.0,17244442.0,4.440402,4.716476,4.440402,4.716476
RL00005,shiftdesign_wt-limits-10-10_data-1_inst-182_30m.sm-extracted_old.wcnf,True,True,30573006.0,30573006.0,9.468072,7.804507,9.468072,7.804507
RL00005,shiftdesign_wt-limits-10-10_data-2_inst-003_30m.sm-extracted_old.wcnf,True,True,41321652.0,41321652.0,11.49043,7.970585,11.49043,7.970585
RL00005,shiftdesign_wt-limits-10-10_data-2_inst-025_30m.sm-extracted_old.wcnf,True,True,56212258.0,56212258.0,11.537841,10.748834,11.537841,10.748834
RL00005,shiftdesign_wt-limits-10-10_data-2_inst-030_30m.sm-extracted_old.wcnf,True,True,122128224.0,122128224.0,22.926491,21.607973,22.926491,21.607973
RL00005,shiftdesign_wt-limits-10-10_data-3_inst-002_30m.sm-extracted_old.wcnf,True,True,35896155.0,35896155.0,7.987121,10.464827,7.987121,10.464827
RL00005,shiftdesign_wt-limits-10-10_data-3_inst-003_30m.sm-extracted_old.wcnf,True,True,28190618.0,28190618.0,6.261324,5.612865,6.261324,5.612865
RL00005,shiftdesign_wt-limits-10-10_data-4_inst-003_60m.sm-extracted_old.wcnf,True,True,87521039.0,87521039.0,17.375027,13.847968,17.375027,13.847968
RL00005,spot5_wt-1401.wcsp.log_old.wcnf,True,True,468096.0,468096.0,0.028258,0.014471,7.602884,7.360927
RL00005,spot5_wt-1403.wcsp.dir_old.wcnf,True,True,477264.0,477264.0,0.075754,0.015733,0.144338,0.083875
RL00005,spot5_wt-1403.wcsp.log_old.wcnf,True,True,469238.0,469238.0,0.075896,0.018808,34.774426,34.464919
RL00005,spot5_wt-1405.wcsp.dir_old.wcnf,True,True,475458.0,475458.0,0.143778,0.022929,0.334534,0.212981
RL00005,spot5_wt-1506.wcsp.log_old.wcnf,True,True,360527.0,360527.0,0.050051,0.024122,34.504252,34.172758
RL00005,spot5_wt-5.wcsp.log_old.wcnf,True,True,270.0,270.0,0.045271,0.013213,0.050523,0.018451
RL00005,staff-scheduling_wt-instance10_old.wcnf,True,True,6550.0,6550.0,2.555672,2.562683,57.699272,59.050663
RL00005,staff-scheduling_wt-instance11_old.wcnf,True,True,3653.0,3653.0,1.199861,1.06775,22.795963,22.571675
RL00005,staff-scheduling_wt-instance12_old.wcnf,True,True,7671.0,7671.0,4.145644,3.671558,13.842314,12.064858
RL00005,staff-scheduling_wt-instance2_old.wcnf,True,True,838.0,838.0,0.036385,0.030363,3.616591,3.677767
RL00005,staff-scheduling_wt-instance3_old.wcnf,True,True,1026.0,1026.0,0.105129,0.047663,15.43724,15.086221
RL00005,staff-scheduling_wt-instance4_old.wcnf,True,True,1740.0,1740.0,0.093881,0.026503,41.333579,40.61302
RL00005,staff-scheduling_wt-instance5_old.wcnf,True,True,1287.0,1287.0,0.130588,0.073708,25.431748,25.35919
RL00005,staff-scheduling_wt-instance6_old.wcnf,True,True,2081.0,2081.0,0.141338,0.090831,10.601762,10.577961
RL00005,staff-scheduling_wt-instance7_old.wcnf,True,True,1178.0,1178.0,0.216248,0.11659,46.44659,45.574074
RL00005,staff-scheduling_wt-instance8_old.wcnf,True,True,2848.0,2848.0,0.687515,1.176782,20.639971,19.047965
RL00005,staff-scheduling_wt-instance9_old.wcnf,True,True,2161.0,2142.0,1.848458,1.5937,47.606658,59.283167
RL00005,switchingactivitymaximization-SwitchingActivityMaximization_OpenRISC1200_100_old.wcnf,True,True,392.0,392.0,1.088075,0.764085,1.088075,0.764085
RL00005,switchingactivitymaximization-SwitchingActivityMaximization_OpenRISC1200_150_old.wcnf,True,True,528.0,528.0,1.231364,0.767647,1.231364,0.767647
RL00005,switchingactivitymaximization-SwitchingActivityMaximization_OpenRISC1200_200_old.wcnf,True,True,602.0,602.0,2.059893,0.772142,2.059893,0.772142
RL00005,switchingactivitymaximization-SwitchingActivityMaximization_OpenRISC1200_66_old.wcnf,True,True,228.0,228.0,2.321311,1.337878,2.321311,1.337878
RL00005,switchingactivitymaximization-SwitchingActivityMaximization_OpenRISC1200_68_old.wcnf,True,True,193.0,193.0,1.591115,1.281128,1.591115,1.281128
RL00005,switchingactivitymaximization-SwitchingActivityMaximization_OpenRISC1200_70_old.wcnf,True,True,240.0,240.0,1.483199,1.337859,1.483199,1.337859
RL00005,switchingactivitymaximization-SwitchingActivityMaximization_OpenRISC1200_72_old.wcnf,True,True,202.0,202.0,1.982442,0.820285,1.982442,0.820285
RL00005,switchingactivitymaximization-SwitchingActivityMaximization_OpenRISC1200_80_old.wcnf,True,True,306.0,306.0,2.450808,4.683659,2.450808,4.683659
RL00005,switchingactivitymaximization-SwitchingActivityMaximization_OpenRISC1200_90_old.wcnf,True,True,283.0,283.0,6.267462,1.051988,6.267462,1.051988
RL00005,tcp_wt-tcp_students_112_it_2_old.wcnf,True,True,3699.0,3699.0,1.227663,0.243404,44.964902,43.768306
RL00005,timetabling_wt-comp02_old.wcnf,True,True,136.0,136.0,1.846114,0.821729,9.246761,8.208459
RL00005,timetabling_wt-comp09_old.wcnf,True,True,135.0,135.0,1.37508,0.795181,27.184037,26.523626
RL00005,timetabling_wt-comp12_old.wcnf,True,True,560.0,555.0,1.452485,0.649907,33.581973,59.819006
RL00005,timetabling_wt-dds4_old.wcnf,False,False,,,,,,
RL0005,MaxSATQueriesinInterpretableClassifiers_wt-credit_train_8_CNF_5_20_old.wcnf,True,True,96480.0,96480.0,15.021479,14.132523,43.861201,42.909678
RL0005,MaxSATQueriesinInterpretableClassifiers_wt-pima_train_6_CNF_3_20_old.wcnf,True,True,3310.0,3310.0,0.044567,0.023817,33.395268,32.961339
RL0005,MaxSATQueriesinInterpretableClassifiers_wt-toms_test_2_CNF_3_20_old.wcnf,True,True,195.0,195.0,0.609756,0.575671,7.252474,7.265621
RL0005,MinimumWeightDominatingSetProblem_wt-bn-human-BNU_1_0025865_session_1-bg_old.wcnf,True,True,140539244.0,140539244.0,6.239282,4.792834,6.239282,4.792834
RL0005,MinimumWeightDominatingSetProblem_wt-channel-500x100x100-b050_old.wcnf,True,True,478624478.0,479191985.0,21.004552,20.288808,60.487852,60.970908
RL0005,MinimumWeightDominatingSetProblem_wt-delaunay_n24_old.wcnf,True,True,1685918983.0,1685918983.0,50.026828,49.965285,62.178028,61.021785
RL0005,MinimumWeightDominatingSetProblem_wt-hugebubbles-00020_old.wcnf,True,True,2130406259.0,2130406259.0,31.237817,22.842977,31.237817,22.842977
RL0005,MinimumWeightDominatingSetProblem_wt-inf-road-usa_old.wcnf,True,True,2406704625.0,2406704625.0,26.741276,18.2255,26.741276,18.2255
RL0005,MinimumWeightDominatingSetProblem_wt-rgg_n_2_24_s0_old.wcnf,True,True,1686108752.0,1686108752.0,45.573177,22.261716,45.573177,22.261716
RL0005,MinimumWeightDominatingSetProblem_wt-sc-rel9_old.wcnf,True,True,593056574.0,593245812.0,35.612281,30.168327,61.275281,60.918427
RL0005,MinimumWeightDominatingSetProblem_wt-soc-livejournal-user-groups_old.wcnf,True,True,752647274.0,752647274.0,26.920119,20.243733,26.920119,20.243733
RL0005,MinimumWeightDominatingSetProblem_wt-web-wikipedia2009_old.wcnf,True,True,174611880.0,35092853.0,11.480486,10.332886,60.605716,13.657746
RL0005,ParametricRBACMaintenance_mse20_wt-role_domino_multiple_0.1_8_old.wcnf,True,True,47682.0,47682.0,2.163202,1.897817,12.370532,12.052217
RL0005,ParametricRBACMaintenance_mse20_wt-role_domino_multiple_0.2_0_old.wcnf,True,True,74189.0,72339.0,2.160493,1.983588,9.582683,12.757648
RL0005,ParametricRBACMaintenance_mse20_wt-role_domino_multiple_0.5_1_old.wcnf,True,True,144463.0,144463.0,3.119143,2.301262,10.266053,8.065242
RL0005,ParametricRBACMaintenance_mse20_wt-role_domino_multiple_0.6_8_old.wcnf,True,True,159871.0,159871.0,2.134829,3.510721,11.652069,13.030541
RL0005,ParametricRBACMaintenance_mse20_wt-role_smallcomp_multiple_0.7_2_old.wcnf,True,True,277373.0,277373.0,12.558033,12.568624,58.706988,57.363097
RL0005,ParametricRBACMaintenance_mse20_wt-role_smallcomp_multiple_0.7_6_old.wcnf,True,True,252179.0,252179.0,0.029064,0.039203,3.486914,3.520268
RL0005,ParametricRBACMaintenance_mse20_wt-role_smallcomp_multiple_0.8_1_old.wcnf,True,True,350793.0,350793.0,0.027103,0.026818,10.317219,10.263499
RL0005,ParametricRBACMaintenance_mse20_wt-role_smallcomp_multiple_0.9_6_old.wcnf,True,True,282321.0,282321.0,0.051007,0.038628,0.191686,0.179
RL0005,ParametricRBACMaintenance_mse20_wt-role_university_multiple_0.1_1_old.wcnf,True,True,63653.0,63484.0,2.951354,2.680901,11.422634,13.106581
RL0005,ParametricRBACMaintenance_mse20_wt-role_university_multiple_0.4_7_old.wcnf,True,True,234414.0,234414.0,4.696812,3.636592,11.854412,9.624642
RL0005,ParametricRBACMaintenance_mse20_wt-role_university_multiple_0.5_4_old.wcnf,True,True,215348.0,215348.0,3.291607,2.491044,13.458707,10.731094
RL0005,ParametricRBACMaintenance_mse20_wt-role_university_multiple_0.5_5_old.wcnf,True,True,198362.0,198362.0,3.076692,2.804374,12.371532,11.052814
RL0005,ParametricRBACMaintenance_mse20_wt-role_university_multiple_0.5_7_old.wcnf,True,True,263585.0,263585.0,3.979872,3.884532,9.758902,8.887452
RL0005,abstraction-refinement_wt-downcast-antlr_old.wcnf,True,True,79566.0,78873.0,9.610021,22.492537,9.610021,24.613397
RL0005,abstraction-refinement_wt-downcast-avrora_old.wcnf,True,True,49759.0,49759.0,14.415457,14.506378,18.520547,18.739488
RL0005,abstraction-refinement_wt-downcast-hsqldb_old.wcnf,True,True,32293.0,34922.0,31.648643,13.950661,40.549243,13.950661
RL0005,abstraction-refinement_wt-downcast-pmd_old.wcnf,True,True,6287.0,8791.0,31.192836,13.747019,41.553736,13.747019
RL0005,abstraction-refinement_wt-downcast-xalan_old.wcnf,True,True,65593.0,65615.0,16.6016,26.902669,59.13149,58.035479
RL0005,abstraction-refinement_wt-polysite-avrora_old.wcnf,True,True,55020.0,55020.0,16.46761,14.547574,20.44499,18.626724
RL0005,abstraction-refinement_wt-polysite-bloat_old.wcnf,True,True,2397.0,2397.0,45.862395,45.269587,61.341495,61.698387
RL0005,abstraction-refinement_wt-polysite-hsqldb_old.wcnf,True,True,177778.0,175624.0,14.378859,36.253135,14.378859,46.333535
RL0005,abstraction-refinement_wt-polysite-pmd_old.wcnf,True,True,190826.0,190826.0,26.473427,45.267479,34.166027,53.872579
RL0005,abstraction-refinement_wt-polysite-xalan_old.wcnf,True,True,117742.0,117742.0,22.222937,20.666873,27.096837,25.849783
RL0005,causal-discovery_wt-causal_Link_10_10000_old.wcnf,True,True,39112847.0,39112847.0,3.546758,10.142209,14.887858,21.791859
RL0005,causal-discovery_wt-causal_Link_10_1000_old.wcnf,True,True,33562494.0,33562494.0,3.653289,3.184189,30.145389,29.129169
RL0005,causal-discovery_wt-causal_Link_9_100_old.wcnf,True,True,3242187.0,3242187.0,1.996114,0.512469,1.996114,0.512469
RL0005,causal-discovery_wt-causal_Mushroom_7_1000_old.wcnf,True,True,9414169.0,9414169.0,0.1554,2.30761,17.869041,20.034302
RL0005,causal-discovery_wt-causal_Pigs_6_1000_old.wcnf,True,True,35110976.0,35110976.0,0.604325,0.175034,0.604325,0.175034
RL0005,causal-discovery_wt-causal_Water_10_1000_old.wcnf,True,True,45193159.0,45193159.0,3.237911,3.268488,11.619061,11.645658
RL0005,causal-discovery_wt-causal_alarm_9_1000_old.wcnf,True,True,36049513.0,36049513.0,1.268197,2.263753,10.24051,11.27969
RL0005,causal-discovery_wt-causal_carpo_8_1000_old.wcnf,True,True,2244087.0,2244087.0,0.460445,0.395793,59.12291,58.94775
RL0005,correlation-clustering_wt-Rounded_CorrelationClustering_Ionosphere_BINARY_N260_D0.200_old.wcnf,True,True,7014701.0,7014701.0,0.449744,0.426845,7.573165,7.426119
RL0005,correlation-clustering_wt-Rounded_CorrelationClustering_Protein1_UNARY_N290_old.wcnf,True,True,32090014.0,32090014.0,4.987195,5.024828,6.811545,6.804388
RL0005,correlation-clustering_wt-Rounded_CorrelationClustering_Protein2_BINARY_N220_old.wcnf,True,True,14004102.0,14004102.0,0.195893,0.154093,8.168712,8.144058
RL0005,correlation-clustering_wt-Rounded_CorrelationClustering_Protein2_BINARY_N240_old.wcnf,True,True,16116883.0,16116883.0,0.206399,0.934931,8.4641,9.035769
RL0005,correlation-clustering_wt-Rounded_CorrelationClustering_Protein2_BINARY_N380_old.wcnf,True,True,39198852.0,39198852.0,0.516161,0.475001,12.039557,11.922098
RL0005,correlation-clustering_wt-Rounded_CorrelationClustering_Protein2_UNARY_N220_old.wcnf,True,True,21300102.0,21300102.0,2.815447,2.662865,3.672867,3.532965
RL0005,correlation-clustering_wt-Rounded_CorrelationClustering_Protein3_TRANSITIVE_N280_old.wcnf,True,True,185255761.0,185255761.0,9.352062,10.48889,30.006912,31.44073
RL0005,correlation-clustering_wt-Rounded_CorrelationClustering_Protein3_UNARY_N220_old.wcnf,True,True,19154505.0,19154505.0,2.514262,2.470541,4.591722,4.446831
RL0005,correlation-clustering_wt-Rounded_CorrelationClustering_Protein4_BINARY_N320_old.wcnf,True,True,14733167.0,14733167.0,0.208796,0.184122,7.974472,7.714577
RL0005,correlation-clustering_wt-Rounded_CorrelationClustering_Protein4_UNARY_N250_old.wcnf,True,True,11103273.0,11103273.0,2.533845,2.47916,11.481845,11.27212
RL0005,correlation-clustering_wt-Rounded_CorrelationClustering_Vowel_BINARY_N700_D0.200_old.wcnf,True,True,75201247.0,75201247.0,2.389101,3.259409,2.576081,3.427979
RL0005,correlation-clustering_wt-Rounded_CorrelationClustering_Vowel_BINARY_N800_D0.200_old.wcnf,True,True,86276967.0,86276967.0,3.327337,3.353127,8.202637,8.020117
RL0005,decision-tree-anneal-un-formula_0.8_2021_atleast_31_max-4_reduced_incomplete_adaboost_3_old.wcnf,True,True,355.0,355.0,1.553209,1.461774,3.154289,3.086254
RL0005,decision-tree-anneal-un-formula_0.8_2021_atleast_31_max-4_reduced_incomplete_adaboost_5_old.wcnf,True,True,762.0,762.0,1.528031,1.478081,8.742101,8.216961
RL0005,decision-tree-australian-credit-un-formula_0.8_2021_atleast_31_max-4_reduced_incomplete_adaboost_5_old.wcnf,True,True,575.0,575.0,2.22725,1.986706,4.0739,3.772466
RL0005,decision-tree-heart-cleveland-un-formula_0.8_2021_atleast_127_max-6_reduced_incomplete_adaboost_2_old.wcnf,True,True,139.0,72.0,3.043973,8.392224,3.043973,8.446844
RL0005,decision-tree-heart-cleveland-un-formula_0.8_2021_atleast_15_max-3_reduced_incomplete_adaboost_4_old.wcnf,True,True,138.0,138.0,0.31645,0.284165,0.501206,0.466258
RL0005,decision-tree-heart-cleveland-un-formula_0.8_2021_atleast_31_max-4_reduced_incomplete_adaboost_4_old.wcnf,True,True,146.0,146.0,0.730533,0.723793,1.028816,1.01331
RL0005,decision-tree-heart-cleveland-un-formula_0.8_2021_atleast_31_max-4_reduced_incomplete_adaboost_6_old.wcnf,True,True,240.0,240.0,0.759052,0.697275,1.454042,1.402784
RL0005,decision-tree-primary-tumor-un-formula_0.8_2021_atleast_127_max-6_reduced_incomplete_adaboost_2_old.wcnf,True,True,113.0,113.0,3.559732,2.917657,5.835292,4.888787
RL0005,decision-tree-primary-tumor-un-formula_0.8_2021_atleast_127_max-6_reduced_incomplete_adaboost_4_old.wcnf,True,True,212.0,212.0,4.117007,3.107012,4.258837,3.232442
RL0005,decision-tree-primary-tumor-un-formula_0.8_2021_atleast_15_max-3_reduced_incomplete_adaboost_2_old.wcnf,True,True,84.0,84.0,0.138589,0.099017,4.743873,4.628046
RL0005,decision-tree-primary-tumor-un-formula_0.8_2021_atleast_31_max-4_reduced_incomplete_adaboost_4_old.wcnf,True,True,155.0,155.0,0.272315,0.280833,4.112743,4.097473
RL0005,decision-tree-primary-tumor-un-formula_0.8_2021_atleast_63_max-5_reduced_incomplete_adaboost_6_old.wcnf,True,True,338.0,338.0,0.812037,0.825696,1.644059,1.656044
RL0005,decision-tree-tic-tac-toe-un-formula_0.8_2021_atleast_15_max-3_reduced_incomplete_adaboost_2_old.wcnf,True,True,335.0,335.0,0.280565,0.217806,0.432684,0.36132
RL0005,decision-tree-tic-tac-toe-un-formula_0.8_2021_atleast_15_max-3_reduced_incomplete_adaboost_3_old.wcnf,True,True,443.0,443.0,0.324483,0.244154,0.400081,0.319065
RL0005,decision-tree-tic-tac-toe-un-formula_0.8_2021_atleast_31_max-4_reduced_incomplete_adaboost_2_old.wcnf,True,True,286.0,286.0,0.444517,1.063895,0.444517,1.063895
RL0005,drmx-cryptogen_wt-geffe128_7_old.wcnf,True,True,811.0,811.0,0.019867,0.023547,29.304254,29.363858
RL0005,generalized-ising_wt-IS11_5.0.5.0.0.5_softer_periodic_old.wcnf,True,True,112229069992697.0,112229069992697.0,0.051307,0.035418,0.668252,0.650489
RL0005,generalized-ising_wt-IS12_5.0.5.0.0.5_softer_periodic_old.wcnf,True,True,113171466486232.0,113171466486232.0,0.233224,0.060857,0.239781,0.067498
RL0005,generalized-ising_wt-IS13_5.0.5.0.0.5_softer_periodic_old.wcnf,True,True,119401387482250.0,119401387482250.0,0.081375,0.033911,0.085178,0.037233
RL0005,generalized-ising_wt-IS15_5.0.5.0.0.5_softer_periodic_old.wcnf,True,True,114658059944605.0,114658059944605.0,0.106127,0.056634,0.111152,0.061122
RL0005,generalized-ising_wt-IS16_5.0.5.0.0.5_softer_periodic_old.wcnf,True,True,115258059944605.0,115258059944605.0,0.381611,0.065865,6.466168,6.024705
RL0005,generalized-ising_wt-IS17_5.0.5.0.0.5_softer_periodic_old.wcnf,True,True,115902780531937.0,115902780531937.0,0.058803,0.057244,14.651764,14.44554
RL0005,generalized-ising_wt-IS20_5.0.5.0.0.5_softer_periodic_old.wcnf,True,True,119388436533623.0,119388436533623.0,0.079473,0.035564,0.120177,0.074662
RL0005,generalized-ising_wt-IS22_5.0.5.0.0.5_softer_periodic_old.wcnf,True,True,119112776308211.0,119112776308211.0,0.048958,0.062347,0.059808,0.073099
RL0005,generalized-ising_wt-IS23_5.0.5.0.0.5_softer_periodic_old.wcnf,True,True,118663520151734.0,118663520151734.0,0.050812,0.034741,0.113351,0.094194
RL0005,generalized-ising_wt-IS3_5.0.5.0.0.5_softer_periodic_old.wcnf,True,True,116804575996363.0,116804575996363.0,0.136658,0.390681,6.525039,6.879532
RL0005,generalized-ising_wt-IS4_5.0.5.0.0.5_softer_periodic_old.wcnf,True,True,115857504490177.0,115857504490177.0,0.080799,0.150664,0.119734,0.188518
RL0005,generalized-ising_wt-IS5_5.0.5.0.0.5_softer_periodic_old.wcnf,True,True,114843630201223.0,114843630201223.0,0.058437,0.046928,0.54742,0.5494
RL0005,generalized-ising_wt-IS6_5.0.5.0.0.5_softer_periodic_old.wcnf,True,True,113797656078091.0,113797656078091.0,0.05406,0.053223,0.125752,0.125275
RL0005,generalized-ising_wt-IS7_5.0.5.0.0.5_softer_periodic_old.wcnf,True,True,112706601923009.0,112706601923009.0,0.053455,0.050319,0.085407,0.081921
RL0005,generalized-ising_wt-IS9_5.0.5.0.0.5_softer_periodic_old.wcnf,True,True,110066981524169.0,110066981524169.0,0.078338,0.034223,0.115075,0.072461
RL0005,hs-timetabling_wt-BrazilInstance1.xml_old.wcnf,True,True,117.0,117.0,0.102949,0.089538,41.348795,41.246516
RL0005,hs-timetabling_wt-BrazilInstance2.xml_old.wcnf,True,True,149.0,183.0,0.231236,0.212192,50.061829,4.69884
RL0005,hs-timetabling_wt-BrazilInstance4.xml_old.wcnf,True,True,267.0,267.0,1.486495,2.040597,1.486495,2.040597
RL0005,hs-timetabling_wt-BrazilInstance5.xml_old.wcnf,True,True,490.0,516.0,1.216193,0.636894,29.200132,2.031809
RL0005,hs-timetabling_wt-BrazilInstance6.xml_old.wcnf,True,True,546.0,539.0,0.852152,12.771563,55.44878,42.569205
RL0005,hs-timetabling_wt-BrazilInstance7.xml_old.wcnf,True,True,889.0,847.0,1.143801,12.840432,49.743412,50.087782
RL0005,hs-timetabling_wt-FinlandSecondarySchool.xml_old.wcnf,True,True,817.0,770.0,1.51645,14.18682,1.51645,14.193499
RL0005,hs-timetabling_wt-ItalyInstance4.xml_old.wcnf,True,True,12143.0,24447.0,9.223397,6.068568,19.116237,6.452832
RL0005,judgment-aggregation-ja-kemeny-preflib-00049-00000300_old.wcnf,True,True,793.0,793.0,0.27009,0.6941,44.989536,44.032931
RL0005,judgment-aggregation-ja-kemeny-preflib-00049-00000334_old.wcnf,True,True,612.0,612.0,0.151844,0.160777,52.27211,53.16798
RL0005,judgment-aggregation-ja-kemeny-preflib-00049-00000451_old.wcnf,True,True,1020.0,1020.0,0.917298,0.87257,50.607433,49.531092
RL0005,judgment-aggregation-ja-kemeny-preflib-00049-00000454_old.wcnf,True,True,715.0,715.0,0.291752,0.279753,57.87245,58.287647
RL0005,judgment-aggregation-ja-kemeny-preflib-00051-00000011_old.wcnf,True,True,779.0,779.0,1.490124,1.677631,58.898048,58.997471
RL0005,max-realizability_wt-power-distribution_11_7_old.wcnf,True,True,126.0,126.0,0.534698,0.560744,1.179387,1.210811
RL0005,max-realizability_wt-power-distribution_12_8_old.wcnf,True,True,216.0,216.0,1.314513,1.314249,1.783352,1.799471
RL0005,max-realizability_wt-robot-navigation_10_old.wcnf,True,True,39.0,39.0,10.870491,10.863693,10.870491,10.863693
RL0005,metro_wt-metro_8_8_5_20_10_6_500_1_3.lp.sm-extracted_old.wcnf,True,True,215.0,215.0,6.37451,6.338295,10.40372,10.325345
RL0005,mpe_wt-random-net-50-5_network-8.net_old.wcnf,True,True,48330.0,48330.0,0.074281,0.037187,33.219044,33.665062
RL0005,pseudoBoolean_wt-normalized-mps-v2-20-10-sentoy.opb.msat_old.wcnf,True,True,9460.0,9460.0,0.261517,0.042172,0.261517,0.042172
RL0005,railway-transport_wt-bf2030fvslack_old.wcnf,True,True,561747.0,264711.0,58.007234,18.881894,58.007234,42.058844
RL0005,railway-transport_wt-f2030_old.wcnf,True,True,6979.0,6979.0,9.488085,2.75891,59.720215,52.77541
RL0005,railway-transport_wt-r11_old.wcnf,True,True,73964834.0,68426962.0,54.235723,18.687233,59.981823,43.712033
RL0005,railway-transport_wt-wg2_old.wcnf,True,True,866.0,866.0,13.894965,12.06329,41.007915,39.12863
RL0005,ramsey_wt-ram_k3_n14.ra1_old.wcnf,True,True,3025.0,3025.0,0.072657,0.028204,0.563721,0.51425
RL0005,ramsey_wt-ram_k3_n16.ra1_old.wcnf,True,True,7271.0,7271.0,0.026102,0.002805,0.465915,0.446394
RL0005,ramsey_wt-ram_k3_n19.ra1_old.wcnf,True,True,20665.0,20665.0,0.047509,0.004745,1.241751,1.191091
RL0005,ramsey_wt-ram_k4_n19.ra1_old.wcnf,True,True,1240.0,1240.0,0.096689,0.034542,8.120485,8.052688
RL0005,relational-inference_wt-pa-1_old.wcnf,True,True,8282.0,8282.0,4.687011,2.765406,7.158971,5.206266
RL0005,relational-inference_wt-pa-2_old.wcnf,True,True,3093.0,3093.0,38.679657,36.742261,38.753257,36.818161
RL0005,relational-inference_wt-pa-3_old.wcnf,True,True,2967.0,2967.0,34.577939,31.974606,57.496739,57.441406
RL0005,setcover_wt-rail2536_old.wcnf,True,True,2147034.0,2147034.0,1.167363,0.6743,1.167363,0.6743
RL0005,setcover_wt-rail4284_old.wcnf,True,True,2119198.0,2119198.0,1.060235,0.691195,1.060235,0.691195
RL0005,setcover_wt-rail4872_old.wcnf,True,True,1873139.0,1873139.0,2.159458,0.552629,2.159458,0.552629
RL0005,setcover_wt-rail507_old.wcnf,True,True,220.0,220.0,15.965565,15.409955,41.523105,41.076045
RL0005,shiftdesign_wt-limits-10-10_data-1_inst-084_30m.sm-extracted_old.wcnf,True,True,49932711.0,49932711.0,10.988424,8.593975,10.988424,8.593975
RL0005,shiftdesign_wt-limits-10-10_data-1_inst-137_30m.sm-extracted_old.wcnf,True,True,17244442.0,17244442.0,4.440402,3.830678,4.440402,3.830678
RL0005,shiftdesign_wt-limits-10-10_data-1_inst-182_30m.sm-extracted_old.wcnf,True,True,30573006.0,30573006.0,9.468072,7.816839,9.468072,7.816839
RL0005,shiftdesign_wt-limits-10-10_data-2_inst-003_30m.sm-extracted_old.wcnf,True,True,41321652.0,41321652.0,11.49043,7.928245,11.49043,7.928245
RL0005,shiftdesign_wt-limits-10-10_data-2_inst-025_30m.sm-extracted_old.wcnf,True,True,56212258.0,56212258.0,11.537841,10.245269,11.537841,10.245269
RL0005,shiftdesign_wt-limits-10-10_data-2_inst-030_30m.sm-extracted_old.wcnf,True,True,122128224.0,122128224.0,22.926491,20.817583,22.926491,20.817583
RL0005,shiftdesign_wt-limits-10-10_data-3_inst-002_30m.sm-extracted_old.wcnf,True,True,35896155.0,35896155.0,7.987121,6.459518,7.987121,6.459518
RL0005,shiftdesign_wt-limits-10-10_data-3_inst-003_30m.sm-extracted_old.wcnf,True,True,28190618.0,28190618.0,6.261324,4.885456,6.261324,4.885456
RL0005,shiftdesign_wt-limits-10-10_data-4_inst-003_60m.sm-extracted_old.wcnf,True,True,87521039.0,87521039.0,17.375027,11.853295,17.375027,11.853295
RL0005,spot5_wt-1401.wcsp.log_old.wcnf,True,True,468096.0,468096.0,0.028258,0.014533,7.602884,7.41312
RL0005,spot5_wt-1403.wcsp.dir_old.wcnf,True,True,477264.0,477264.0,0.075754,0.015674,0.144338,0.084493
RL0005,spot5_wt-1403.wcsp.log_old.wcnf,True,True,469238.0,469238.0,0.075896,0.018833,34.774426,34.551875
RL0005,spot5_wt-1405.wcsp.dir_old.wcnf,True,True,475458.0,475458.0,0.143778,0.023278,0.334534,0.214086
RL0005,spot5_wt-1506.wcsp.log_old.wcnf,True,True,360527.0,360527.0,0.050051,0.023994,34.504252,34.225119
RL0005,spot5_wt-5.wcsp.log_old.wcnf,True,True,270.0,270.0,0.045271,0.013265,0.050523,0.018548
RL0005,staff-scheduling_wt-instance10_old.wcnf,True,True,6550.0,13536.0,2.555672,1.740905,57.699272,24.143301
RL0005,staff-scheduling_wt-instance11_old.wcnf,True,True,3653.0,8412.0,1.199861,0.845508,22.795963,22.438068
RL0005,staff-scheduling_wt-instance12_old.wcnf,True,True,7671.0,7671.0,4.145644,3.75212,13.842314,12.21476
RL0005,staff-scheduling_wt-instance2_old.wcnf,True,True,838.0,1526.0,0.036385,0.015479,3.616591,24.401429
RL0005,staff-scheduling_wt-instance3_old.wcnf,True,True,1026.0,1026.0,0.105129,0.047421,15.43724,15.128538
RL0005,staff-scheduling_wt-instance4_old.wcnf,True,True,1740.0,3322.0,0.093881,0.022653,41.333579,41.747713
RL0005,staff-scheduling_wt-instance5_old.wcnf,True,True,1287.0,4039.0,0.130588,0.058201,25.431748,11.255884
RL0005,staff-scheduling_wt-instance6_old.wcnf,True,True,2081.0,2081.0,0.141338,0.091184,10.601762,10.655245
RL0005,staff-scheduling_wt-instance7_old.wcnf,True,True,1178.0,5467.0,0.216248,0.09336,46.44659,15.279281
RL0005,staff-scheduling_wt-instance8_old.wcnf,True,True,2848.0,10359.0,0.687515,0.397323,20.639971,42.876927
RL0005,staff-scheduling_wt-instance9_old.wcnf,True,True,2161.0,7805.0,1.848458,1.173891,47.606658,24.318895
RL0005,switchingactivitymaximization-SwitchingActivityMaximization_OpenRISC1200_100_old.wcnf,True,True,392.0,392.0,1.088075,0.762812,1.088075,0.762812
RL0005,switchingactivitymaximization-SwitchingActivityMaximization_OpenRISC1200_150_old.wcnf,True,True,528.0,528.0,1.231364,0.761506,1.231364,0.761506
RL0005,switchingactivitymaximization-SwitchingActivityMaximization_OpenRISC1200_200_old.wcnf,True,True,602.0,602.0,2.059893,0.769472,2.059893,0.769472
RL0005,switchingactivitymaximization-SwitchingActivityMaximization_OpenRISC1200_66_old.wcnf,True,True,228.0,228.0,2.321311,0.797882,2.321311,0.797882
RL0005,switchingactivitymaximization-SwitchingActivityMaximization_OpenRISC1200_68_old.wcnf,True,True,193.0,193.0,1.591115,0.793695,1.591115,0.793695
RL0005,switchingactivitymaximization-SwitchingActivityMaximization_OpenRISC1200_70_old.wcnf,True,True,240.0,240.0,1.483199,0.787374,1.483199,0.787374
RL0005,switchingactivitymaximization-SwitchingActivityMaximization_OpenRISC1200_72_old.wcnf,True,True,202.0,202.0,1.982442,0.817107,1.982442,0.817107
RL0005,switchingactivitymaximization-SwitchingActivityMaximization_OpenRISC1200_80_old.wcnf,True,True,306.0,306.0,2.450808,0.788435,2.450808,0.788435
RL0005,switchingactivitymaximization-SwitchingActivityMaximization_OpenRISC1200_90_old.wcnf,True,True,283.0,283.0,6.267462,0.760739,6.267462,0.760739
RL0005,tcp_wt-tcp_students_112_it_2_old.wcnf,True,True,3699.0,3699.0,1.227663,0.243482,44.964902,44.071045
RL0005,timetabling_wt-comp02_old.wcnf,True,True,136.0,136.0,1.846114,0.832117,9.246761,8.376062
RL0005,timetabling_wt-comp09_old.wcnf,True,True,135.0,135.0,1.37508,0.777672,27.184037,27.021195
RL0005,timetabling_wt-comp12_old.wcnf,True,True,560.0,555.0,1.452485,0.629788,33.581973,59.839535
RL0005,timetabling_wt-dds4_old.wcnf,False,False,,,,,,
TH1,MaxSATQueriesinInterpretableClassifiers_wt-credit_train_8_CNF_5_20_old.wcnf,True,True,96480.0,96480.0,15.021479,14.082315,43.861201,44.482077
TH1,MaxSATQueriesinInterpretableClassifiers_wt-pima_train_6_CNF_3_20_old.wcnf,True,True,3310.0,3310.0,0.044567,0.008962,33.395268,33.391902
TH1,MaxSATQueriesinInterpretableClassifiers_wt-toms_test_2_CNF_3_20_old.wcnf,True,True,195.0,195.0,0.609756,0.605913,7.252474,7.988717
TH1,MinimumWeightDominatingSetProblem_wt-bn-human-BNU_1_0025865_session_1-bg_old.wcnf,True,True,140539244.0,140539244.0,6.239282,3.993594,6.239282,3.993594
TH1,MinimumWeightDominatingSetProblem_wt-channel-500x100x100-b050_old.wcnf,True,True,478624478.0,478624478.0,21.004552,19.26111,60.487852,61.26821
TH1,MinimumWeightDominatingSetProblem_wt-delaunay_n24_old.wcnf,True,True,1685918983.0,1686108752.0,50.026828,15.552924,62.178028,15.552924
TH1,MinimumWeightDominatingSetProblem_wt-hugebubbles-00020_old.wcnf,True,True,2130406259.0,2130406259.0,31.237817,26.137953,31.237817,26.137953
TH1,MinimumWeightDominatingSetProblem_wt-inf-road-usa_old.wcnf,True,True,2406704625.0,2406704625.0,26.741276,19.715714,26.741276,19.715714
TH1,MinimumWeightDominatingSetProblem_wt-rgg_n_2_24_s0_old.wcnf,True,True,1686108752.0,1686108752.0,45.573177,22.642766,45.573177,22.642766
TH1,MinimumWeightDominatingSetProblem_wt-sc-rel9_old.wcnf,True,True,593056574.0,593245812.0,35.612281,36.094929,61.275281,59.980029
TH1,MinimumWeightDominatingSetProblem_wt-soc-livejournal-user-groups_old.wcnf,True,True,752647274.0,752647274.0,26.920119,18.8365,26.920119,18.8365
TH1,MinimumWeightDominatingSetProblem_wt-web-wikipedia2009_old.wcnf,True,True,174611880.0,173496416.0,11.480486,7.323894,60.605716,60.590404
TH1,ParametricRBACMaintenance_mse20_wt-role_domino_multiple_0.1_8_old.wcnf,True,True,47682.0,46204.0,2.163202,1.849337,12.370532,13.245907
TH1,ParametricRBACMaintenance_mse20_wt-role_domino_multiple_0.2_0_old.wcnf,True,True,74189.0,72339.0,2.160493,2.144804,9.582683,13.434374
TH1,ParametricRBACMaintenance_mse20_wt-role_domino_multiple_0.5_1_old.wcnf,True,True,144463.0,144463.0,3.119143,1.898546,10.266053,7.631966
TH1,ParametricRBACMaintenance_mse20_wt-role_domino_multiple_0.6_8_old.wcnf,True,True,159871.0,159871.0,2.134829,1.92665,11.652069,11.28039
TH1,ParametricRBACMaintenance_mse20_wt-role_smallcomp_multiple_0.7_2_old.wcnf,True,True,277373.0,277373.0,12.558033,12.517132,58.706988,57.190921
TH1,ParametricRBACMaintenance_mse20_wt-role_smallcomp_multiple_0.7_6_old.wcnf,True,True,252179.0,252179.0,0.029064,0.010043,3.486914,3.480611
TH1,ParametricRBACMaintenance_mse20_wt-role_smallcomp_multiple_0.8_1_old.wcnf,True,True,350793.0,350793.0,0.027103,0.009669,10.317219,10.756101
TH1,ParametricRBACMaintenance_mse20_wt-role_smallcomp_multiple_0.9_6_old.wcnf,True,True,282321.0,282321.0,0.051007,0.010121,0.191686,0.151143
TH1,ParametricRBACMaintenance_mse20_wt-role_university_multiple_0.1_1_old.wcnf,True,True,63653.0,63484.0,2.951354,2.719567,11.422634,13.480767
TH1,ParametricRBACMaintenance_mse20_wt-role_university_multiple_0.4_7_old.wcnf,True,True,234414.0,404197.0,4.696812,3.079269,11.854412,55.529629
TH1,ParametricRBACMaintenance_mse20_wt-role_university_multiple_0.5_4_old.wcnf,True,True,215348.0,215348.0,3.291607,2.642154,13.458707,11.219924
TH1,ParametricRBACMaintenance_mse20_wt-role_university_multiple_0.5_5_old.wcnf,True,True,198362.0,198362.0,3.076692,2.905677,12.371532,11.746737
TH1,ParametricRBACMaintenance_mse20_wt-role_university_multiple_0.5_7_old.wcnf,True,True,263585.0,492533.0,3.979872,3.180373,9.758902,50.918093
TH1,abstraction-refinement_wt-downcast-antlr_old.wcnf,True,True,79566.0,78873.0,9.610021,20.730097,9.610021,22.964007
TH1,abstraction-refinement_wt-downcast-avrora_old.wcnf,True,True,49759.0,49759.0,14.415457,14.096175,18.520547,18.308425
TH1,abstraction-refinement_wt-downcast-hsqldb_old.wcnf,True,True,32293.0,34922.0,31.648643,13.635145,40.549243,13.635145
TH1,abstraction-refinement_wt-downcast-pmd_old.wcnf,True,True,6287.0,8791.0,31.192836,13.774238,41.553736,13.774238
TH1,abstraction-refinement_wt-downcast-xalan_old.wcnf,True,True,65593.0,65615.0,16.6016,16.476297,59.13149,46.366877
TH1,abstraction-refinement_wt-polysite-avrora_old.wcnf,True,True,55020.0,55020.0,16.46761,14.424162,20.44499,18.514532
TH1,abstraction-refinement_wt-polysite-bloat_old.wcnf,True,True,2397.0,2397.0,45.862395,44.457095,61.341495,62.404595
TH1,abstraction-refinement_wt-polysite-hsqldb_old.wcnf,True,True,177778.0,175624.0,14.378859,34.875268,14.378859,43.834268
TH1,abstraction-refinement_wt-polysite-pmd_old.wcnf,True,True,190826.0,190826.0,26.473427,27.887006,34.166027,35.485006
TH1,abstraction-refinement_wt-polysite-xalan_old.wcnf,True,True,117742.0,117742.0,22.222937,20.012416,27.096837,25.126426
TH1,causal-discovery_wt-causal_Link_10_10000_old.wcnf,True,True,39112847.0,39112847.0,3.546758,3.195241,14.887858,14.562531
TH1,causal-discovery_wt-causal_Link_10_1000_old.wcnf,True,True,33562494.0,33562494.0,3.653289,3.194379,30.145389,29.065869
TH1,causal-discovery_wt-causal_Link_9_100_old.wcnf,True,True,3242187.0,3242187.0,1.996114,0.516476,1.996114,0.516476
TH1,causal-discovery_wt-causal_Mushroom_7_1000_old.wcnf,True,True,9414169.0,9414169.0,0.1554,0.134532,17.869041,18.142392
TH1,causal-discovery_wt-causal_Pigs_6_1000_old.wcnf,True,True,35110976.0,35110976.0,0.604325,0.178458,0.604325,0.178458
TH1,causal-discovery_wt-causal_Water_10_1000_old.wcnf,True,True,45193159.0,45193159.0,3.237911,3.237651,11.619061,11.390521
TH1,causal-discovery_wt-causal_alarm_9_1000_old.wcnf,True,True,36049513.0,36049513.0,1.268197,1.167444,10.24051,10.153503
TH1,causal-discovery_wt-causal_carpo_8_1000_old.wcnf,True,True,2244087.0,2244087.0,0.460445,0.397609,59.12291,59.211884
TH1,correlation-clustering_wt-Rounded_CorrelationClustering_Ionosphere_BINARY_N260_D0.200_old.wcnf,True,True,7014701.0,7014701.0,0.449744,0.434356,7.573165,7.602117
TH1,correlation-clustering_wt-Rounded_CorrelationClustering_Protein1_UNARY_N290_old.wcnf,True,True,32090014.0,33957845.0,4.987195,1.453825,6.811545,1.453825
TH1,correlation-clustering_wt-Rounded_CorrelationClustering_Protein2_BINARY_N220_old.wcnf,True,True,14004102.0,14004102.0,0.195893,0.156836,8.168712,8.273307
TH1,correlation-clustering_wt-Rounded_CorrelationClustering_Protein2_BINARY_N240_old.wcnf,True,True,16116883.0,16116883.0,0.206399,0.187628,8.4641,8.459131
TH1,correlation-clustering_wt-Rounded_CorrelationClustering_Protein2_BINARY_N380_old.wcnf,True,True,39198852.0,39198852.0,0.516161,0.482135,12.039557,11.893285
TH1,correlation-clustering_wt-Rounded_CorrelationClustering_Protein2_UNARY_N220_old.wcnf,True,True,21300102.0,21300102.0,2.815447,2.581139,3.672867,3.451669
TH1,correlation-clustering_wt-Rounded_CorrelationClustering_Protein3_TRANSITIVE_N280_old.wcnf,True,True,185255761.0,185255761.0,9.352062,8.989869,30.006912,29.552959
TH1,correlation-clustering_wt-Rounded_CorrelationClustering_Protein3_UNARY_N220_old.wcnf,True,True,19154505.0,19154505.0,2.514262,2.469275,4.591722,4.442505
TH1,correlation-clustering_wt-Rounded_CorrelationClustering_Protein4_BINARY_N320_old.wcnf,True,True,14733167.0,14733167.0,0.208796,0.183948,7.974472,7.691228
TH1,correlation-clustering_wt-Rounded_CorrelationClustering_Protein4_UNARY_N250_old.wcnf,True,True,11103273.0,11103273.0,2.533845,2.276882,11.481845,10.979092
TH1,correlation-clustering_wt-Rounded_CorrelationClustering_Vowel_BINARY_N700_D0.200_old.wcnf,True,True,75201247.0,75201247.0,2.389101,2.318861,2.576081,2.486941
TH1,correlation-clustering_wt-Rounded_CorrelationClustering_Vowel_BINARY_N800_D0.200_old.wcnf,True,True,86276967.0,1169882030.0,3.327337,1.128831,8.202637,1.128831
TH1,decision-tree-anneal-un-formula_0.8_2021_atleast_31_max-4_reduced_incomplete_adaboost_3_old.wcnf,True,True,355.0,355.0,1.553209,1.466275,3.154289,3.033485
TH1,decision-tree-anneal-un-formula_0.8_2021_atleast_31_max-4_reduced_incomplete_adaboost_5_old.wcnf,True,True,762.0,762.0,1.528031,1.44489,8.742101,8.17683
TH1,decision-tree-australian-credit-un-formula_0.8_2021_atleast_31_max-4_reduced_incomplete_adaboost_5_old.wcnf,True,True,575.0,575.0,2.22725,2.025453,4.0739,3.835353
TH1,decision-tree-heart-cleveland-un-formula_0.8_2021_atleast_127_max-6_reduced_incomplete_adaboost_2_old.wcnf,True,True,139.0,139.0,3.043973,2.679815,3.043973,2.679815
TH1,decision-tree-heart-cleveland-un-formula_0.8_2021_atleast_15_max-3_reduced_incomplete_adaboost_4_old.wcnf,True,True,138.0,138.0,0.31645,0.285256,0.501206,0.468798
TH1,decision-tree-heart-cleveland-un-formula_0.8_2021_atleast_31_max-4_reduced_incomplete_adaboost_4_old.wcnf,True,True,146.0,146.0,0.730533,0.672121,1.028816,0.959474
TH1,decision-tree-heart-cleveland-un-formula_0.8_2021_atleast_31_max-4_reduced_incomplete_adaboost_6_old.wcnf,True,True,240.0,240.0,0.759052,0.689677,1.454042,1.375749
TH1,decision-tree-primary-tumor-un-formula_0.8_2021_atleast_127_max-6_reduced_incomplete_adaboost_2_old.wcnf,True,True,113.0,113.0,3.559732,2.844343,5.835292,4.843283
TH1,decision-tree-primary-tumor-un-formula_0.8_2021_atleast_127_max-6_reduced_incomplete_adaboost_4_old.wcnf,True,True,212.0,212.0,4.117007,2.852636,4.258837,2.978756
TH1,decision-tree-primary-tumor-un-formula_0.8_2021_atleast_15_max-3_reduced_incomplete_adaboost_2_old.wcnf,True,True,84.0,84.0,0.138589,0.09782,4.743873,4.65765
TH1,decision-tree-primary-tumor-un-formula_0.8_2021_atleast_31_max-4_reduced_incomplete_adaboost_4_old.wcnf,True,True,155.0,155.0,0.272315,0.25064,4.112743,4.047946
TH1,decision-tree-primary-tumor-un-formula_0.8_2021_atleast_63_max-5_reduced_incomplete_adaboost_6_old.wcnf,True,True,338.0,338.0,0.812037,0.795209,1.644059,1.611758
TH1,decision-tree-tic-tac-toe-un-formula_0.8_2021_atleast_15_max-3_reduced_incomplete_adaboost_2_old.wcnf,True,True,335.0,335.0,0.280565,0.218231,0.432684,0.361422
TH1,decision-tree-tic-tac-toe-un-formula_0.8_2021_atleast_15_max-3_reduced_incomplete_adaboost_3_old.wcnf,True,True,443.0,443.0,0.324483,0.249332,0.400081,0.326826
TH1,decision-tree-tic-tac-toe-un-formula_0.8_2021_atleast_31_max-4_reduced_incomplete_adaboost_2_old.wcnf,True,True,286.0,286.0,0.444517,0.391613,0.444517,0.391613
TH1,drmx-cryptogen_wt-geffe128_7_old.wcnf,True,True,811.0,811.0,0.019867,0.006924,29.304254,29.288391
TH1,generalized-ising_wt-IS11_5.0.5.0.0.5_softer_periodic_old.wcnf,True,True,112229069992697.0,112229069992697.0,0.051307,0.034917,0.668252,0.650998
TH1,generalized-ising_wt-IS12_5.0.5.0.0.5_softer_periodic_old.wcnf,True,True,113171466486232.0,113171466486232.0,0.233224,0.034159,0.239781,0.040581
TH1,generalized-ising_wt-IS13_5.0.5.0.0.5_softer_periodic_old.wcnf,True,True,119401387482250.0,119401387482250.0,0.081375,0.03439,0.085178,0.037715
TH1,generalized-ising_wt-IS15_5.0.5.0.0.5_softer_periodic_old.wcnf,True,True,114658059944605.0,114658059944605.0,0.106127,0.034413,0.111152,0.038939
TH1,generalized-ising_wt-IS16_5.0.5.0.0.5_softer_periodic_old.wcnf,True,True,115258059944605.0,115258059944605.0,0.381611,0.034609,6.466168,5.982497
TH1,generalized-ising_wt-IS17_5.0.5.0.0.5_softer_periodic_old.wcnf,True,True,115902780531937.0,115902780531937.0,0.058803,0.034488,14.651764,14.459293
TH1,generalized-ising_wt-IS20_5.0.5.0.0.5_softer_periodic_old.wcnf,True,True,119388436533623.0,119388436533623.0,0.079473,0.0345,0.120177,0.074654
TH1,generalized-ising_wt-IS22_5.0.5.0.0.5_softer_periodic_old.wcnf,True,True,119112776308211.0,119112776308211.0,0.048958,0.034459,0.059808,0.045037
TH1,generalized-ising_wt-IS23_5.0.5.0.0.5_softer_periodic_old.wcnf,True,True,118663520151734.0,118663520151734.0,0.050812,0.034139,0.113351,0.094758
TH1,generalized-ising_wt-IS3_5.0.5.0.0.5_softer_periodic_old.wcnf,True,True,116804575996363.0,116804575996363.0,0.136658,0.034112,6.525039,6.42424
TH1,generalized-ising_wt-IS4_5.0.5.0.0.5_softer_periodic_old.wcnf,True,True,115857504490177.0,115857504490177.0,0.080799,0.034278,0.119734,0.072002
TH1,generalized-ising_wt-IS5_5.0.5.0.0.5_softer_periodic_old.wcnf,True,True,114843630201223.0,114843630201223.0,0.058437,0.0342,0.54742,0.523754
TH1,generalized-ising_wt-IS6_5.0.5.0.0.5_softer_periodic_old.wcnf,True,True,113797656078091.0,113797656078091.0,0.05406,0.035381,0.125752,0.107409
TH1,generalized-ising_wt-IS7_5.0.5.0.0.5_softer_periodic_old.wcnf,True,True,112706601923009.0,112706601923009.0,0.053455,0.034258,0.085407,0.066656
TH1,generalized-ising_wt-IS9_5.0.5.0.0.5_softer_periodic_old.wcnf,True,True,110066981524169.0,110066981524169.0,0.078338,0.034024,0.115075,0.072245
TH1,hs-timetabling_wt-BrazilInstance1.xml_old.wcnf,True,True,117.0,117.0,0.102949,0.088761,41.348795,41.31665
TH1,hs-timetabling_wt-BrazilInstance2.xml_old.wcnf,True,True,149.0,149.0,0.231236,0.207017,50.061829,49.883275
TH1,hs-timetabling_wt-BrazilInstance4.xml_old.wcnf,True,True,267.0,267.0,1.486495,1.349171,1.486495,1.349171
TH1,hs-timetabling_wt-BrazilInstance5.xml_old.wcnf,True,True,490.0,490.0,1.216193,0.563295,29.200132,28.771674
TH1,hs-timetabling_wt-BrazilInstance6.xml_old.wcnf,True,True,546.0,546.0,0.852152,0.800764,55.44878,55.598093
TH1,hs-timetabling_wt-BrazilInstance7.xml_old.wcnf,True,True,889.0,889.0,1.143801,1.048214,49.743412,49.788229
TH1,hs-timetabling_wt-FinlandSecondarySchool.xml_old.wcnf,True,True,817.0,817.0,1.51645,1.411336,1.51645,1.411336
TH1,hs-timetabling_wt-ItalyInstance4.xml_old.wcnf,True,True,12143.0,12143.0,9.223397,9.529443,19.116237,19.836173
TH1,judgment-aggregation-ja-kemeny-preflib-00049-00000300_old.wcnf,True,True,793.0,793.0,0.27009,0.223838,44.989536,44.202074
TH1,judgment-aggregation-ja-kemeny-preflib-00049-00000334_old.wcnf,True,True,612.0,612.0,0.151844,0.109778,52.27211,52.254606
TH1,judgment-aggregation-ja-kemeny-preflib-00049-00000451_old.wcnf,True,True,1020.0,1020.0,0.917298,0.852634,50.607433,51.345165
TH1,judgment-aggregation-ja-kemeny-preflib-00049-00000454_old.wcnf,True,True,715.0,715.0,0.291752,0.284035,57.87245,59.1984
TH1,judgment-aggregation-ja-kemeny-preflib-00051-00000011_old.wcnf,True,True,779.0,786.0,1.490124,1.353311,58.898048,44.708561
TH1,max-realizability_wt-power-distribution_11_7_old.wcnf,True,True,126.0,126.0,0.534698,0.555632,1.179387,1.247263
TH1,max-realizability_wt-power-distribution_12_8_old.wcnf,True,True,216.0,216.0,1.314513,1.219131,1.783352,1.688543
TH1,max-realizability_wt-robot-navigation_10_old.wcnf,True,True,39.0,39.0,10.870491,11.388124,10.870491,11.388124
TH1,metro_wt-metro_8_8_5_20_10_6_500_1_3.lp.sm-extracted_old.wcnf,True,True,215.0,215.0,6.37451,6.399715,10.40372,10.424985
TH1,mpe_wt-random-net-50-5_network-8.net_old.wcnf,True,True,48330.0,48330.0,0.074281,0.011704,33.219044,33.261728
TH1,pseudoBoolean_wt-normalized-mps-v2-20-10-sentoy.opb.msat_old.wcnf,True,True,9460.0,9460.0,0.261517,0.043212,0.261517,0.043212
TH1,railway-transport_wt-bf2030fvslack_old.wcnf,True,True,561747.0,264711.0,58.007234,19.099415,58.007234,43.078465
TH1,railway-transport_wt-f2030_old.wcnf,True,True,6979.0,6979.0,9.488085,2.828069,59.720215,53.107999
TH1,railway-transport_wt-r11_old.wcnf,True,True,73964834.0,68426962.0,54.235723,18.645306,59.981823,43.182306
TH1,railway-transport_wt-wg2_old.wcnf,True,True,866.0,866.0,13.894965,12.451215,41.007915,39.194905
TH1,ramsey_wt-ram_k3_n14.ra1_old.wcnf,True,True,3025.0,3025.0,0.072657,0.01881,0.563721,0.50386
TH1,ramsey_wt-ram_k3_n16.ra1_old.wcnf,True,True,7271.0,7271.0,0.026102,0.002787,0.465915,0.445184
TH1,ramsey_wt-ram_k3_n19.ra1_old.wcnf,True,True,20665.0,20665.0,0.047509,0.004707,1.241751,1.195087
TH1,ramsey_wt-ram_k4_n19.ra1_old.wcnf,True,True,1240.0,1240.0,0.096689,0.007155,8.120485,8.00519
TH1,relational-inference_wt-pa-1_old.wcnf,True,True,8282.0,8282.0,4.687011,2.846547,7.158971,5.220657
TH1,relational-inference_wt-pa-2_old.wcnf,True,True,3093.0,3093.0,38.679657,34.352601,38.753257,34.427701
TH1,relational-inference_wt-pa-3_old.wcnf,True,True,2967.0,446468655.0,34.577939,6.299504,57.496739,6.299504
TH1,setcover_wt-rail2536_old.wcnf,True,True,2147034.0,2147034.0,1.167363,0.697037,1.167363,0.697037
TH1,setcover_wt-rail4284_old.wcnf,True,True,2119198.0,2119198.0,1.060235,0.709844,1.060235,0.709844
TH1,setcover_wt-rail4872_old.wcnf,True,True,1873139.0,1873139.0,2.159458,0.568006,2.159458,0.568006
TH1,setcover_wt-rail507_old.wcnf,True,True,220.0,220.0,15.965565,15.624805,41.523105,41.555615
TH1,shiftdesign_wt-limits-10-10_data-1_inst-084_30m.sm-extracted_old.wcnf,True,True,49932711.0,49932711.0,10.988424,8.46531,10.988424,8.46531
TH1,shiftdesign_wt-limits-10-10_data-1_inst-137_30m.sm-extracted_old.wcnf,True,True,17244442.0,17244442.0,4.440402,3.830205,4.440402,3.830205
TH1,shiftdesign_wt-limits-10-10_data-1_inst-182_30m.sm-extracted_old.wcnf,True,True,30573006.0,30573006.0,9.468072,8.147381,9.468072,8.147381
TH1,shiftdesign_wt-limits-10-10_data-2_inst-003_30m.sm-extracted_old.wcnf,True,True,41321652.0,41321652.0,11.49043,7.722589,11.49043,7.722589
TH1,shiftdesign_wt-limits-10-10_data-2_inst-025_30m.sm-extracted_old.wcnf,True,True,56212258.0,56212258.0,11.537841,10.0913,11.537841,10.0913
TH1,shiftdesign_wt-limits-10-10_data-2_inst-030_30m.sm-extracted_old.wcnf,True,True,122128224.0,122128224.0,22.926491,20.709443,22.926491,20.709443
TH1,shiftdesign_wt-limits-10-10_data-3_inst-002_30m.sm-extracted_old.wcnf,True,True,35896155.0,35896155.0,7.987121,6.331256,7.987121,6.331256
TH1,shiftdesign_wt-limits-10-10_data-3_inst-003_30m.sm-extracted_old.wcnf,True,True,28190618.0,28190618.0,6.261324,4.772681,6.261324,4.772681
TH1,shiftdesign_wt-limits-10-10_data-4_inst-003_60m.sm-extracted_old.wcnf,True,True,87521039.0,87521039.0,17.375027,11.932334,17.375027,11.932334
TH1,spot5_wt-1401.wcsp.log_old.wcnf,True,True,468096.0,468096.0,0.028258,0.014653,7.602884,7.388484
TH1,spot5_wt-1403.wcsp.dir_old.wcnf,True,True,477264.0,477264.0,0.075754,0.015998,0.144338,0.084446
TH1,spot5_wt-1403.wcsp.log_old.wcnf,True,True,469238.0,469238.0,0.075896,0.01899,34.774426,34.793869
TH1,spot5_wt-1405.wcsp.dir_old.wcnf,True,True,475458.0,475458.0,0.143778,0.023444,0.334534,0.215964
TH1,spot5_wt-1506.wcsp.log_old.wcnf,True,True,360527.0,360527.0,0.050051,0.024271,34.504252,34.221702
TH1,spot5_wt-5.wcsp.log_old.wcnf,True,True,270.0,270.0,0.045271,0.013275,0.050523,0.018551
TH1,staff-scheduling_wt-instance10_old.wcnf,True,True,6550.0,6625.0,2.555672,2.636794,57.699272,38.402684
TH1,staff-scheduling_wt-instance11_old.wcnf,True,True,3653.0,3653.0,1.199861,1.106938,22.795963,24.111492
TH1,staff-scheduling_wt-instance12_old.wcnf,True,True,7671.0,7671.0,4.145644,3.808334,13.842314,12.629324
TH1,staff-scheduling_wt-instance2_old.wcnf,True,True,838.0,838.0,0.036385,0.016678,3.616591,3.568822
TH1,staff-scheduling_wt-instance3_old.wcnf,True,True,1026.0,1026.0,0.105129,0.048194,15.43724,15.300772
TH1,staff-scheduling_wt-instance4_old.wcnf,True,True,1740.0,1740.0,0.093881,0.026938,41.333579,40.724686
TH1,staff-scheduling_wt-instance5_old.wcnf,True,True,1287.0,1287.0,0.130588,0.074298,25.431748,25.357125
TH1,staff-scheduling_wt-instance6_old.wcnf,True,True,2081.0,2081.0,0.141338,0.092193,10.601762,10.607334
TH1,staff-scheduling_wt-instance7_old.wcnf,True,True,1178.0,1178.0,0.216248,0.11688,46.44659,45.723833
TH1,staff-scheduling_wt-instance8_old.wcnf,True,True,2848.0,2848.0,0.687515,0.539424,20.639971,18.435669
TH1,staff-scheduling_wt-instance9_old.wcnf,True,True,2161.0,2142.0,1.848458,1.582744,47.606658,58.291458
TH1,switchingactivitymaximization-SwitchingActivityMaximization_OpenRISC1200_100_old.wcnf,True,True,392.0,392.0,1.088075,0.798303,1.088075,0.798303
TH1,switchingactivitymaximization-SwitchingActivityMaximization_OpenRISC1200_150_old.wcnf,True,True,528.0,528.0,1.231364,0.759688,1.231364,0.759688
TH1,switchingactivitymaximization-SwitchingActivityMaximization_OpenRISC1200_200_old.wcnf,True,True,602.0,602.0,2.059893,0.802434,2.059893,0.802434
TH1,switchingactivitymaximization-SwitchingActivityMaximization_OpenRISC1200_66_old.wcnf,True,True,228.0,228.0,2.321311,0.77645,2.321311,0.77645
TH1,switchingactivitymaximization-SwitchingActivityMaximization_OpenRISC1200_68_old.wcnf,True,True,193.0,193.0,1.591115,0.767702,1.591115,0.767702
TH1,switchingactivitymaximization-SwitchingActivityMaximization_OpenRISC1200_70_old.wcnf,True,True,240.0,240.0,1.483199,0.777075,1.483199,0.777075
TH1,switchingactivitymaximization-SwitchingActivityMaximization_OpenRISC1200_72_old.wcnf,True,True,202.0,202.0,1.982442,0.805246,1.982442,0.805246
TH1,switchingactivitymaximization-SwitchingActivityMaximization_OpenRISC1200_80_old.wcnf,True,True,306.0,306.0,2.450808,0.793874,2.450808,0.793874
TH1,switchingactivitymaximization-SwitchingActivityMaximization_OpenRISC1200_90_old.wcnf,True,True,283.0,283.0,6.267462,0.766643,6.267462,0.766643
TH1,tcp_wt-tcp_students_112_it_2_old.wcnf,True,True,3699.0,3699.0,1.227663,0.245886,44.964902,43.305646
TH1,timetabling_wt-comp02_old.wcnf,True,True,136.0,136.0,1.846114,0.865414,9.246761,8.67401
TH1,timetabling_wt-comp09_old.wcnf,True,True,135.0,135.0,1.37508,0.82451,27.184037,28.240207
TH1,timetabling_wt-comp12_old.wcnf,True,True,560.0,560.0,1.452485,0.642899,33.581973,29.785334
TH1,timetabling_wt-dds4_old.wcnf,False,False,,,,,,
TH5,MaxSATQueriesinInterpretableClassifiers_wt-credit_train_8_CNF_5_20_old.wcnf,True,True,96480.0,96480.0,15.021479,14.112418,43.861201,43.53073
TH5,MaxSATQueriesinInterpretableClassifiers_wt-pima_train_6_CNF_3_20_old.wcnf,True,True,3310.0,3310.0,0.044567,0.008816,33.395268,33.054332
TH5,MaxSATQueriesinInterpretableClassifiers_wt-toms_test_2_CNF_3_20_old.wcnf,True,True,195.0,195.0,0.609756,0.553951,7.252474,7.639037
TH5,MinimumWeightDominatingSetProblem_wt-bn-human-BNU_1_0025865_session_1-bg_old.wcnf,True,True,140539244.0,140539244.0,6.239282,3.857094,6.239282,3.857094
TH5,MinimumWeightDominatingSetProblem_wt-channel-500x100x100-b050_old.wcnf,True,True,478624478.0,478624478.0,21.004552,19.278256,60.487852,60.131356
TH5,MinimumWeightDominatingSetProblem_wt-delaunay_n24_old.wcnf,True,True,1685918983.0,1685918983.0,50.026828,47.332775,62.178028,60.188175
TH5,MinimumWeightDominatingSetProblem_wt-hugebubbles-00020_old.wcnf,True,True,2130406259.0,2130406259.0,31.237817,27.371425,31.237817,27.371425
TH5,MinimumWeightDominatingSetProblem_wt-inf-road-usa_old.wcnf,True,True,2406704625.0,2406704625.0,26.741276,18.844152,26.741276,18.844152
TH5,MinimumWeightDominatingSetProblem_wt-rgg_n_2_24_s0_old.wcnf,True,True,1686108752.0,1686108752.0,45.573177,23.093828,45.573177,23.093828
TH5,MinimumWeightDominatingSetProblem_wt-sc-rel9_old.wcnf,True,True,593056574.0,593434732.0,35.612281,33.163663,61.275281,61.597663
TH5,MinimumWeightDominatingSetProblem_wt-soc-livejournal-user-groups_old.wcnf,True,True,752647274.0,752647274.0,26.920119,18.858912,26.920119,18.858912
TH5,MinimumWeightDominatingSetProblem_wt-web-wikipedia2009_old.wcnf,True,True,174611880.0,35092853.0,11.480486,10.401575,60.605716,13.870395
TH5,ParametricRBACMaintenance_mse20_wt-role_domino_multiple_0.1_8_old.wcnf,True,True,47682.0,47682.0,2.163202,1.783913,12.370532,11.244993
TH5,ParametricRBACMaintenance_mse20_wt-role_domino_multiple_0.2_0_old.wcnf,True,True,74189.0,74189.0,2.160493,1.978345,9.582683,9.581335
TH5,ParametricRBACMaintenance_mse20_wt-role_domino_multiple_0.5_1_old.wcnf,True,True,144463.0,144463.0,3.119143,1.88396,10.266053,7.78381
TH5,ParametricRBACMaintenance_mse20_wt-role_domino_multiple_0.6_8_old.wcnf,True,True,159871.0,159871.0,2.134829,1.889159,11.652069,12.354359
TH5,ParametricRBACMaintenance_mse20_wt-role_smallcomp_multiple_0.7_2_old.wcnf,True,True,277373.0,277373.0,12.558033,12.517224,58.706988,57.599478
TH5,ParametricRBACMaintenance_mse20_wt-role_smallcomp_multiple_0.7_6_old.wcnf,True,True,252179.0,252179.0,0.029064,0.009962,3.486914,3.490974
TH5,ParametricRBACMaintenance_mse20_wt-role_smallcomp_multiple_0.8_1_old.wcnf,True,True,350793.0,350793.0,0.027103,0.009369,10.317219,10.276829
TH5,ParametricRBACMaintenance_mse20_wt-role_smallcomp_multiple_0.9_6_old.wcnf,True,True,282321.0,282321.0,0.051007,0.009953,0.191686,0.151156
TH5,ParametricRBACMaintenance_mse20_wt-role_university_multiple_0.1_1_old.wcnf,True,True,63653.0,63653.0,2.951354,2.737834,11.422634,11.984114
TH5,ParametricRBACMaintenance_mse20_wt-role_university_multiple_0.4_7_old.wcnf,True,True,234414.0,234414.0,4.696812,3.764723,11.854412,9.867303
TH5,ParametricRBACMaintenance_mse20_wt-role_university_multiple_0.5_4_old.wcnf,True,True,215348.0,215348.0,3.291607,2.479169,13.458707,10.835829
TH5,ParametricRBACMaintenance_mse20_wt-role_university_multiple_0.5_5_old.wcnf,True,True,198362.0,198362.0,3.076692,2.937149,12.371532,12.636169
TH5,ParametricRBACMaintenance_mse20_wt-role_university_multiple_0.5_7_old.wcnf,True,True,263585.0,263585.0,3.979872,3.796998,9.758902,9.281708
TH5,abstraction-refinement_wt-downcast-antlr_old.wcnf,True,False,79566.0,,9.610021,20.581018,9.610021,22.736108
TH5,abstraction-refinement_wt-downcast-avrora_old.wcnf,True,True,49759.0,49759.0,14.415457,15.539809,18.520547,19.658169
TH5,abstraction-refinement_wt-downcast-hsqldb_old.wcnf,True,True,32293.0,34922.0,31.648643,13.528829,40.549243,13.528829
TH5,abstraction-refinement_wt-downcast-pmd_old.wcnf,True,True,6287.0,8791.0,31.192836,13.413162,41.553736,13.413162
TH5,abstraction-refinement_wt-downcast-xalan_old.wcnf,True,True,65593.0,65615.0,16.6016,17.445305,59.13149,49.115785
TH5,abstraction-refinement_wt-polysite-avrora_old.wcnf,True,True,55020.0,55020.0,16.46761,15.158227,20.44499,19.248147
TH5,abstraction-refinement_wt-polysite-bloat_old.wcnf,True,False,2397.0,,45.862395,48.933235,61.341495,63.738835
TH5,abstraction-refinement_wt-polysite-hsqldb_old.wcnf,True,True,177778.0,175624.0,14.378859,36.935952,14.378859,47.190552
TH5,abstraction-refinement_wt-polysite-pmd_old.wcnf,True,True,190826.0,190826.0,26.473427,28.643901,34.166027,37.024901
TH5,abstraction-refinement_wt-polysite-xalan_old.wcnf,True,False,117742.0,,22.222937,20.637012,27.096837,25.733092
TH5,causal-discovery_wt-causal_Link_10_10000_old.wcnf,True,True,39112847.0,39112847.0,3.546758,3.233398,14.887858,14.571728
TH5,causal-discovery_wt-causal_Link_10_1000_old.wcnf,True,True,33562494.0,33562494.0,3.653289,3.219074,30.145389,28.777104
TH5,causal-discovery_wt-causal_Link_9_100_old.wcnf,True,True,3242187.0,3242187.0,1.996114,0.511038,1.996114,0.511038
TH5,causal-discovery_wt-causal_Mushroom_7_1000_old.wcnf,True,True,9414169.0,9414169.0,0.1554,0.136121,17.869041,17.813611
TH5,causal-discovery_wt-causal_Pigs_6_1000_old.wcnf,True,True,35110976.0,35110976.0,0.604325,0.175129,0.604325,0.175129
TH5,causal-discovery_wt-causal_Water_10_1000_old.wcnf,True,True,45193159.0,45193159.0,3.237911,3.213334,11.619061,11.887294
TH5,causal-discovery_wt-causal_alarm_9_1000_old.wcnf,True,True,36049513.0,36049513.0,1.268197,1.192548,10.24051,10.149031
TH5,causal-discovery_wt-causal_carpo_8_1000_old.wcnf,True,True,2244087.0,2244087.0,0.460445,0.405333,59.12291,59.004773
TH5,correlation-clustering_wt-Rounded_CorrelationClustering_Ionosphere_BINARY_N260_D0.200_old.wcnf,True,True,7014701.0,7014701.0,0.449744,0.430317,7.573165,7.723923
TH5,correlation-clustering_wt-Rounded_CorrelationClustering_Protein1_UNARY_N290_old.wcnf,True,True,32090014.0,32090014.0,4.987195,5.005944,6.811545,6.911604
TH5,correlation-clustering_wt-Rounded_CorrelationClustering_Protein2_BINARY_N220_old.wcnf,True,True,14004102.0,14004102.0,0.195893,0.156251,8.168712,8.199811
TH5,correlation-clustering_wt-Rounded_CorrelationClustering_Protein2_BINARY_N240_old.wcnf,True,True,16116883.0,16116883.0,0.206399,0.186755,8.4641,8.447753
TH5,correlation-clustering_wt-Rounded_CorrelationClustering_Protein2_BINARY_N380_old.wcnf,True,True,39198852.0,39198852.0,0.516161,0.492094,12.039557,12.052568
TH5,correlation-clustering_wt-Rounded_CorrelationClustering_Protein2_UNARY_N220_old.wcnf,True,True,21300102.0,21300102.0,2.815447,2.56922,3.672867,3.44675
TH5,correlation-clustering_wt-Rounded_CorrelationClustering_Protein3_TRANSITIVE_N280_old.wcnf,True,True,185255761.0,185255761.0,9.352062,9.014913,30.006912,29.931493
TH5,correlation-clustering_wt-Rounded_CorrelationClustering_Protein3_UNARY_N220_old.wcnf,True,True,19154505.0,19154505.0,2.514262,2.47801,4.591722,4.52549
TH5,correlation-clustering_wt-Rounded_CorrelationClustering_Protein4_BINARY_N320_old.wcnf,True,True,14733167.0,14733167.0,0.208796,0.189955,7.974472,7.955762
TH5,correlation-clustering_wt-Rounded_CorrelationClustering_Protein4_UNARY_N250_old.wcnf,True,True,11103273.0,11103273.0,2.533845,2.270058,11.481845,11.420198
TH5,correlation-clustering_wt-Rounded_CorrelationClustering_Vowel_BINARY_N700_D0.200_old.wcnf,True,True,75201247.0,75201247.0,2.389101,2.396616,2.576081,2.564476
TH5,correlation-clustering_wt-Rounded_CorrelationClustering_Vowel_BINARY_N800_D0.200_old.wcnf,True,True,86276967.0,86276967.0,3.327337,3.59771,8.202637,8.88451
TH5,decision-tree-anneal-un-formula_0.8_2021_atleast_31_max-4_reduced_incomplete_adaboost_3_old.wcnf,True,True,355.0,355.0,1.553209,1.461512,3.154289,3.068572
TH5,decision-tree-anneal-un-formula_0.8_2021_atleast_31_max-4_reduced_incomplete_adaboost_5_old.wcnf,True,True,762.0,762.0,1.528031,1.422876,8.742101,8.182606
TH5,decision-tree-australian-credit-un-formula_0.8_2021_atleast_31_max-4_reduced_incomplete_adaboost_5_old.wcnf,True,True,575.0,575.0,2.22725,2.009793,4.0739,3.815943
TH5,decision-tree-heart-cleveland-un-formula_0.8_2021_atleast_127_max-6_reduced_incomplete_adaboost_2_old.wcnf,True,True,139.0,72.0,3.043973,8.414595,3.043973,8.471365
TH5,decision-tree-heart-cleveland-un-formula_0.8_2021_atleast_15_max-3_reduced_incomplete_adaboost_4_old.wcnf,True,True,138.0,138.0,0.31645,0.284174,0.501206,0.467057
TH5,decision-tree-heart-cleveland-un-formula_0.8_2021_atleast_31_max-4_reduced_incomplete_adaboost_4_old.wcnf,True,True,146.0,146.0,0.730533,0.663381,1.028816,0.957476
TH5,decision-tree-heart-cleveland-un-formula_0.8_2021_atleast_31_max-4_reduced_incomplete_adaboost_6_old.wcnf,True,True,240.0,240.0,0.759052,0.695103,1.454042,1.379013
TH5,decision-tree-primary-tumor-un-formula_0.8_2021_atleast_127_max-6_reduced_incomplete_adaboost_2_old.wcnf,True,True,113.0,113.0,3.559732,2.838474,5.835292,4.968664
TH5,decision-tree-primary-tumor-un-formula_0.8_2021_atleast_127_max-6_reduced_incomplete_adaboost_4_old.wcnf,True,True,212.0,212.0,4.117007,2.876247,4.258837,3.008777
TH5,decision-tree-primary-tumor-un-formula_0.8_2021_atleast_15_max-3_reduced_incomplete_adaboost_2_old.wcnf,True,True,84.0,84.0,0.138589,0.096584,4.743873,4.641166
TH5,decision-tree-primary-tumor-un-formula_0.8_2021_atleast_31_max-4_reduced_incomplete_adaboost_4_old.wcnf,True,True,155.0,155.0,0.272315,0.259994,4.112743,4.011261
TH5,decision-tree-primary-tumor-un-formula_0.8_2021_atleast_63_max-5_reduced_incomplete_adaboost_6_old.wcnf,True,True,338.0,338.0,0.812037,0.764233,1.644059,1.594526
TH5,decision-tree-tic-tac-toe-un-formula_0.8_2021_atleast_15_max-3_reduced_incomplete_adaboost_2_old.wcnf,True,True,335.0,335.0,0.280565,0.216169,0.432684,0.358236
TH5,decision-tree-tic-tac-toe-un-formula_0.8_2021_atleast_15_max-3_reduced_incomplete_adaboost_3_old.wcnf,True,True,443.0,443.0,0.324483,0.243398,0.400081,0.318282
TH5,decision-tree-tic-tac-toe-un-formula_0.8_2021_atleast_31_max-4_reduced_incomplete_adaboost_2_old.wcnf,True,True,286.0,286.0,0.444517,0.37804,0.444517,0.37804
TH5,drmx-cryptogen_wt-geffe128_7_old.wcnf,True,True,811.0,811.0,0.019867,0.007179,29.304254,29.299773
TH5,generalized-ising_wt-IS11_5.0.5.0.0.5_softer_periodic_old.wcnf,True,True,112229069992697.0,112229069992697.0,0.051307,0.034568,0.668252,0.658723
TH5,generalized-ising_wt-IS12_5.0.5.0.0.5_softer_periodic_old.wcnf,True,True,113171466486232.0,113171466486232.0,0.233224,0.034565,0.239781,0.041006
TH5,generalized-ising_wt-IS13_5.0.5.0.0.5_softer_periodic_old.wcnf,True,True,119401387482250.0,119401387482250.0,0.081375,0.034372,0.085178,0.037671
TH5,generalized-ising_wt-IS15_5.0.5.0.0.5_softer_periodic_old.wcnf,True,True,114658059944605.0,114658059944605.0,0.106127,0.034497,0.111152,0.039005
TH5,generalized-ising_wt-IS16_5.0.5.0.0.5_softer_periodic_old.wcnf,True,True,115258059944605.0,115258059944605.0,0.381611,0.034253,6.466168,6.013752
TH5,generalized-ising_wt-IS17_5.0.5.0.0.5_softer_periodic_old.wcnf,True,True,115902780531937.0,115902780531937.0,0.058803,0.034278,14.651764,14.434795
TH5,generalized-ising_wt-IS20_5.0.5.0.0.5_softer_periodic_old.wcnf,True,True,119388436533623.0,119388436533623.0,0.079473,0.034648,0.120177,0.073461
TH5,generalized-ising_wt-IS22_5.0.5.0.0.5_softer_periodic_old.wcnf,True,True,119112776308211.0,119112776308211.0,0.048958,0.034332,0.059808,0.045135
TH5,generalized-ising_wt-IS23_5.0.5.0.0.5_softer_periodic_old.wcnf,True,True,118663520151734.0,118663520151734.0,0.050812,0.0348,0.113351,0.094382
TH5,generalized-ising_wt-IS3_5.0.5.0.0.5_softer_periodic_old.wcnf,True,True,116804575996363.0,116804575996363.0,0.136658,0.034913,6.525039,6.4747
TH5,generalized-ising_wt-IS4_5.0.5.0.0.5_softer_periodic_old.wcnf,True,True,115857504490177.0,115857504490177.0,0.080799,0.034412,0.119734,0.072139
TH5,generalized-ising_wt-IS5_5.0.5.0.0.5_softer_periodic_old.wcnf,True,True,114843630201223.0,114843630201223.0,0.058437,0.169203,0.54742,0.677681
TH5,generalized-ising_wt-IS6_5.0.5.0.0.5_softer_periodic_old.wcnf,True,True,113797656078091.0,113797656078091.0,0.05406,0.034382,0.125752,0.109463
TH5,generalized-ising_wt-IS7_5.0.5.0.0.5_softer_periodic_old.wcnf,True,True,112706601923009.0,112706601923009.0,0.053455,0.034203,0.085407,0.066738
TH5,generalized-ising_wt-IS9_5.0.5.0.0.5_softer_periodic_old.wcnf,True,True,110066981524169.0,110066981524169.0,0.078338,0.033947,0.115075,0.070368
TH5,hs-timetabling_wt-BrazilInstance1.xml_old.wcnf,True,True,117.0,117.0,0.102949,0.089318,41.348795,41.355604
TH5,hs-timetabling_wt-BrazilInstance2.xml_old.wcnf,True,True,149.0,149.0,0.231236,0.207168,50.061829,49.667079
TH5,hs-timetabling_wt-BrazilInstance4.xml_old.wcnf,True,True,267.0,267.0,1.486495,1.357099,1.486495,1.357099
TH5,hs-timetabling_wt-BrazilInstance5.xml_old.wcnf,True,True,490.0,490.0,1.216193,0.563163,29.200132,28.698775
TH5,hs-timetabling_wt-BrazilInstance6.xml_old.wcnf,True,True,546.0,546.0,0.852152,0.788539,55.44878,55.269218
TH5,hs-timetabling_wt-BrazilInstance7.xml_old.wcnf,True,True,889.0,889.0,1.143801,1.03046,49.743412,49.021848
TH5,hs-timetabling_wt-FinlandSecondarySchool.xml_old.wcnf,True,True,817.0,817.0,1.51645,1.444604,1.51645,1.444604
TH5,hs-timetabling_wt-ItalyInstance4.xml_old.wcnf,True,True,12143.0,12143.0,9.223397,9.741172,19.116237,20.419432
TH5,judgment-aggregation-ja-kemeny-preflib-00049-00000300_old.wcnf,True,True,793.0,793.0,0.27009,0.226559,44.989536,45.157936
TH5,judgment-aggregation-ja-kemeny-preflib-00049-00000334_old.wcnf,True,True,612.0,612.0,0.151844,0.111179,52.27211,52.972337
TH5,judgment-aggregation-ja-kemeny-preflib-00049-00000451_old.wcnf,True,True,1020.0,1020.0,0.917298,0.879347,50.607433,53.262131
TH5,judgment-aggregation-ja-kemeny-preflib-00049-00000454_old.wcnf,True,True,715.0,715.0,0.291752,0.285016,57.87245,58.564439
TH5,judgment-aggregation-ja-kemeny-preflib-00051-00000011_old.wcnf,True,True,779.0,786.0,1.490124,1.370721,58.898048,44.807387
TH5,max-realizability_wt-power-distribution_11_7_old.wcnf,True,True,126.0,126.0,0.534698,0.532459,1.179387,1.186273
TH5,max-realizability_wt-power-distribution_12_8_old.wcnf,True,True,216.0,216.0,1.314513,1.240231,1.783352,1.715718
TH5,max-realizability_wt-robot-navigation_10_old.wcnf,True,True,39.0,39.0,10.870491,10.861367,10.870491,10.861367
TH5,metro_wt-metro_8_8_5_20_10_6_500_1_3.lp.sm-extracted_old.wcnf,True,True,215.0,215.0,6.37451,6.246291,10.40372,10.210701
TH5,mpe_wt-random-net-50-5_network-8.net_old.wcnf,True,True,48330.0,48330.0,0.074281,0.011602,33.219044,33.48113
TH5,pseudoBoolean_wt-normalized-mps-v2-20-10-sentoy.opb.msat_old.wcnf,True,True,9460.0,9460.0,0.261517,0.042619,0.261517,0.042619
TH5,railway-transport_wt-bf2030fvslack_old.wcnf,True,True,561747.0,264711.0,58.007234,21.22619,58.007234,45.47942
TH5,railway-transport_wt-f2030_old.wcnf,True,True,6979.0,6979.0,9.488085,2.877956,59.720215,53.923916
TH5,railway-transport_wt-r11_old.wcnf,True,True,73964834.0,68426962.0,54.235723,20.360325,59.981823,46.496325
TH5,railway-transport_wt-wg2_old.wcnf,True,True,866.0,866.0,13.894965,12.348952,41.007915,41.043082
TH5,ramsey_wt-ram_k3_n14.ra1_old.wcnf,True,True,3025.0,3025.0,0.072657,0.00209,0.563721,0.48735
TH5,ramsey_wt-ram_k3_n16.ra1_old.wcnf,True,True,7271.0,7271.0,0.026102,0.002754,0.465915,0.443179
TH5,ramsey_wt-ram_k3_n19.ra1_old.wcnf,True,True,20665.0,20665.0,0.047509,0.004641,1.241751,1.192321
TH5,ramsey_wt-ram_k4_n19.ra1_old.wcnf,True,True,1240.0,1240.0,0.096689,0.00684,8.120485,8.02855
TH5,relational-inference_wt-pa-1_old.wcnf,True,True,8282.0,8282.0,4.687011,3.221735,7.158971,6.215275
TH5,relational-inference_wt-pa-2_old.wcnf,True,True,3093.0,391009241.0,38.679657,6.917455,38.753257,6.917455
TH5,relational-inference_wt-pa-3_old.wcnf,True,True,2967.0,4432.0,34.577939,33.403905,57.496739,60.109205
TH5,setcover_wt-rail2536_old.wcnf,True,True,2147034.0,2147034.0,1.167363,0.711047,1.167363,0.711047
TH5,setcover_wt-rail4284_old.wcnf,True,True,2119198.0,2119198.0,1.060235,0.748009,1.060235,0.748009
TH5,setcover_wt-rail4872_old.wcnf,True,True,1873139.0,1873139.0,2.159458,0.582362,2.159458,0.582362
TH5,setcover_wt-rail507_old.wcnf,True,True,220.0,220.0,15.965565,15.502688,41.523105,40.710718
TH5,shiftdesign_wt-limits-10-10_data-1_inst-084_30m.sm-extracted_old.wcnf,True,True,49932711.0,49932711.0,10.988424,10.474002,10.988424,10.474002
TH5,shiftdesign_wt-limits-10-10_data-1_inst-137_30m.sm-extracted_old.wcnf,True,True,17244442.0,17244442.0,4.440402,4.294599,4.440402,4.294599
TH5,shiftdesign_wt-limits-10-10_data-1_inst-182_30m.sm-extracted_old.wcnf,True,True,30573006.0,30573006.0,9.468072,8.544683,9.468072,8.544683
TH5,shiftdesign_wt-limits-10-10_data-2_inst-003_30m.sm-extracted_old.wcnf,True,True,41321652.0,41321652.0,11.49043,9.219556,11.49043,9.219556
TH5,shiftdesign_wt-limits-10-10_data-2_inst-025_30m.sm-extracted_old.wcnf,True,True,56212258.0,56212258.0,11.537841,10.881987,11.537841,10.881987
TH5,shiftdesign_wt-limits-10-10_data-2_inst-030_30m.sm-extracted_old.wcnf,True,True,122128224.0,122128224.0,22.926491,23.779844,22.926491,23.779844
TH5,shiftdesign_wt-limits-10-10_data-3_inst-002_30m.sm-extracted_old.wcnf,True,True,35896155.0,35896155.0,7.987121,6.810765,7.987121,6.810765
TH5,shiftdesign_wt-limits-10-10_data-3_inst-003_30m.sm-extracted_old.wcnf,True,True,28190618.0,28190618.0,6.261324,5.507073,6.261324,5.507073
TH5,shiftdesign_wt-limits-10-10_data-4_inst-003_60m.sm-extracted_old.wcnf,True,True,87521039.0,87521039.0,17.375027,13.23021,17.375027,13.23021
TH5,spot5_wt-1401.wcsp.log_old.wcnf,True,True,468096.0,468096.0,0.028258,0.014408,7.602884,7.349855
TH5,spot5_wt-1403.wcsp.dir_old.wcnf,True,True,477264.0,477264.0,0.075754,0.01565,0.144338,0.084909
TH5,spot5_wt-1403.wcsp.log_old.wcnf,True,True,469238.0,469238.0,0.075896,0.018768,34.774426,34.497721
TH5,spot5_wt-1405.wcsp.dir_old.wcnf,True,True,475458.0,475458.0,0.143778,0.023059,0.334534,0.21268
TH5,spot5_wt-1506.wcsp.log_old.wcnf,True,True,360527.0,360527.0,0.050051,0.024243,34.504252,34.378405
TH5,spot5_wt-5.wcsp.log_old.wcnf,True,True,270.0,270.0,0.045271,0.01369,0.050523,0.018949
TH5,staff-scheduling_wt-instance10_old.wcnf,True,True,6550.0,6625.0,2.555672,2.503083,57.699272,37.831613
TH5,staff-scheduling_wt-instance11_old.wcnf,True,True,3653.0,3653.0,1.199861,1.086078,22.795963,26.129172
TH5,staff-scheduling_wt-instance12_old.wcnf,True,True,7671.0,7671.0,4.145644,3.814615,13.842314,13.512485
TH5,staff-scheduling_wt-instance2_old.wcnf,True,True,838.0,838.0,0.036385,0.016766,3.616591,3.597018
TH5,staff-scheduling_wt-instance3_old.wcnf,True,True,1026.0,1026.0,0.105129,0.048494,15.43724,15.144442
TH5,staff-scheduling_wt-instance4_old.wcnf,True,True,1740.0,1740.0,0.093881,0.026827,41.333579,40.622251
TH5,staff-scheduling_wt-instance5_old.wcnf,True,True,1287.0,1287.0,0.130588,0.074776,25.431748,25.375773
TH5,staff-scheduling_wt-instance6_old.wcnf,True,True,2081.0,2081.0,0.141338,0.092556,10.601762,10.622414
TH5,staff-scheduling_wt-instance7_old.wcnf,True,True,1178.0,1178.0,0.216248,0.118229,46.44659,45.682627
TH5,staff-scheduling_wt-instance8_old.wcnf,True,True,2848.0,2848.0,0.687515,0.537166,20.639971,18.724816
TH5,staff-scheduling_wt-instance9_old.wcnf,True,True,2161.0,2161.0,1.848458,1.620055,47.606658,41.203803
TH5,switchingactivitymaximization-SwitchingActivityMaximization_OpenRISC1200_100_old.wcnf,True,True,392.0,392.0,1.088075,0.774126,1.088075,0.774126
TH5,switchingactivitymaximization-SwitchingActivityMaximization_OpenRISC1200_150_old.wcnf,True,True,528.0,528.0,1.231364,0.771411,1.231364,0.771411
TH5,switchingactivitymaximization-SwitchingActivityMaximization_OpenRISC1200_200_old.wcnf,True,True,602.0,602.0,2.059893,0.784968,2.059893,0.784968
TH5,switchingactivitymaximization-SwitchingActivityMaximization_OpenRISC1200_66_old.wcnf,True,True,228.0,228.0,2.321311,0.767604,2.321311,0.767604
TH5,switchingactivitymaximization-SwitchingActivityMaximization_OpenRISC1200_68_old.wcnf,True,True,193.0,193.0,1.591115,0.765595,1.591115,0.765595
TH5,switchingactivitymaximization-SwitchingActivityMaximization_OpenRISC1200_70_old.wcnf,True,True,240.0,240.0,1.483199,0.773948,1.483199,0.773948
TH5,switchingactivitymaximization-SwitchingActivityMaximization_OpenRISC1200_72_old.wcnf,True,True,202.0,202.0,1.982442,0.765861,1.982442,0.765861
TH5,switchingactivitymaximization-SwitchingActivityMaximization_OpenRISC1200_80_old.wcnf,True,True,306.0,306.0,2.450808,0.766894,2.450808,0.766894
TH5,switchingactivitymaximization-SwitchingActivityMaximization_OpenRISC1200_90_old.wcnf,True,True,283.0,283.0,6.267462,0.767368,6.267462,0.767368
TH5,tcp_wt-tcp_students_112_it_2_old.wcnf,True,True,3699.0,3699.0,1.227663,0.245075,44.964902,44.144049
TH5,timetabling_wt-comp02_old.wcnf,True,True,136.0,136.0,1.846114,0.83104,9.246761,8.486986
TH5,timetabling_wt-comp09_old.wcnf,True,True,135.0,135.0,1.37508,0.796788,27.184037,26.54149
TH5,timetabling_wt-comp12_old.wcnf,True,True,560.0,555.0,1.452485,0.614153,33.581973,59.29199
TH5,timetabling_wt-dds4_old.wcnf,False,False,,,,,,
TP0,MaxSATQueriesinInterpretableClassifiers_wt-credit_train_8_CNF_5_20_old.wcnf,True,True,96480.0,96297.0,15.021479,1.620845,43.861201,55.866751
TP0,MaxSATQueriesinInterpretableClassifiers_wt-pima_train_6_CNF_3_20_old.wcnf,True,True,3310.0,3310.0,0.044567,0.026476,33.395268,33.328967
TP0,MaxSATQueriesinInterpretableClassifiers_wt-toms_test_2_CNF_3_20_old.wcnf,True,True,195.0,1003.0,0.609756,0.487459,7.252474,0.568446
TP0,MinimumWeightDominatingSetProblem_wt-bn-human-BNU_1_0025865_session_1-bg_old.wcnf,True,True,140539244.0,140539244.0,6.239282,4.28569,6.239282,4.28569
TP0,MinimumWeightDominatingSetProblem_wt-channel-500x100x100-b050_old.wcnf,True,True,478624478.0,478245864.0,21.004552,18.439626,60.487852,61.027826
TP0,MinimumWeightDominatingSetProblem_wt-delaunay_n24_old.wcnf,True,True,1685918983.0,1686108752.0,50.026828,15.110503,62.178028,15.110503
TP0,MinimumWeightDominatingSetProblem_wt-hugebubbles-00020_old.wcnf,True,True,2130406259.0,2130406259.0,31.237817,22.64265,31.237817,22.64265
TP0,MinimumWeightDominatingSetProblem_wt-inf-road-usa_old.wcnf,True,True,2406704625.0,2406704625.0,26.741276,18.428165,26.741276,18.428165
TP0,MinimumWeightDominatingSetProblem_wt-rgg_n_2_24_s0_old.wcnf,True,True,1686108752.0,1686108752.0,45.573177,21.120973,45.573177,21.120973
TP0,MinimumWeightDominatingSetProblem_wt-sc-rel9_old.wcnf,True,True,593056574.0,592487432.0,35.612281,29.885244,61.275281,62.106444
TP0,MinimumWeightDominatingSetProblem_wt-soc-livejournal-user-groups_old.wcnf,True,True,752647274.0,752647274.0,26.920119,16.845906,26.920119,16.845906
TP0,MinimumWeightDominatingSetProblem_wt-web-wikipedia2009_old.wcnf,True,True,174611880.0,173682405.0,11.480486,7.530389,60.605716,60.086919
TP0,ParametricRBACMaintenance_mse20_wt-role_domino_multiple_0.1_8_old.wcnf,True,True,47682.0,90184.0,2.163202,1.594648,12.370532,57.709393
TP0,ParametricRBACMaintenance_mse20_wt-role_domino_multiple_0.2_0_old.wcnf,True,True,74189.0,175330.0,2.160493,1.699341,9.582683,55.775419
TP0,ParametricRBACMaintenance_mse20_wt-role_domino_multiple_0.5_1_old.wcnf,True,True,144463.0,393183.0,3.119143,1.603408,10.266053,53.608729
TP0,ParametricRBACMaintenance_mse20_wt-role_domino_multiple_0.6_8_old.wcnf,True,True,159871.0,473099.0,2.134829,1.551345,11.652069,38.124372
TP0,ParametricRBACMaintenance_mse20_wt-role_smallcomp_multiple_0.7_2_old.wcnf,True,True,277373.0,277373.0,12.558033,0.008743,58.706988,44.727832
TP0,ParametricRBACMaintenance_mse20_wt-role_smallcomp_multiple_0.7_6_old.wcnf,True,True,252179.0,252421.0,0.029064,0.009479,3.486914,4.881378
TP0,ParametricRBACMaintenance_mse20_wt-role_smallcomp_multiple_0.8_1_old.wcnf,True,True,350793.0,352567.0,0.027103,0.009022,10.317219,56.624109
TP0,ParametricRBACMaintenance_mse20_wt-role_smallcomp_multiple_0.9_6_old.wcnf,True,True,282321.0,288069.0,0.051007,0.009387,0.191686,4.624729
TP0,ParametricRBACMaintenance_mse20_wt-role_university_multiple_0.1_1_old.wcnf,True,True,63653.0,130529.0,2.951354,2.294493,11.422634,54.534493
TP0,ParametricRBACMaintenance_mse20_wt-role_university_multiple_0.4_7_old.wcnf,True,True,234414.0,404197.0,4.696812,3.010139,11.854412,53.442289
TP0,ParametricRBACMaintenance_mse20_wt-role_university_multiple_0.5_4_old.wcnf,True,True,215348.0,472626.0,3.291607,2.063633,13.458707,55.943453
TP0,ParametricRBACMaintenance_mse20_wt-role_university_multiple_0.5_5_old.wcnf,True,True,198362.0,466480.0,3.076692,2.37693,12.371532,44.99815
TP0,ParametricRBACMaintenance_mse20_wt-role_university_multiple_0.5_7_old.wcnf,True,True,263585.0,492533.0,3.979872,3.021028,9.758902,47.861318
TP0,abstraction-refinement_wt-downcast-antlr_old.wcnf,True,True,79566.0,78873.0,9.610021,21.258155,9.610021,23.385625
TP0,abstraction-refinement_wt-downcast-avrora_old.wcnf,True,True,49759.0,49759.0,14.415457,16.106504,18.520547,20.560004
TP0,abstraction-refinement_wt-downcast-hsqldb_old.wcnf,True,True,32293.0,34922.0,31.648643,14.17054,40.549243,14.17054
TP0,abstraction-refinement_wt-downcast-pmd_old.wcnf,True,True,6287.0,6287.0,31.192836,32.527979,41.553736,41.707779
TP0,abstraction-refinement_wt-downcast-xalan_old.wcnf,True,True,65593.0,65615.0,16.6016,16.562272,59.13149,49.168302
TP0,abstraction-refinement_wt-polysite-avrora_old.wcnf,True,True,55020.0,55020.0,16.46761,15.021457,20.44499,19.131787
TP0,abstraction-refinement_wt-polysite-bloat_old.wcnf,True,True,2397.0,2397.0,45.862395,44.639116,61.341495,59.093016
TP0,abstraction-refinement_wt-polysite-hsqldb_old.wcnf,True,True,177778.0,177778.0,14.378859,15.118403,14.378859,15.118403
TP0,abstraction-refinement_wt-polysite-pmd_old.wcnf,True,True,190826.0,190826.0,26.473427,27.73576,34.166027,34.64916
TP0,abstraction-refinement_wt-polysite-xalan_old.wcnf,True,True,117742.0,117742.0,22.222937,20.22613,27.096837,25.98065
TP0,causal-discovery_wt-causal_Link_10_10000_old.wcnf,True,True,39112847.0,39112847.0,3.546758,3.291975,14.887858,14.637895
TP0,causal-discovery_wt-causal_Link_10_1000_old.wcnf,True,True,33562494.0,33562494.0,3.653289,3.191563,30.145389,29.793063
TP0,causal-discovery_wt-causal_Link_9_100_old.wcnf,True,True,3242187.0,3242187.0,1.996114,0.505233,1.996114,0.505233
TP0,causal-discovery_wt-causal_Mushroom_7_1000_old.wcnf,True,True,9414169.0,9414169.0,0.1554,0.134448,17.869041,17.82338
TP0,causal-discovery_wt-causal_Pigs_6_1000_old.wcnf,True,True,35110976.0,35110976.0,0.604325,0.175616,0.604325,0.175616
TP0,causal-discovery_wt-causal_Water_10_1000_old.wcnf,True,True,45193159.0,45193159.0,3.237911,3.236878,11.619061,11.611138
TP0,causal-discovery_wt-causal_alarm_9_1000_old.wcnf,True,True,36049513.0,36049513.0,1.268197,1.152921,10.24051,10.116121
TP0,causal-discovery_wt-causal_carpo_8_1000_old.wcnf,True,True,2244087.0,2244087.0,0.460445,0.394074,59.12291,59.210803
TP0,correlation-clustering_wt-Rounded_CorrelationClustering_Ionosphere_BINARY_N260_D0.200_old.wcnf,True,True,7014701.0,22012762.0,0.449744,0.374901,7.573165,44.635119
TP0,correlation-clustering_wt-Rounded_CorrelationClustering_Protein1_UNARY_N290_old.wcnf,True,True,32090014.0,33957845.0,4.987195,1.512546,6.811545,1.512546
TP0,correlation-clustering_wt-Rounded_CorrelationClustering_Protein2_BINARY_N220_old.wcnf,True,True,14004102.0,15656966.0,0.195893,0.128886,8.168712,39.242125
TP0,correlation-clustering_wt-Rounded_CorrelationClustering_Protein2_BINARY_N240_old.wcnf,True,True,16116883.0,17505946.0,0.206399,0.18412,8.4641,33.022021
TP0,correlation-clustering_wt-Rounded_CorrelationClustering_Protein2_BINARY_N380_old.wcnf,True,True,39198852.0,46057579.0,0.516161,0.392857,12.039557,29.435502
TP0,correlation-clustering_wt-Rounded_CorrelationClustering_Protein2_UNARY_N220_old.wcnf,True,True,21300102.0,23179718.0,2.815447,5.278697,3.672867,5.278697
TP0,correlation-clustering_wt-Rounded_CorrelationClustering_Protein3_TRANSITIVE_N280_old.wcnf,True,True,185255761.0,185255761.0,9.352062,10.396688,30.006912,30.844768
TP0,correlation-clustering_wt-Rounded_CorrelationClustering_Protein3_UNARY_N220_old.wcnf,True,True,19154505.0,25805511.0,2.514262,0.763585,4.591722,0.763585
TP0,correlation-clustering_wt-Rounded_CorrelationClustering_Protein4_BINARY_N320_old.wcnf,True,True,14733167.0,27434394.0,0.208796,0.165934,7.974472,30.947266
TP0,correlation-clustering_wt-Rounded_CorrelationClustering_Protein4_UNARY_N250_old.wcnf,True,True,11103273.0,20419164.0,2.533845,1.571429,11.481845,1.571429
TP0,correlation-clustering_wt-Rounded_CorrelationClustering_Vowel_BINARY_N700_D0.200_old.wcnf,True,True,75201247.0,822078090.0,2.389101,0.982223,2.576081,0.982223
TP0,correlation-clustering_wt-Rounded_CorrelationClustering_Vowel_BINARY_N800_D0.200_old.wcnf,True,True,86276967.0,1169882030.0,3.327337,1.194509,8.202637,1.194509
TP0,decision-tree-anneal-un-formula_0.8_2021_atleast_31_max-4_reduced_incomplete_adaboost_3_old.wcnf,True,True,355.0,592.0,1.553209,0.253221,3.154289,0.253221
TP0,decision-tree-anneal-un-formula_0.8_2021_atleast_31_max-4_reduced_incomplete_adaboost_5_old.wcnf,True,True,762.0,792.0,1.528031,0.281968,8.742101,0.281968
TP0,decision-tree-australian-credit-un-formula_0.8_2021_atleast_31_max-4_reduced_incomplete_adaboost_5_old.wcnf,True,True,575.0,599.0,2.22725,0.301303,4.0739,0.301303
TP0,decision-tree-heart-cleveland-un-formula_0.8_2021_atleast_127_max-6_reduced_incomplete_adaboost_2_old.wcnf,True,True,139.0,139.0,3.043973,2.756104,3.043973,2.756104
TP0,decision-tree-heart-cleveland-un-formula_0.8_2021_atleast_15_max-3_reduced_incomplete_adaboost_4_old.wcnf,True,True,138.0,138.0,0.31645,0.284918,0.501206,0.466705
TP0,decision-tree-heart-cleveland-un-formula_0.8_2021_atleast_31_max-4_reduced_incomplete_adaboost_4_old.wcnf,True,True,146.0,187.0,0.730533,0.217322,1.028816,0.217322
TP0,decision-tree-heart-cleveland-un-formula_0.8_2021_atleast_31_max-4_reduced_incomplete_adaboost_6_old.wcnf,True,True,240.0,334.0,0.759052,0.219015,1.454042,0.219015
TP0,decision-tree-primary-tumor-un-formula_0.8_2021_atleast_127_max-6_reduced_incomplete_adaboost_2_old.wcnf,True,True,113.0,120.0,3.559732,2.980196,5.835292,15.769456
TP0,decision-tree-primary-tumor-un-formula_0.8_2021_atleast_127_max-6_reduced_incomplete_adaboost_4_old.wcnf,True,True,212.0,269.0,4.117007,1.049086,4.258837,1.049086
TP0,decision-tree-primary-tumor-un-formula_0.8_2021_atleast_15_max-3_reduced_incomplete_adaboost_2_old.wcnf,True,True,84.0,84.0,0.138589,0.098783,4.743873,4.705096
TP0,decision-tree-primary-tumor-un-formula_0.8_2021_atleast_31_max-4_reduced_incomplete_adaboost_4_old.wcnf,True,True,155.0,180.0,0.272315,0.195963,4.112743,16.452974
TP0,decision-tree-primary-tumor-un-formula_0.8_2021_atleast_63_max-5_reduced_incomplete_adaboost_6_old.wcnf,True,True,338.0,396.0,0.812037,0.291337,1.644059,0.291337
TP0,decision-tree-tic-tac-toe-un-formula_0.8_2021_atleast_15_max-3_reduced_incomplete_adaboost_2_old.wcnf,True,True,335.0,335.0,0.280565,0.113272,0.432684,20.584931
TP0,decision-tree-tic-tac-toe-un-formula_0.8_2021_atleast_15_max-3_reduced_incomplete_adaboost_3_old.wcnf,True,True,443.0,489.0,0.324483,0.279535,0.400081,19.875458
TP0,decision-tree-tic-tac-toe-un-formula_0.8_2021_atleast_31_max-4_reduced_incomplete_adaboost_2_old.wcnf,True,True,286.0,467.0,0.444517,0.448618,0.444517,0.448618
TP0,drmx-cryptogen_wt-geffe128_7_old.wcnf,True,True,811.0,811.0,0.019867,0.145726,29.304254,29.422771
TP0,generalized-ising_wt-IS11_5.0.5.0.0.5_softer_periodic_old.wcnf,True,True,112229069992697.0,112229069992697.0,0.051307,0.078347,0.668252,0.695199
TP0,generalized-ising_wt-IS12_5.0.5.0.0.5_softer_periodic_old.wcnf,True,True,113171466486232.0,113171466486232.0,0.233224,0.113051,0.239781,0.119452
TP0,generalized-ising_wt-IS13_5.0.5.0.0.5_softer_periodic_old.wcnf,True,True,119401387482250.0,119401387482250.0,0.081375,0.034095,0.085178,0.037387
TP0,generalized-ising_wt-IS15_5.0.5.0.0.5_softer_periodic_old.wcnf,True,True,114658059944605.0,114658059944605.0,0.106127,0.11827,0.111152,0.122741
TP0,generalized-ising_wt-IS16_5.0.5.0.0.5_softer_periodic_old.wcnf,True,True,115258059944605.0,115258059944605.0,0.381611,0.956674,6.466168,6.953407
TP0,generalized-ising_wt-IS17_5.0.5.0.0.5_softer_periodic_old.wcnf,True,True,115902780531937.0,115902780531937.0,0.058803,0.071254,14.651764,14.491403
TP0,generalized-ising_wt-IS20_5.0.5.0.0.5_softer_periodic_old.wcnf,True,True,119388436533623.0,119388436533623.0,0.079473,0.035689,0.120177,0.074784
TP0,generalized-ising_wt-IS22_5.0.5.0.0.5_softer_periodic_old.wcnf,True,True,119112776308211.0,119112776308211.0,0.048958,0.05888,0.059808,0.069712
TP0,generalized-ising_wt-IS23_5.0.5.0.0.5_softer_periodic_old.wcnf,True,True,118663520151734.0,118663520151734.0,0.050812,0.920451,0.113351,0.984404
TP0,generalized-ising_wt-IS3_5.0.5.0.0.5_softer_periodic_old.wcnf,True,True,116804575996363.0,116804575996363.0,0.136658,1.401868,6.525039,7.762907
TP0,generalized-ising_wt-IS4_5.0.5.0.0.5_softer_periodic_old.wcnf,True,True,115857504490177.0,115857504490177.0,0.080799,0.106763,0.119734,0.146404
TP0,generalized-ising_wt-IS5_5.0.5.0.0.5_softer_periodic_old.wcnf,True,True,114843630201223.0,114843630201223.0,0.058437,0.089432,0.54742,0.588671
TP0,generalized-ising_wt-IS6_5.0.5.0.0.5_softer_periodic_old.wcnf,True,True,113797656078091.0,113797656078091.0,0.05406,0.114401,0.125752,0.1869
TP0,generalized-ising_wt-IS7_5.0.5.0.0.5_softer_periodic_old.wcnf,True,True,112706601923009.0,112706601923009.0,0.053455,0.113983,0.085407,0.145727
TP0,generalized-ising_wt-IS9_5.0.5.0.0.5_softer_periodic_old.wcnf,True,True,110066981524169.0,110066981524169.0,0.078338,0.034146,0.115075,0.070539
TP0,hs-timetabling_wt-BrazilInstance1.xml_old.wcnf,True,True,117.0,117.0,0.102949,0.126202,41.348795,41.190487
TP0,hs-timetabling_wt-BrazilInstance2.xml_old.wcnf,True,True,149.0,149.0,0.231236,0.294275,50.061829,49.810784
TP0,hs-timetabling_wt-BrazilInstance4.xml_old.wcnf,True,True,267.0,267.0,1.486495,1.450895,1.486495,1.450895
TP0,hs-timetabling_wt-BrazilInstance5.xml_old.wcnf,True,True,490.0,490.0,1.216193,0.592171,29.200132,28.600799
TP0,hs-timetabling_wt-BrazilInstance6.xml_old.wcnf,True,True,546.0,546.0,0.852152,0.862377,55.44878,54.844159
TP0,hs-timetabling_wt-BrazilInstance7.xml_old.wcnf,True,True,889.0,889.0,1.143801,1.029458,49.743412,49.150105
TP0,hs-timetabling_wt-FinlandSecondarySchool.xml_old.wcnf,True,True,817.0,817.0,1.51645,1.444938,1.51645,1.444938
TP0,hs-timetabling_wt-ItalyInstance4.xml_old.wcnf,True,True,12143.0,12143.0,9.223397,8.919739,19.116237,18.795739
TP0,judgment-aggregation-ja-kemeny-preflib-00049-00000300_old.wcnf,True,True,793.0,793.0,0.27009,0.291536,44.989536,44.628197
TP0,judgment-aggregation-ja-kemeny-preflib-00049-00000334_old.wcnf,True,True,612.0,612.0,0.151844,0.179902,52.27211,53.427723
TP0,judgment-aggregation-ja-kemeny-preflib-00049-00000451_old.wcnf,True,True,1020.0,1020.0,0.917298,0.89142,50.607433,53.783633
TP0,judgment-aggregation-ja-kemeny-preflib-00049-00000454_old.wcnf,True,True,715.0,715.0,0.291752,0.277222,57.87245,58.702504
TP0,judgment-aggregation-ja-kemeny-preflib-00051-00000011_old.wcnf,True,True,779.0,779.0,1.490124,1.339834,58.898048,59.930995
TP0,max-realizability_wt-power-distribution_11_7_old.wcnf,True,True,126.0,126.0,0.534698,0.553768,1.179387,1.206202
TP0,max-realizability_wt-power-distribution_12_8_old.wcnf,True,True,216.0,216.0,1.314513,1.257898,1.783352,1.732424
TP0,max-realizability_wt-robot-navigation_10_old.wcnf,True,True,39.0,39.0,10.870491,10.644183,10.870491,10.644183
TP0,metro_wt-metro_8_8_5_20_10_6_500_1_3.lp.sm-extracted_old.wcnf,True,True,215.0,215.0,6.37451,6.300281,10.40372,10.292591
TP0,mpe_wt-random-net-50-5_network-8.net_old.wcnf,True,True,48330.0,48330.0,0.074281,0.011803,33.219044,33.479067
TP0,pseudoBoolean_wt-normalized-mps-v2-20-10-sentoy.opb.msat_old.wcnf,True,True,9460.0,9460.0,0.261517,0.042616,0.261517,0.042616
TP0,railway-transport_wt-bf2030fvslack_old.wcnf,True,True,561747.0,264711.0,58.007234,18.823308,58.007234,44.734458
TP0,railway-transport_wt-f2030_old.wcnf,True,True,6979.0,6979.0,9.488085,2.739372,59.720215,52.083222
TP0,railway-transport_wt-r11_old.wcnf,True,True,73964834.0,68426962.0,54.235723,18.530764,59.981823,43.689964
TP0,railway-transport_wt-wg2_old.wcnf,True,True,866.0,866.0,13.894965,11.509929,41.007915,38.595489
TP0,ramsey_wt-ram_k3_n14.ra1_old.wcnf,True,True,3025.0,3025.0,0.072657,0.00207,0.563721,0.489506
TP0,ramsey_wt-ram_k3_n16.ra1_old.wcnf,True,True,7271.0,7271.0,0.026102,0.002845,0.465915,0.443254
TP0,ramsey_wt-ram_k3_n19.ra1_old.wcnf,True,True,20665.0,20665.0,0.047509,0.004627,1.241751,1.191136
TP0,ramsey_wt-ram_k4_n19.ra1_old.wcnf,True,True,1240.0,1240.0,0.096689,0.006922,8.120485,7.996274
TP0,relational-inference_wt-pa-1_old.wcnf,True,True,8282.0,8282.0,4.687011,2.77217,7.158971,5.34319
TP0,relational-inference_wt-pa-2_old.wcnf,True,True,3093.0,3093.0,38.679657,34.785646,38.753257,34.861346
TP0,relational-inference_wt-pa-3_old.wcnf,True,True,2967.0,446468655.0,34.577939,6.233605,57.496739,6.233605
TP0,setcover_wt-rail2536_old.wcnf,True,True,2147034.0,2147034.0,1.167363,0.674133,1.167363,0.674133
TP0,setcover_wt-rail4284_old.wcnf,True,True,2119198.0,2119198.0,1.060235,0.687963,1.060235,0.687963
TP0,setcover_wt-rail4872_old.wcnf,True,True,1873139.0,1873139.0,2.159458,0.552388,2.159458,0.552388
TP0,setcover_wt-rail507_old.wcnf,True,True,220.0,220.0,15.965565,2.785312,41.523105,28.615332
TP0,shiftdesign_wt-limits-10-10_data-1_inst-084_30m.sm-extracted_old.wcnf,True,True,49932711.0,49932711.0,10.988424,8.496045,10.988424,8.496045
TP0,shiftdesign_wt-limits-10-10_data-1_inst-137_30m.sm-extracted_old.wcnf,True,True,17244442.0,17244442.0,4.440402,4.17091,4.440402,4.17091
TP0,shiftdesign_wt-limits-10-10_data-1_inst-182_30m.sm-extracted_old.wcnf,True,True,30573006.0,30573006.0,9.468072,7.465667,9.468072,7.465667
TP0,shiftdesign_wt-limits-10-10_data-2_inst-003_30m.sm-extracted_old.wcnf,True,True,41321652.0,41321652.0,11.49043,7.572155,11.49043,7.572155
TP0,shiftdesign_wt-limits-10-10_data-2_inst-025_30m.sm-extracted_old.wcnf,True,True,56212258.0,56212258.0,11.537841,10.024724,11.537841,10.024724
TP0,shiftdesign_wt-limits-10-10_data-2_inst-030_30m.sm-extracted_old.wcnf,True,True,122128224.0,122128224.0,22.926491,21.020549,22.926491,21.020549
TP0,shiftdesign_wt-limits-10-10_data-3_inst-002_30m.sm-extracted_old.wcnf,True,True,35896155.0,35896155.0,7.987121,6.208204,7.987121,6.208204
TP0,shiftdesign_wt-limits-10-10_data-3_inst-003_30m.sm-extracted_old.wcnf,True,True,28190618.0,28190618.0,6.261324,4.6288,6.261324,4.6288
TP0,shiftdesign_wt-limits-10-10_data-4_inst-003_60m.sm-extracted_old.wcnf,True,True,87521039.0,87521039.0,17.375027,11.467486,17.375027,11.467486
TP0,spot5_wt-1401.wcsp.log_old.wcnf,True,True,468096.0,468096.0,0.028258,0.014413,7.602884,7.361614
TP0,spot5_wt-1403.wcsp.dir_old.wcnf,True,True,477264.0,477264.0,0.075754,0.015631,0.144338,0.084184
TP0,spot5_wt-1403.wcsp.log_old.wcnf,True,True,469238.0,469238.0,0.075896,0.01874,34.774426,34.578777
TP0,spot5_wt-1405.wcsp.dir_old.wcnf,True,True,475458.0,475458.0,0.143778,0.02291,0.334534,0.211989
TP0,spot5_wt-1506.wcsp.log_old.wcnf,True,True,360527.0,360527.0,0.050051,0.024405,34.504252,34.272954
TP0,spot5_wt-5.wcsp.log_old.wcnf,True,True,270.0,270.0,0.045271,0.013237,0.050523,0.01855
TP0,staff-scheduling_wt-instance10_old.wcnf,True,True,6550.0,6550.0,2.555672,2.473741,57.699272,59.473561
TP0,staff-scheduling_wt-instance11_old.wcnf,True,True,3653.0,3653.0,1.199861,1.077192,22.795963,23.718516
TP0,staff-scheduling_wt-instance12_old.wcnf,True,True,7671.0,7671.0,4.145644,3.609136,13.842314,12.182016
TP0,staff-scheduling_wt-instance2_old.wcnf,True,True,838.0,838.0,0.036385,0.016708,3.616591,3.63544
TP0,staff-scheduling_wt-instance3_old.wcnf,True,True,1026.0,1026.0,0.105129,0.046991,15.43724,15.326016
TP0,staff-scheduling_wt-instance4_old.wcnf,True,True,1740.0,1740.0,0.093881,0.027109,41.333579,40.761533
TP0,staff-scheduling_wt-instance5_old.wcnf,True,True,1287.0,1287.0,0.130588,0.074625,25.431748,25.388887
TP0,staff-scheduling_wt-instance6_old.wcnf,True,True,2081.0,2081.0,0.141338,0.091617,10.601762,10.589427
TP0,staff-scheduling_wt-instance7_old.wcnf,True,True,1178.0,1178.0,0.216248,0.118783,46.44659,46.12771
TP0,staff-scheduling_wt-instance8_old.wcnf,True,True,2848.0,2848.0,0.687515,0.548743,20.639971,18.613456
TP0,staff-scheduling_wt-instance9_old.wcnf,True,True,2161.0,2161.0,1.848458,1.606561,47.606658,39.797193
TP0,switchingactivitymaximization-SwitchingActivityMaximization_OpenRISC1200_100_old.wcnf,True,True,392.0,392.0,1.088075,0.765218,1.088075,0.765218
TP0,switchingactivitymaximization-SwitchingActivityMaximization_OpenRISC1200_150_old.wcnf,True,True,528.0,528.0,1.231364,0.767418,1.231364,0.767418
TP0,switchingactivitymaximization-SwitchingActivityMaximization_OpenRISC1200_200_old.wcnf,True,True,602.0,602.0,2.059893,0.774265,2.059893,0.774265
TP0,switchingactivitymaximization-SwitchingActivityMaximization_OpenRISC1200_66_old.wcnf,True,True,228.0,228.0,2.321311,0.771284,2.321311,0.771284
TP0,switchingactivitymaximization-SwitchingActivityMaximization_OpenRISC1200_68_old.wcnf,True,True,193.0,193.0,1.591115,0.768627,1.591115,0.768627
TP0,switchingactivitymaximization-SwitchingActivityMaximization_OpenRISC1200_70_old.wcnf,True,True,240.0,240.0,1.483199,0.773779,1.483199,0.773779
TP0,switchingactivitymaximization-SwitchingActivityMaximization_OpenRISC1200_72_old.wcnf,True,True,202.0,202.0,1.982442,0.759985,1.982442,0.759985
TP0,switchingactivitymaximization-SwitchingActivityMaximization_OpenRISC1200_80_old.wcnf,True,True,306.0,306.0,2.450808,0.761594,2.450808,0.761594
TP0,switchingactivitymaximization-SwitchingActivityMaximization_OpenRISC1200_90_old.wcnf,True,True,283.0,283.0,6.267462,0.765484,6.267462,0.765484
TP0,tcp_wt-tcp_students_112_it_2_old.wcnf,True,True,3699.0,3699.0,1.227663,0.241395,44.964902,44.226609
TP0,timetabling_wt-comp02_old.wcnf,True,True,136.0,136.0,1.846114,0.816176,9.246761,8.182091
TP0,timetabling_wt-comp09_old.wcnf,True,True,135.0,135.0,1.37508,0.78612,27.184037,26.185781
TP0,timetabling_wt-comp12_old.wcnf,True,True,560.0,555.0,1.452485,0.610916,33.581973,59.648303
TP0,timetabling_wt-dds4_old.wcnf,False,False,,,,,,
TP20,MaxSATQueriesinInterpretableClassifiers_wt-credit_train_8_CNF_5_20_old.wcnf,True,True,96480.0,96480.0,15.021479,21.54744,43.861201,49.951104
TP20,MaxSATQueriesinInterpretableClassifiers_wt-pima_train_6_CNF_3_20_old.wcnf,True,True,3310.0,3310.0,0.044567,0.008633,33.395268,33.122071
TP20,MaxSATQueriesinInterpretableClassifiers_wt-toms_test_2_CNF_3_20_old.wcnf,True,True,195.0,195.0,0.609756,0.527003,7.252474,6.918924
TP20,MinimumWeightDominatingSetProblem_wt-bn-human-BNU_1_0025865_session_1-bg_old.wcnf,True,True,140539244.0,140539244.0,6.239282,3.884827,6.239282,3.884827
TP20,MinimumWeightDominatingSetProblem_wt-channel-500x100x100-b050_old.wcnf,True,True,478624478.0,478245864.0,21.004552,18.428671,60.487852,61.219871
TP20,MinimumWeightDominatingSetProblem_wt-delaunay_n24_old.wcnf,True,True,1685918983.0,1686108752.0,50.026828,15.339024,62.178028,15.339024
TP20,MinimumWeightDominatingSetProblem_wt-hugebubbles-00020_old.wcnf,True,True,2130406259.0,2130406259.0,31.237817,21.815357,31.237817,21.815357
TP20,MinimumWeightDominatingSetProblem_wt-inf-road-usa_old.wcnf,True,True,2406704625.0,2406515295.0,26.741276,47.710475,26.741276,63.383275
TP20,MinimumWeightDominatingSetProblem_wt-rgg_n_2_24_s0_old.wcnf,True,True,1686108752.0,1686108752.0,45.573177,21.815109,45.573177,21.815109
TP20,MinimumWeightDominatingSetProblem_wt-sc-rel9_old.wcnf,True,True,593056574.0,592487432.0,35.612281,29.30429,61.275281,61.52369
TP20,MinimumWeightDominatingSetProblem_wt-soc-livejournal-user-groups_old.wcnf,True,True,752647274.0,752647274.0,26.920119,16.18651,26.920119,16.18651
TP20,MinimumWeightDominatingSetProblem_wt-web-wikipedia2009_old.wcnf,True,True,174611880.0,35092853.0,11.480486,9.31782,60.605716,12.33603
TP20,ParametricRBACMaintenance_mse20_wt-role_domino_multiple_0.1_8_old.wcnf,True,True,47682.0,41802.0,2.163202,1.774556,12.370532,13.743086
TP20,ParametricRBACMaintenance_mse20_wt-role_domino_multiple_0.2_0_old.wcnf,True,True,74189.0,66832.0,2.160493,1.912044,9.582683,14.427664
TP20,ParametricRBACMaintenance_mse20_wt-role_domino_multiple_0.5_1_old.wcnf,True,True,144463.0,142722.0,3.119143,1.822714,10.266053,13.296054
TP20,ParametricRBACMaintenance_mse20_wt-role_domino_multiple_0.6_8_old.wcnf,True,True,159871.0,159871.0,2.134829,1.786879,11.652069,10.470169
TP20,ParametricRBACMaintenance_mse20_wt-role_smallcomp_multiple_0.7_2_old.wcnf,True,True,277373.0,277499.0,12.558033,20.017228,58.706988,25.720788
TP20,ParametricRBACMaintenance_mse20_wt-role_smallcomp_multiple_0.7_6_old.wcnf,True,True,252179.0,252179.0,0.029064,0.00983,3.486914,3.461345
TP20,ParametricRBACMaintenance_mse20_wt-role_smallcomp_multiple_0.8_1_old.wcnf,True,True,350793.0,350793.0,0.027103,0.009233,10.317219,10.344695
TP20,ParametricRBACMaintenance_mse20_wt-role_smallcomp_multiple_0.9_6_old.wcnf,True,True,282321.0,282321.0,0.051007,0.009834,0.191686,0.15116
TP20,ParametricRBACMaintenance_mse20_wt-role_university_multiple_0.1_1_old.wcnf,True,True,63653.0,60145.0,2.951354,2.630009,11.422634,19.453009
TP20,ParametricRBACMaintenance_mse20_wt-role_university_multiple_0.4_7_old.wcnf,True,True,234414.0,224469.0,4.696812,3.571613,11.854412,21.159253
TP20,ParametricRBACMaintenance_mse20_wt-role_university_multiple_0.5_4_old.wcnf,True,True,215348.0,213571.0,3.291607,2.417384,13.458707,14.880854
TP20,ParametricRBACMaintenance_mse20_wt-role_university_multiple_0.5_5_old.wcnf,True,True,198362.0,191740.0,3.076692,2.798211,12.371532,19.048171
TP20,ParametricRBACMaintenance_mse20_wt-role_university_multiple_0.5_7_old.wcnf,True,True,263585.0,256847.0,3.979872,3.550704,9.758902,20.968394
TP20,abstraction-refinement_wt-downcast-antlr_old.wcnf,True,True,79566.0,78873.0,9.610021,21.298087,9.610021,23.743687
TP20,abstraction-refinement_wt-downcast-avrora_old.wcnf,True,True,49759.0,49759.0,14.415457,13.88899,18.520547,17.98706
TP20,abstraction-refinement_wt-downcast-hsqldb_old.wcnf,True,True,32293.0,32293.0,31.648643,30.918852,40.549243,39.948352
TP20,abstraction-refinement_wt-downcast-pmd_old.wcnf,True,True,6287.0,6287.0,31.192836,31.215403,41.553736,41.102303
TP20,abstraction-refinement_wt-downcast-xalan_old.wcnf,True,True,65593.0,65593.0,16.6016,15.792687,59.13149,57.485067
TP20,abstraction-refinement_wt-polysite-avrora_old.wcnf,True,True,55020.0,55020.0,16.46761,17.544202,20.44499,21.499962
TP20,abstraction-refinement_wt-polysite-bloat_old.wcnf,True,True,2397.0,2397.0,45.862395,43.170868,61.341495,59.974568
TP20,abstraction-refinement_wt-polysite-hsqldb_old.wcnf,True,True,177778.0,177778.0,14.378859,14.139433,14.378859,14.139433
TP20,abstraction-refinement_wt-polysite-pmd_old.wcnf,True,True,190826.0,190826.0,26.473427,27.175064,34.166027,34.321864
TP20,abstraction-refinement_wt-polysite-xalan_old.wcnf,True,True,117742.0,117742.0,22.222937,18.870094,27.096837,23.777134
TP20,causal-discovery_wt-causal_Link_10_10000_old.wcnf,True,True,39112847.0,39112847.0,3.546758,3.168136,14.887858,14.168836
TP20,causal-discovery_wt-causal_Link_10_1000_old.wcnf,True,True,33562494.0,33562494.0,3.653289,3.158606,30.145389,29.053846
TP20,causal-discovery_wt-causal_Link_9_100_old.wcnf,True,True,3242187.0,3242187.0,1.996114,0.502175,1.996114,0.502175
TP20,causal-discovery_wt-causal_Mushroom_7_1000_old.wcnf,True,True,9414169.0,9414169.0,0.1554,0.133528,17.869041,17.808082
TP20,causal-discovery_wt-causal_Pigs_6_1000_old.wcnf,True,True,35110976.0,35110976.0,0.604325,0.173773,0.604325,0.173773
TP20,causal-discovery_wt-causal_Water_10_1000_old.wcnf,True,True,45193159.0,45193159.0,3.237911,3.17128,11.619061,11.51536
TP20,causal-discovery_wt-causal_alarm_9_1000_old.wcnf,True,True,36049513.0,36049513.0,1.268197,1.138449,10.24051,10.105065
TP20,causal-discovery_wt-causal_carpo_8_1000_old.wcnf,True,True,2244087.0,2244087.0,0.460445,0.390834,59.12291,58.792344
TP20,correlation-clustering_wt-Rounded_CorrelationClustering_Ionosphere_BINARY_N260_D0.200_old.wcnf,True,True,7014701.0,7014701.0,0.449744,0.423229,7.573165,7.435607
TP20,correlation-clustering_wt-Rounded_CorrelationClustering_Protein1_UNARY_N290_old.wcnf,True,True,32090014.0,32090014.0,4.987195,4.931015,6.811545,6.701035
TP20,correlation-clustering_wt-Rounded_CorrelationClustering_Protein2_BINARY_N220_old.wcnf,True,True,14004102.0,14004102.0,0.195893,0.155592,8.168712,8.236025
TP20,correlation-clustering_wt-Rounded_CorrelationClustering_Protein2_BINARY_N240_old.wcnf,True,True,16116883.0,16116883.0,0.206399,0.179432,8.4641,8.271704
TP20,correlation-clustering_wt-Rounded_CorrelationClustering_Protein2_BINARY_N380_old.wcnf,True,True,39198852.0,38375977.0,0.516161,0.459745,12.039557,13.930268
TP20,correlation-clustering_wt-Rounded_CorrelationClustering_Protein2_UNARY_N220_old.wcnf,True,True,21300102.0,15979244.0,2.815447,2.529005,3.672867,20.530615
TP20,correlation-clustering_wt-Rounded_CorrelationClustering_Protein3_TRANSITIVE_N280_old.wcnf,True,True,185255761.0,185255761.0,9.352062,8.957259,30.006912,28.478249
TP20,correlation-clustering_wt-Rounded_CorrelationClustering_Protein3_UNARY_N220_old.wcnf,True,True,19154505.0,16035216.0,2.514262,2.463269,4.591722,20.795979
TP20,correlation-clustering_wt-Rounded_CorrelationClustering_Protein4_BINARY_N320_old.wcnf,True,True,14733167.0,14733167.0,0.208796,0.184612,7.974472,7.652942
TP20,correlation-clustering_wt-Rounded_CorrelationClustering_Protein4_UNARY_N250_old.wcnf,True,True,11103273.0,10454386.0,2.533845,2.259198,11.481845,20.525638
TP20,correlation-clustering_wt-Rounded_CorrelationClustering_Vowel_BINARY_N700_D0.200_old.wcnf,True,True,75201247.0,75201247.0,2.389101,2.277757,2.576081,2.438477
TP20,correlation-clustering_wt-Rounded_CorrelationClustering_Vowel_BINARY_N800_D0.200_old.wcnf,True,True,86276967.0,86276967.0,3.327337,3.240638,8.202637,7.794858
TP20,decision-tree-anneal-un-formula_0.8_2021_atleast_31_max-4_reduced_incomplete_adaboost_3_old.wcnf,True,True,355.0,355.0,1.553209,1.425398,3.154289,2.970348
TP20,decision-tree-anneal-un-formula_0.8_2021_atleast_31_max-4_reduced_incomplete_adaboost_5_old.wcnf,True,True,762.0,762.0,1.528031,1.397633,8.742101,8.025353
TP20,decision-tree-australian-credit-un-formula_0.8_2021_atleast_31_max-4_reduced_incomplete_adaboost_5_old.wcnf,True,True,575.0,575.0,2.22725,1.994803,4.0739,3.799343
TP20,decision-tree-heart-cleveland-un-formula_0.8_2021_atleast_127_max-6_reduced_incomplete_adaboost_2_old.wcnf,True,True,139.0,72.0,3.043973,8.170481,3.043973,8.220121
TP20,decision-tree-heart-cleveland-un-formula_0.8_2021_atleast_15_max-3_reduced_incomplete_adaboost_4_old.wcnf,True,True,138.0,138.0,0.31645,0.285451,0.501206,0.469712
TP20,decision-tree-heart-cleveland-un-formula_0.8_2021_atleast_31_max-4_reduced_incomplete_adaboost_4_old.wcnf,True,True,146.0,146.0,0.730533,0.65205,1.028816,0.936103
TP20,decision-tree-heart-cleveland-un-formula_0.8_2021_atleast_31_max-4_reduced_incomplete_adaboost_6_old.wcnf,True,True,240.0,240.0,0.759052,0.679945,1.454042,1.369473
TP20,decision-tree-primary-tumor-un-formula_0.8_2021_atleast_127_max-6_reduced_incomplete_adaboost_2_old.wcnf,True,True,113.0,113.0,3.559732,2.820594,5.835292,4.783704
TP20,decision-tree-primary-tumor-un-formula_0.8_2021_atleast_127_max-6_reduced_incomplete_adaboost_4_old.wcnf,True,True,212.0,212.0,4.117007,2.834756,4.258837,2.960526
TP20,decision-tree-primary-tumor-un-formula_0.8_2021_atleast_15_max-3_reduced_incomplete_adaboost_2_old.wcnf,True,True,84.0,84.0,0.138589,0.104383,4.743873,4.666716
TP20,decision-tree-primary-tumor-un-formula_0.8_2021_atleast_31_max-4_reduced_incomplete_adaboost_4_old.wcnf,True,True,155.0,155.0,0.272315,0.247043,4.112743,3.994958
TP20,decision-tree-primary-tumor-un-formula_0.8_2021_atleast_63_max-5_reduced_incomplete_adaboost_6_old.wcnf,True,True,338.0,338.0,0.812037,0.763242,1.644059,1.607492
TP20,decision-tree-tic-tac-toe-un-formula_0.8_2021_atleast_15_max-3_reduced_incomplete_adaboost_2_old.wcnf,True,True,335.0,335.0,0.280565,0.220691,0.432684,0.361479
TP20,decision-tree-tic-tac-toe-un-formula_0.8_2021_atleast_15_max-3_reduced_incomplete_adaboost_3_old.wcnf,True,True,443.0,443.0,0.324483,0.246957,0.400081,0.322629
TP20,decision-tree-tic-tac-toe-un-formula_0.8_2021_atleast_31_max-4_reduced_incomplete_adaboost_2_old.wcnf,True,True,286.0,286.0,0.444517,0.377842,0.444517,0.377842
TP20,drmx-cryptogen_wt-geffe128_7_old.wcnf,True,True,811.0,811.0,0.019867,0.00677,29.304254,29.2658
TP20,generalized-ising_wt-IS11_5.0.5.0.0.5_softer_periodic_old.wcnf,True,True,112229069992697.0,112229069992697.0,0.051307,0.034634,0.668252,0.648062
TP20,generalized-ising_wt-IS12_5.0.5.0.0.5_softer_periodic_old.wcnf,True,True,113171466486232.0,113171466486232.0,0.233224,0.033767,0.239781,0.040193
TP20,generalized-ising_wt-IS13_5.0.5.0.0.5_softer_periodic_old.wcnf,True,True,119401387482250.0,119401387482250.0,0.081375,0.034751,0.085178,0.038103
TP20,generalized-ising_wt-IS15_5.0.5.0.0.5_softer_periodic_old.wcnf,True,True,114658059944605.0,114658059944605.0,0.106127,0.034695,0.111152,0.039237
TP20,generalized-ising_wt-IS16_5.0.5.0.0.5_softer_periodic_old.wcnf,True,True,115258059944605.0,115258059944605.0,0.381611,0.034255,6.466168,6.05167
TP20,generalized-ising_wt-IS17_5.0.5.0.0.5_softer_periodic_old.wcnf,True,True,115902780531937.0,115902780531937.0,0.058803,0.034442,14.651764,14.478147
TP20,generalized-ising_wt-IS20_5.0.5.0.0.5_softer_periodic_old.wcnf,True,True,119388436533623.0,119388436533623.0,0.079473,0.034287,0.120177,0.073505
TP20,generalized-ising_wt-IS22_5.0.5.0.0.5_softer_periodic_old.wcnf,True,True,119112776308211.0,119112776308211.0,0.048958,0.034446,0.059808,0.045123
TP20,generalized-ising_wt-IS23_5.0.5.0.0.5_softer_periodic_old.wcnf,True,True,118663520151734.0,118663520151734.0,0.050812,0.034246,0.113351,0.093702
TP20,generalized-ising_wt-IS3_5.0.5.0.0.5_softer_periodic_old.wcnf,True,True,116804575996363.0,116804575996363.0,0.136658,0.034137,6.525039,6.408712
TP20,generalized-ising_wt-IS4_5.0.5.0.0.5_softer_periodic_old.wcnf,True,True,115857504490177.0,115857504490177.0,0.080799,0.034382,0.119734,0.072145
TP20,generalized-ising_wt-IS5_5.0.5.0.0.5_softer_periodic_old.wcnf,True,True,114843630201223.0,114843630201223.0,0.058437,0.034266,0.54742,0.541468
TP20,generalized-ising_wt-IS6_5.0.5.0.0.5_softer_periodic_old.wcnf,True,True,113797656078091.0,113797656078091.0,0.05406,0.034609,0.125752,0.108388
TP20,generalized-ising_wt-IS7_5.0.5.0.0.5_softer_periodic_old.wcnf,True,True,112706601923009.0,112706601923009.0,0.053455,0.034481,0.085407,0.066358
TP20,generalized-ising_wt-IS9_5.0.5.0.0.5_softer_periodic_old.wcnf,True,True,110066981524169.0,110066981524169.0,0.078338,0.034021,0.115075,0.07088
TP20,hs-timetabling_wt-BrazilInstance1.xml_old.wcnf,True,True,117.0,117.0,0.102949,0.088756,41.348795,41.218043
TP20,hs-timetabling_wt-BrazilInstance2.xml_old.wcnf,True,True,149.0,149.0,0.231236,0.206606,50.061829,49.413788
TP20,hs-timetabling_wt-BrazilInstance4.xml_old.wcnf,True,True,267.0,267.0,1.486495,1.349177,1.486495,1.349177
TP20,hs-timetabling_wt-BrazilInstance5.xml_old.wcnf,True,True,490.0,490.0,1.216193,0.55684,29.200132,28.409466
TP20,hs-timetabling_wt-BrazilInstance6.xml_old.wcnf,True,True,546.0,546.0,0.852152,0.798227,55.44878,54.710342
TP20,hs-timetabling_wt-BrazilInstance7.xml_old.wcnf,True,True,889.0,889.0,1.143801,1.03743,49.743412,48.888937
TP20,hs-timetabling_wt-FinlandSecondarySchool.xml_old.wcnf,True,True,817.0,817.0,1.51645,1.406722,1.51645,1.406722
TP20,hs-timetabling_wt-ItalyInstance4.xml_old.wcnf,True,True,12143.0,12143.0,9.223397,8.743876,19.116237,18.283296
TP20,judgment-aggregation-ja-kemeny-preflib-00049-00000300_old.wcnf,True,True,793.0,793.0,0.27009,0.222658,44.989536,42.967612
TP20,judgment-aggregation-ja-kemeny-preflib-00049-00000334_old.wcnf,True,True,612.0,612.0,0.151844,0.110646,52.27211,53.146789
TP20,judgment-aggregation-ja-kemeny-preflib-00049-00000451_old.wcnf,True,True,1020.0,1020.0,0.917298,0.835256,50.607433,46.467993
TP20,judgment-aggregation-ja-kemeny-preflib-00049-00000454_old.wcnf,True,True,715.0,715.0,0.291752,0.271984,57.87245,57.423822
TP20,judgment-aggregation-ja-kemeny-preflib-00051-00000011_old.wcnf,True,True,779.0,770.0,1.490124,1.290511,58.898048,58.870844
TP20,max-realizability_wt-power-distribution_11_7_old.wcnf,True,True,126.0,126.0,0.534698,0.509304,1.179387,1.128547
TP20,max-realizability_wt-power-distribution_12_8_old.wcnf,True,True,216.0,216.0,1.314513,1.200065,1.783352,1.668821
TP20,max-realizability_wt-robot-navigation_10_old.wcnf,True,True,39.0,39.0,10.870491,10.514984,10.870491,10.514984
TP20,metro_wt-metro_8_8_5_20_10_6_500_1_3.lp.sm-extracted_old.wcnf,True,True,215.0,215.0,6.37451,6.280354,10.40372,10.248994
TP20,mpe_wt-random-net-50-5_network-8.net_old.wcnf,True,True,48330.0,48330.0,0.074281,0.011507,33.219044,33.29008
TP20,pseudoBoolean_wt-normalized-mps-v2-20-10-sentoy.opb.msat_old.wcnf,True,True,9460.0,9460.0,0.261517,0.041629,0.261517,0.041629
TP20,railway-transport_wt-bf2030fvslack_old.wcnf,True,True,561747.0,264711.0,58.007234,18.333628,58.007234,42.117648
TP20,railway-transport_wt-f2030_old.wcnf,True,True,6979.0,6979.0,9.488085,2.735791,59.720215,51.750011
TP20,railway-transport_wt-r11_old.wcnf,True,True,73964834.0,68426962.0,54.235723,18.316473,59.981823,42.547173
TP20,railway-transport_wt-wg2_old.wcnf,True,True,866.0,866.0,13.894965,11.326718,41.007915,38.365358
TP20,ramsey_wt-ram_k3_n14.ra1_old.wcnf,True,True,3025.0,3025.0,0.072657,0.002013,0.563721,0.491171
TP20,ramsey_wt-ram_k3_n16.ra1_old.wcnf,True,True,7271.0,7271.0,0.026102,0.002707,0.465915,0.444391
TP20,ramsey_wt-ram_k3_n19.ra1_old.wcnf,True,True,20665.0,20665.0,0.047509,0.004637,1.241751,1.192476
TP20,ramsey_wt-ram_k4_n19.ra1_old.wcnf,True,True,1240.0,1240.0,0.096689,0.006759,8.120485,8.049083
TP20,relational-inference_wt-pa-1_old.wcnf,True,True,8282.0,8282.0,4.687011,2.711623,7.158971,5.156613
TP20,relational-inference_wt-pa-2_old.wcnf,True,True,3093.0,3093.0,38.679657,33.893354,38.753257,33.968854
TP20,relational-inference_wt-pa-3_old.wcnf,True,True,2967.0,446468655.0,34.577939,6.374704,57.496739,6.374704
TP20,setcover_wt-rail2536_old.wcnf,True,True,2147034.0,2147034.0,1.167363,0.673697,1.167363,0.673697
TP20,setcover_wt-rail4284_old.wcnf,True,True,2119198.0,2119198.0,1.060235,0.690231,1.060235,0.690231
TP20,setcover_wt-rail4872_old.wcnf,True,True,1873139.0,1873139.0,2.159458,0.552555,2.159458,0.552555
TP20,setcover_wt-rail507_old.wcnf,True,True,220.0,220.0,15.965565,22.894556,41.523105,48.412976
TP20,shiftdesign_wt-limits-10-10_data-1_inst-084_30m.sm-extracted_old.wcnf,True,True,49932711.0,49932711.0,10.988424,8.251517,10.988424,8.251517
TP20,shiftdesign_wt-limits-10-10_data-1_inst-137_30m.sm-extracted_old.wcnf,True,True,17244442.0,17244442.0,4.440402,3.818943,4.440402,3.818943
TP20,shiftdesign_wt-limits-10-10_data-1_inst-182_30m.sm-extracted_old.wcnf,True,True,30573006.0,30573006.0,9.468072,7.579356,9.468072,7.579356
TP20,shiftdesign_wt-limits-10-10_data-2_inst-003_30m.sm-extracted_old.wcnf,True,True,41321652.0,41321652.0,11.49043,7.56378,11.49043,7.56378
TP20,shiftdesign_wt-limits-10-10_data-2_inst-025_30m.sm-extracted_old.wcnf,True,True,56212258.0,56212258.0,11.537841,10.001129,11.537841,10.001129
TP20,shiftdesign_wt-limits-10-10_data-2_inst-030_30m.sm-extracted_old.wcnf,True,True,122128224.0,122128224.0,22.926491,20.48556,22.926491,20.48556
TP20,shiftdesign_wt-limits-10-10_data-3_inst-002_30m.sm-extracted_old.wcnf,True,True,35896155.0,35896155.0,7.987121,6.982576,7.987121,6.982576
TP20,shiftdesign_wt-limits-10-10_data-3_inst-003_30m.sm-extracted_old.wcnf,True,True,28190618.0,28190618.0,6.261324,5.474149,6.261324,5.474149
TP20,shiftdesign_wt-limits-10-10_data-4_inst-003_60m.sm-extracted_old.wcnf,True,True,87521039.0,87521039.0,17.375027,11.433617,17.375027,11.433617
TP20,spot5_wt-1401.wcsp.log_old.wcnf,True,True,468096.0,468096.0,0.028258,0.014414,7.602884,7.384361
TP20,spot5_wt-1403.wcsp.dir_old.wcnf,True,True,477264.0,477264.0,0.075754,0.01575,0.144338,0.084238
TP20,spot5_wt-1403.wcsp.log_old.wcnf,True,True,469238.0,469238.0,0.075896,0.018661,34.774426,34.526624
TP20,spot5_wt-1405.wcsp.dir_old.wcnf,True,True,475458.0,475458.0,0.143778,0.023194,0.334534,0.213191
TP20,spot5_wt-1506.wcsp.log_old.wcnf,True,True,360527.0,360527.0,0.050051,0.024429,34.504252,34.329997
TP20,spot5_wt-5.wcsp.log_old.wcnf,True,True,270.0,270.0,0.045271,0.01338,0.050523,0.018657
TP20,staff-scheduling_wt-instance10_old.wcnf,True,True,6550.0,6550.0,2.555672,2.565037,57.699272,59.416167
TP20,staff-scheduling_wt-instance11_old.wcnf,True,True,3653.0,3653.0,1.199861,1.057654,22.795963,22.479211
TP20,staff-scheduling_wt-instance12_old.wcnf,True,True,7671.0,7671.0,4.145644,3.785523,13.842314,12.850133
TP20,staff-scheduling_wt-instance2_old.wcnf,True,True,838.0,838.0,0.036385,0.016415,3.616591,3.583047
TP20,staff-scheduling_wt-instance3_old.wcnf,True,True,1026.0,1026.0,0.105129,0.048569,15.43724,15.334089
TP20,staff-scheduling_wt-instance4_old.wcnf,True,True,1740.0,1740.0,0.093881,0.02687,41.333579,40.924437
TP20,staff-scheduling_wt-instance5_old.wcnf,True,True,1287.0,1287.0,0.130588,0.075174,25.431748,25.486382
TP20,staff-scheduling_wt-instance6_old.wcnf,True,True,2081.0,2081.0,0.141338,0.09391,10.601762,10.688373
TP20,staff-scheduling_wt-instance7_old.wcnf,True,True,1178.0,1178.0,0.216248,0.118334,46.44659,46.001022
TP20,staff-scheduling_wt-instance8_old.wcnf,True,True,2848.0,2848.0,0.687515,0.55888,20.639971,18.514013
TP20,staff-scheduling_wt-instance9_old.wcnf,True,True,2161.0,2142.0,1.848458,1.612697,47.606658,58.135657
TP20,switchingactivitymaximization-SwitchingActivityMaximization_OpenRISC1200_100_old.wcnf,True,True,392.0,392.0,1.088075,0.759774,1.088075,0.759774
TP20,switchingactivitymaximization-SwitchingActivityMaximization_OpenRISC1200_150_old.wcnf,True,True,528.0,528.0,1.231364,0.758019,1.231364,0.758019
TP20,switchingactivitymaximization-SwitchingActivityMaximization_OpenRISC1200_200_old.wcnf,True,True,602.0,602.0,2.059893,0.773371,2.059893,0.773371
TP20,switchingactivitymaximization-SwitchingActivityMaximization_OpenRISC1200_66_old.wcnf,True,True,228.0,228.0,2.321311,0.816345,2.321311,0.816345
TP20,switchingactivitymaximization-SwitchingActivityMaximization_OpenRISC1200_68_old.wcnf,True,True,193.0,193.0,1.591115,0.800188,1.591115,0.800188
TP20,switchingactivitymaximization-SwitchingActivityMaximization_OpenRISC1200_70_old.wcnf,True,True,240.0,240.0,1.483199,0.798508,1.483199,0.798508
TP20,switchingactivitymaximization-SwitchingActivityMaximization_OpenRISC1200_72_old.wcnf,True,True,202.0,202.0,1.982442,0.755016,1.982442,0.755016
TP20,switchingactivitymaximization-SwitchingActivityMaximization_OpenRISC1200_80_old.wcnf,True,True,306.0,306.0,2.450808,1.016609,2.450808,1.016609
TP20,switchingactivitymaximization-SwitchingActivityMaximization_OpenRISC1200_90_old.wcnf,True,True,283.0,283.0,6.267462,0.805298,6.267462,0.805298
TP20,tcp_wt-tcp_students_112_it_2_old.wcnf,True,True,3699.0,3699.0,1.227663,0.243056,44.964902,43.450837
TP20,timetabling_wt-comp02_old.wcnf,True,True,136.0,136.0,1.846114,0.871441,9.246761,8.561932
TP20,timetabling_wt-comp09_old.wcnf,True,True,135.0,135.0,1.37508,0.797988,27.184037,26.853899
TP20,timetabling_wt-comp12_old.wcnf,True,True,560.0,555.0,1.452485,0.627687,33.581973,59.684573
TP20,timetabling_wt-dds4_old.wcnf,False,False,,,,,,
TP5,MaxSATQueriesinInterpretableClassifiers_wt-credit_train_8_CNF_5_20_old.wcnf,True,True,96480.0,96480.0,15.021479,6.570437,43.861201,35.441268
TP5,MaxSATQueriesinInterpretableClassifiers_wt-pima_train_6_CNF_3_20_old.wcnf,True,True,3310.0,3310.0,0.044567,0.008923,33.395268,33.253497
TP5,MaxSATQueriesinInterpretableClassifiers_wt-toms_test_2_CNF_3_20_old.wcnf,True,True,195.0,221.0,0.609756,0.526749,7.252474,5.152423
TP5,MinimumWeightDominatingSetProblem_wt-bn-human-BNU_1_0025865_session_1-bg_old.wcnf,True,True,140539244.0,140539244.0,6.239282,3.85695,6.239282,3.85695
TP5,MinimumWeightDominatingSetProblem_wt-channel-500x100x100-b050_old.wcnf,True,True,478624478.0,478435131.0,21.004552,19.658837,60.487852,60.816237
TP5,MinimumWeightDominatingSetProblem_wt-delaunay_n24_old.wcnf,True,True,1685918983.0,1685918983.0,50.026828,49.750025,62.178028,60.989225
TP5,MinimumWeightDominatingSetProblem_wt-hugebubbles-00020_old.wcnf,True,True,2130406259.0,2130406259.0,31.237817,22.500576,31.237817,22.500576
TP5,MinimumWeightDominatingSetProblem_wt-inf-road-usa_old.wcnf,True,False,2406704625.0,,26.741276,47.979297,26.741276,64.196897
TP5,MinimumWeightDominatingSetProblem_wt-rgg_n_2_24_s0_old.wcnf,True,True,1686108752.0,1686108752.0,45.573177,21.987687,45.573177,21.987687
TP5,MinimumWeightDominatingSetProblem_wt-sc-rel9_old.wcnf,True,True,593056574.0,592677474.0,35.612281,30.763301,61.275281,60.703001
TP5,MinimumWeightDominatingSetProblem_wt-soc-livejournal-user-groups_old.wcnf,True,True,752647274.0,752647274.0,26.920119,18.626405,26.920119,18.626405
TP5,MinimumWeightDominatingSetProblem_wt-web-wikipedia2009_old.wcnf,True,True,174611880.0,175541938.0,11.480486,14.656144,60.605716,60.182984
TP5,ParametricRBACMaintenance_mse20_wt-role_domino_multiple_0.1_8_old.wcnf,True,True,47682.0,57408.0,2.163202,1.812488,12.370532,3.654098
TP5,ParametricRBACMaintenance_mse20_wt-role_domino_multiple_0.2_0_old.wcnf,True,True,74189.0,94856.0,2.160493,1.909026,9.582683,3.472836
TP5,ParametricRBACMaintenance_mse20_wt-role_domino_multiple_0.5_1_old.wcnf,True,True,144463.0,153444.0,3.119143,1.933513,10.266053,5.770903
TP5,ParametricRBACMaintenance_mse20_wt-role_domino_multiple_0.6_8_old.wcnf,True,True,159871.0,166737.0,2.134829,1.884067,11.652069,5.491007
TP5,ParametricRBACMaintenance_mse20_wt-role_smallcomp_multiple_0.7_2_old.wcnf,True,True,277373.0,277373.0,12.558033,5.017005,58.706988,49.742746
TP5,ParametricRBACMaintenance_mse20_wt-role_smallcomp_multiple_0.7_6_old.wcnf,True,True,252179.0,252179.0,0.029064,0.010861,3.486914,3.486747
TP5,ParametricRBACMaintenance_mse20_wt-role_smallcomp_multiple_0.8_1_old.wcnf,True,True,350793.0,350960.0,0.027103,0.009927,10.317219,0.547951
TP5,ParametricRBACMaintenance_mse20_wt-role_smallcomp_multiple_0.9_6_old.wcnf,True,True,282321.0,282321.0,0.051007,0.010301,0.191686,0.151616
TP5,ParametricRBACMaintenance_mse20_wt-role_university_multiple_0.1_1_old.wcnf,True,True,63653.0,68528.0,2.951354,2.653128,11.422634,4.636198
TP5,ParametricRBACMaintenance_mse20_wt-role_university_multiple_0.4_7_old.wcnf,True,True,234414.0,261839.0,4.696812,3.526761,11.854412,5.692461
TP5,ParametricRBACMaintenance_mse20_wt-role_university_multiple_0.5_4_old.wcnf,True,True,215348.0,290919.0,3.291607,2.413758,13.458707,5.761438
TP5,ParametricRBACMaintenance_mse20_wt-role_university_multiple_0.5_5_old.wcnf,True,True,198362.0,269354.0,3.076692,2.796073,12.371532,4.502473
TP5,ParametricRBACMaintenance_mse20_wt-role_university_multiple_0.5_7_old.wcnf,True,True,263585.0,282423.0,3.979872,3.983563,9.758902,6.117963
TP5,abstraction-refinement_wt-downcast-antlr_old.wcnf,True,True,79566.0,78873.0,9.610021,20.579134,9.610021,23.013934
TP5,abstraction-refinement_wt-downcast-avrora_old.wcnf,True,True,49759.0,49759.0,14.415457,14.640854,18.520547,18.743834
TP5,abstraction-refinement_wt-downcast-hsqldb_old.wcnf,True,True,32293.0,32293.0,31.648643,32.378889,40.549243,42.505189
TP5,abstraction-refinement_wt-downcast-pmd_old.wcnf,True,True,6287.0,6287.0,31.192836,30.276697,41.553736,41.289197
TP5,abstraction-refinement_wt-downcast-xalan_old.wcnf,True,True,65593.0,65615.0,16.6016,16.316409,59.13149,45.299129
TP5,abstraction-refinement_wt-polysite-avrora_old.wcnf,True,True,55020.0,55020.0,16.46761,14.223789,20.44499,18.322779
TP5,abstraction-refinement_wt-polysite-bloat_old.wcnf,True,True,2397.0,2397.0,45.862395,45.701078,61.341495,62.966078
TP5,abstraction-refinement_wt-polysite-hsqldb_old.wcnf,True,True,177778.0,175624.0,14.378859,36.108343,14.378859,45.841343
TP5,abstraction-refinement_wt-polysite-pmd_old.wcnf,True,True,190826.0,190826.0,26.473427,27.059156,34.166027,37.108756
TP5,abstraction-refinement_wt-polysite-xalan_old.wcnf,True,True,117742.0,117742.0,22.222937,20.373286,27.096837,26.961246
TP5,causal-discovery_wt-causal_Link_10_10000_old.wcnf,True,True,39112847.0,39112847.0,3.546758,3.1697,14.887858,14.46039
TP5,causal-discovery_wt-causal_Link_10_1000_old.wcnf,True,True,33562494.0,33562494.0,3.653289,3.187059,30.145389,29.016569
TP5,causal-discovery_wt-causal_Link_9_100_old.wcnf,True,True,3242187.0,3242187.0,1.996114,0.506999,1.996114,0.506999
TP5,causal-discovery_wt-causal_Mushroom_7_1000_old.wcnf,True,True,9414169.0,9414169.0,0.1554,0.133812,17.869041,17.793917
TP5,causal-discovery_wt-causal_Pigs_6_1000_old.wcnf,True,True,35110976.0,35110976.0,0.604325,0.176541,0.604325,0.176541
TP5,causal-discovery_wt-causal_Water_10_1000_old.wcnf,True,True,45193159.0,45193159.0,3.237911,3.253582,11.619061,11.667722
TP5,causal-discovery_wt-causal_alarm_9_1000_old.wcnf,True,True,36049513.0,36049513.0,1.268197,1.169353,10.24051,10.133392
TP5,causal-discovery_wt-causal_carpo_8_1000_old.wcnf,True,True,2244087.0,2244087.0,0.460445,0.413301,59.12291,58.842195
TP5,correlation-clustering_wt-Rounded_CorrelationClustering_Ionosphere_BINARY_N260_D0.200_old.wcnf,True,True,7014701.0,7348210.0,0.449744,0.432247,7.573165,2.637507
TP5,correlation-clustering_wt-Rounded_CorrelationClustering_Protein1_UNARY_N290_old.wcnf,True,True,32090014.0,33957845.0,4.987195,1.449258,6.811545,1.449258
TP5,correlation-clustering_wt-Rounded_CorrelationClustering_Protein2_BINARY_N220_old.wcnf,True,True,14004102.0,14507780.0,0.195893,0.155084,8.168712,4.399898
TP5,correlation-clustering_wt-Rounded_CorrelationClustering_Protein2_BINARY_N240_old.wcnf,True,True,16116883.0,17136926.0,0.206399,0.183537,8.4641,0.757054
TP5,correlation-clustering_wt-Rounded_CorrelationClustering_Protein2_BINARY_N380_old.wcnf,True,True,39198852.0,41010202.0,0.516161,0.473404,12.039557,2.699743
TP5,correlation-clustering_wt-Rounded_CorrelationClustering_Protein2_UNARY_N220_old.wcnf,True,True,21300102.0,21300102.0,2.815447,2.575956,3.672867,3.437736
TP5,correlation-clustering_wt-Rounded_CorrelationClustering_Protein3_TRANSITIVE_N280_old.wcnf,True,True,185255761.0,185255761.0,9.352062,9.105098,30.006912,29.773878
TP5,correlation-clustering_wt-Rounded_CorrelationClustering_Protein3_UNARY_N220_old.wcnf,True,True,19154505.0,19154505.0,2.514262,2.466247,4.591722,4.480387
TP5,correlation-clustering_wt-Rounded_CorrelationClustering_Protein4_BINARY_N320_old.wcnf,True,True,14733167.0,15317124.0,0.208796,0.185828,7.974472,1.943958
TP5,correlation-clustering_wt-Rounded_CorrelationClustering_Protein4_UNARY_N250_old.wcnf,True,True,11103273.0,16118725.0,2.533845,2.335949,11.481845,3.228039
TP5,correlation-clustering_wt-Rounded_CorrelationClustering_Vowel_BINARY_N700_D0.200_old.wcnf,True,True,75201247.0,75201247.0,2.389101,2.318986,2.576081,2.493236
TP5,correlation-clustering_wt-Rounded_CorrelationClustering_Vowel_BINARY_N800_D0.200_old.wcnf,True,True,86276967.0,90166538.0,3.327337,3.33761,8.202637,3.51175
TP5,decision-tree-anneal-un-formula_0.8_2021_atleast_31_max-4_reduced_incomplete_adaboost_3_old.wcnf,True,True,355.0,355.0,1.553209,1.479002,3.154289,3.052192
TP5,decision-tree-anneal-un-formula_0.8_2021_atleast_31_max-4_reduced_incomplete_adaboost_5_old.wcnf,True,True,762.0,783.0,1.528031,1.448886,8.742101,4.398966
TP5,decision-tree-australian-credit-un-formula_0.8_2021_atleast_31_max-4_reduced_incomplete_adaboost_5_old.wcnf,True,True,575.0,575.0,2.22725,2.094017,4.0739,3.988257
TP5,decision-tree-heart-cleveland-un-formula_0.8_2021_atleast_127_max-6_reduced_incomplete_adaboost_2_old.wcnf,True,True,139.0,139.0,3.043973,2.793452,3.043973,2.793452
TP5,decision-tree-heart-cleveland-un-formula_0.8_2021_atleast_15_max-3_reduced_incomplete_adaboost_4_old.wcnf,True,True,138.0,138.0,0.31645,0.295572,0.501206,0.485131
TP5,decision-tree-heart-cleveland-un-formula_0.8_2021_atleast_31_max-4_reduced_incomplete_adaboost_4_old.wcnf,True,True,146.0,146.0,0.730533,0.707416,1.028816,0.999176
TP5,decision-tree-heart-cleveland-un-formula_0.8_2021_atleast_31_max-4_reduced_incomplete_adaboost_6_old.wcnf,True,True,240.0,240.0,0.759052,0.725003,1.454042,1.419703
TP5,decision-tree-primary-tumor-un-formula_0.8_2021_atleast_127_max-6_reduced_incomplete_adaboost_2_old.wcnf,True,True,113.0,113.0,3.559732,2.910747,5.835292,4.917947
TP5,decision-tree-primary-tumor-un-formula_0.8_2021_atleast_127_max-6_reduced_incomplete_adaboost_4_old.wcnf,True,True,212.0,212.0,4.117007,2.825534,4.258837,2.953484
TP5,decision-tree-primary-tumor-un-formula_0.8_2021_atleast_15_max-3_reduced_incomplete_adaboost_2_old.wcnf,True,True,84.0,84.0,0.138589,0.097255,4.743873,4.670299
TP5,decision-tree-primary-tumor-un-formula_0.8_2021_atleast_31_max-4_reduced_incomplete_adaboost_4_old.wcnf,True,True,155.0,155.0,0.272315,0.246529,4.112743,3.988398
TP5,decision-tree-primary-tumor-un-formula_0.8_2021_atleast_63_max-5_reduced_incomplete_adaboost_6_old.wcnf,True,True,338.0,338.0,0.812037,0.782552,1.644059,1.609187
TP5,decision-tree-tic-tac-toe-un-formula_0.8_2021_atleast_15_max-3_reduced_incomplete_adaboost_2_old.wcnf,True,True,335.0,335.0,0.280565,0.217946,0.432684,0.365798
TP5,decision-tree-tic-tac-toe-un-formula_0.8_2021_atleast_15_max-3_reduced_incomplete_adaboost_3_old.wcnf,True,True,443.0,443.0,0.324483,0.250168,0.400081,0.325591
TP5,decision-tree-tic-tac-toe-un-formula_0.8_2021_atleast_31_max-4_reduced_incomplete_adaboost_2_old.wcnf,True,True,286.0,286.0,0.444517,0.386292,0.444517,0.386292
TP5,drmx-cryptogen_wt-geffe128_7_old.wcnf,True,True,811.0,811.0,0.019867,0.007221,29.304254,29.400821
TP5,generalized-ising_wt-IS11_5.0.5.0.0.5_softer_periodic_old.wcnf,True,True,112229069992697.0,112229069992697.0,0.051307,0.034752,0.668252,0.666209
TP5,generalized-ising_wt-IS12_5.0.5.0.0.5_softer_periodic_old.wcnf,True,True,113171466486232.0,113171466486232.0,0.233224,0.034635,0.239781,0.04107
TP5,generalized-ising_wt-IS13_5.0.5.0.0.5_softer_periodic_old.wcnf,True,True,119401387482250.0,119401387482250.0,0.081375,0.033631,0.085178,0.03691
TP5,generalized-ising_wt-IS15_5.0.5.0.0.5_softer_periodic_old.wcnf,True,True,114658059944605.0,114658059944605.0,0.106127,0.03419,0.111152,0.038674
TP5,generalized-ising_wt-IS16_5.0.5.0.0.5_softer_periodic_old.wcnf,True,True,115258059944605.0,115258059944605.0,0.381611,0.034483,6.466168,5.982955
TP5,generalized-ising_wt-IS17_5.0.5.0.0.5_softer_periodic_old.wcnf,True,True,115902780531937.0,115902780531937.0,0.058803,0.034433,14.651764,14.481352
TP5,generalized-ising_wt-IS20_5.0.5.0.0.5_softer_periodic_old.wcnf,True,True,119388436533623.0,119388436533623.0,0.079473,0.034906,0.120177,0.074937
TP5,generalized-ising_wt-IS22_5.0.5.0.0.5_softer_periodic_old.wcnf,True,True,119112776308211.0,119112776308211.0,0.048958,0.034368,0.059808,0.045148
TP5,generalized-ising_wt-IS23_5.0.5.0.0.5_softer_periodic_old.wcnf,True,True,118663520151734.0,118663520151734.0,0.050812,0.033884,0.113351,0.096477
TP5,generalized-ising_wt-IS3_5.0.5.0.0.5_softer_periodic_old.wcnf,True,True,116804575996363.0,116804575996363.0,0.136658,0.034203,6.525039,6.512375
TP5,generalized-ising_wt-IS4_5.0.5.0.0.5_softer_periodic_old.wcnf,True,True,115857504490177.0,115857504490177.0,0.080799,0.034176,0.119734,0.072185
TP5,generalized-ising_wt-IS5_5.0.5.0.0.5_softer_periodic_old.wcnf,True,True,114843630201223.0,114843630201223.0,0.058437,0.034205,0.54742,0.536763
TP5,generalized-ising_wt-IS6_5.0.5.0.0.5_softer_periodic_old.wcnf,True,True,113797656078091.0,113797656078091.0,0.05406,0.034063,0.125752,0.106751
TP5,generalized-ising_wt-IS7_5.0.5.0.0.5_softer_periodic_old.wcnf,True,True,112706601923009.0,112706601923009.0,0.053455,0.034297,0.085407,0.065811
TP5,generalized-ising_wt-IS9_5.0.5.0.0.5_softer_periodic_old.wcnf,True,True,110066981524169.0,110066981524169.0,0.078338,0.033995,0.115075,0.070787
TP5,hs-timetabling_wt-BrazilInstance1.xml_old.wcnf,True,True,117.0,117.0,0.102949,0.089602,41.348795,41.322824
TP5,hs-timetabling_wt-BrazilInstance2.xml_old.wcnf,True,True,149.0,149.0,0.231236,0.20545,50.061829,49.598787
TP5,hs-timetabling_wt-BrazilInstance4.xml_old.wcnf,True,True,267.0,267.0,1.486495,1.343211,1.486495,1.343211
TP5,hs-timetabling_wt-BrazilInstance5.xml_old.wcnf,True,True,490.0,490.0,1.216193,0.561263,29.200132,28.477749
TP5,hs-timetabling_wt-BrazilInstance6.xml_old.wcnf,True,True,546.0,546.0,0.852152,0.791452,55.44878,55.598093
TP5,hs-timetabling_wt-BrazilInstance7.xml_old.wcnf,True,True,889.0,889.0,1.143801,1.023504,49.743412,48.325026
TP5,hs-timetabling_wt-FinlandSecondarySchool.xml_old.wcnf,True,True,817.0,817.0,1.51645,1.426207,1.51645,1.426207
TP5,hs-timetabling_wt-ItalyInstance4.xml_old.wcnf,True,True,12143.0,12143.0,9.223397,9.146436,19.116237,19.149146
TP5,judgment-aggregation-ja-kemeny-preflib-00049-00000300_old.wcnf,True,True,793.0,793.0,0.27009,0.224665,44.989536,43.949316
TP5,judgment-aggregation-ja-kemeny-preflib-00049-00000334_old.wcnf,True,True,612.0,612.0,0.151844,0.110254,52.27211,53.369983
TP5,judgment-aggregation-ja-kemeny-preflib-00049-00000451_old.wcnf,True,True,1020.0,1020.0,0.917298,0.841271,50.607433,48.96306
TP5,judgment-aggregation-ja-kemeny-preflib-00049-00000454_old.wcnf,True,True,715.0,715.0,0.291752,0.27838,57.87245,57.11109
TP5,judgment-aggregation-ja-kemeny-preflib-00051-00000011_old.wcnf,True,True,779.0,779.0,1.490124,1.333738,58.898048,58.667682
TP5,max-realizability_wt-power-distribution_11_7_old.wcnf,True,True,126.0,126.0,0.534698,0.526903,1.179387,1.167037
TP5,max-realizability_wt-power-distribution_12_8_old.wcnf,True,True,216.0,216.0,1.314513,1.255913,1.783352,1.734617
TP5,max-realizability_wt-robot-navigation_10_old.wcnf,True,True,39.0,39.0,10.870491,10.829043,10.870491,10.829043
TP5,metro_wt-metro_8_8_5_20_10_6_500_1_3.lp.sm-extracted_old.wcnf,True,True,215.0,215.0,6.37451,6.289521,10.40372,10.280991
TP5,mpe_wt-random-net-50-5_network-8.net_old.wcnf,True,True,48330.0,48330.0,0.074281,0.025111,33.219044,33.077759
TP5,pseudoBoolean_wt-normalized-mps-v2-20-10-sentoy.opb.msat_old.wcnf,True,True,9460.0,9460.0,0.261517,0.042523,0.261517,0.042523
TP5,railway-transport_wt-bf2030fvslack_old.wcnf,True,True,561747.0,264711.0,58.007234,19.045806,58.007234,41.893566
TP5,railway-transport_wt-f2030_old.wcnf,True,True,6979.0,6979.0,9.488085,2.765628,59.720215,52.483088
TP5,railway-transport_wt-r11_old.wcnf,True,True,73964834.0,68426962.0,54.235723,18.644668,59.981823,42.892968
TP5,railway-transport_wt-wg2_old.wcnf,True,True,866.0,866.0,13.894965,11.562335,41.007915,38.371375
TP5,ramsey_wt-ram_k3_n14.ra1_old.wcnf,True,True,3025.0,3025.0,0.072657,0.018535,0.563721,0.50552
TP5,ramsey_wt-ram_k3_n16.ra1_old.wcnf,True,True,7271.0,7271.0,0.026102,0.002771,0.465915,0.444692
TP5,ramsey_wt-ram_k3_n19.ra1_old.wcnf,True,True,20665.0,20665.0,0.047509,0.004708,1.241751,1.203438
TP5,ramsey_wt-ram_k4_n19.ra1_old.wcnf,True,True,1240.0,1240.0,0.096689,0.022534,8.120485,8.023243
TP5,relational-inference_wt-pa-1_old.wcnf,True,True,8282.0,8282.0,4.687011,2.749712,7.158971,5.195072
TP5,relational-inference_wt-pa-2_old.wcnf,True,True,3093.0,3093.0,38.679657,33.982657,38.753257,34.056757
TP5,relational-inference_wt-pa-3_old.wcnf,True,True,2967.0,446468655.0,34.577939,6.04544,57.496739,6.04544
TP5,setcover_wt-rail2536_old.wcnf,True,True,2147034.0,2147034.0,1.167363,0.925581,1.167363,0.925581
TP5,setcover_wt-rail4284_old.wcnf,True,True,2119198.0,2119198.0,1.060235,0.706943,1.060235,0.706943
TP5,setcover_wt-rail4872_old.wcnf,True,True,1873139.0,1873139.0,2.159458,0.563103,2.159458,0.563103
TP5,setcover_wt-rail507_old.wcnf,True,True,220.0,220.0,15.965565,7.921704,41.523105,33.281074
TP5,shiftdesign_wt-limits-10-10_data-1_inst-084_30m.sm-extracted_old.wcnf,True,True,49932711.0,49932711.0,10.988424,8.201368,10.988424,8.201368
TP5,shiftdesign_wt-limits-10-10_data-1_inst-137_30m.sm-extracted_old.wcnf,True,True,17244442.0,17244442.0,4.440402,3.720401,4.440402,3.720401
TP5,shiftdesign_wt-limits-10-10_data-1_inst-182_30m.sm-extracted_old.wcnf,True,True,30573006.0,30573006.0,9.468072,7.422338,9.468072,7.422338
TP5,shiftdesign_wt-limits-10-10_data-2_inst-003_30m.sm-extracted_old.wcnf,True,True,41321652.0,41321652.0,11.49043,7.5715,11.49043,7.5715
TP5,shiftdesign_wt-limits-10-10_data-2_inst-025_30m.sm-extracted_old.wcnf,True,True,56212258.0,56212258.0,11.537841,9.934654,11.537841,9.934654
TP5,shiftdesign_wt-limits-10-10_data-2_inst-030_30m.sm-extracted_old.wcnf,True,True,122128224.0,122128224.0,22.926491,21.743196,22.926491,21.743196
TP5,shiftdesign_wt-limits-10-10_data-3_inst-002_30m.sm-extracted_old.wcnf,True,True,35896155.0,35896155.0,7.987121,6.302083,7.987121,6.302083
TP5,shiftdesign_wt-limits-10-10_data-3_inst-003_30m.sm-extracted_old.wcnf,True,True,28190618.0,28190618.0,6.261324,4.801533,6.261324,4.801533
TP5,shiftdesign_wt-limits-10-10_data-4_inst-003_60m.sm-extracted_old.wcnf,True,True,87521039.0,87521039.0,17.375027,11.52286,17.375027,11.52286
TP5,spot5_wt-1401.wcsp.log_old.wcnf,True,True,468096.0,468096.0,0.028258,0.014399,7.602884,7.336443
TP5,spot5_wt-1403.wcsp.dir_old.wcnf,True,True,477264.0,477264.0,0.075754,0.015663,0.144338,0.084405
TP5,spot5_wt-1403.wcsp.log_old.wcnf,True,True,469238.0,469238.0,0.075896,0.018471,34.774426,34.544739
TP5,spot5_wt-1405.wcsp.dir_old.wcnf,True,True,475458.0,475458.0,0.143778,0.023009,0.334534,0.213849
TP5,spot5_wt-1506.wcsp.log_old.wcnf,True,True,360527.0,360527.0,0.050051,0.024206,34.504252,34.374997
TP5,spot5_wt-5.wcsp.log_old.wcnf,True,True,270.0,270.0,0.045271,0.013667,0.050523,0.018942
TP5,staff-scheduling_wt-instance10_old.wcnf,True,True,6550.0,6550.0,2.555672,2.440164,57.699272,57.218014
TP5,staff-scheduling_wt-instance11_old.wcnf,True,True,3653.0,3653.0,1.199861,1.053778,22.795963,22.286754
TP5,staff-scheduling_wt-instance12_old.wcnf,True,True,7671.0,7138.0,4.145644,3.594472,13.842314,59.049032
TP5,staff-scheduling_wt-instance2_old.wcnf,True,True,838.0,838.0,0.036385,0.016715,3.616591,3.583635
TP5,staff-scheduling_wt-instance3_old.wcnf,True,True,1026.0,1026.0,0.105129,0.047361,15.43724,15.221133
TP5,staff-scheduling_wt-instance4_old.wcnf,True,True,1740.0,1740.0,0.093881,0.026942,41.333579,41.271302
TP5,staff-scheduling_wt-instance5_old.wcnf,True,True,1287.0,1287.0,0.130588,0.074263,25.431748,24.88055
TP5,staff-scheduling_wt-instance6_old.wcnf,True,True,2081.0,2081.0,0.141338,0.092798,10.601762,10.615631
TP5,staff-scheduling_wt-instance7_old.wcnf,True,True,1178.0,1178.0,0.216248,0.11763,46.44659,45.586639
TP5,staff-scheduling_wt-instance8_old.wcnf,True,True,2848.0,2848.0,0.687515,0.542879,20.639971,18.411388
TP5,staff-scheduling_wt-instance9_old.wcnf,True,True,2161.0,2142.0,1.848458,1.562399,47.606658,58.848728
TP5,switchingactivitymaximization-SwitchingActivityMaximization_OpenRISC1200_100_old.wcnf,True,True,392.0,392.0,1.088075,0.760584,1.088075,0.760584
TP5,switchingactivitymaximization-SwitchingActivityMaximization_OpenRISC1200_150_old.wcnf,True,True,528.0,528.0,1.231364,0.760059,1.231364,0.760059
TP5,switchingactivitymaximization-SwitchingActivityMaximization_OpenRISC1200_200_old.wcnf,True,True,602.0,602.0,2.059893,0.763902,2.059893,0.763902
TP5,switchingactivitymaximization-SwitchingActivityMaximization_OpenRISC1200_66_old.wcnf,True,True,228.0,228.0,2.321311,0.782038,2.321311,0.782038
TP5,switchingactivitymaximization-SwitchingActivityMaximization_OpenRISC1200_68_old.wcnf,True,True,193.0,193.0,1.591115,0.76158,1.591115,0.76158
TP5,switchingactivitymaximization-SwitchingActivityMaximization_OpenRISC1200_70_old.wcnf,True,True,240.0,240.0,1.483199,0.770308,1.483199,0.770308
TP5,switchingactivitymaximization-SwitchingActivityMaximization_OpenRISC1200_72_old.wcnf,True,True,202.0,202.0,1.982442,0.761264,1.982442,0.761264
TP5,switchingactivitymaximization-SwitchingActivityMaximization_OpenRISC1200_80_old.wcnf,True,True,306.0,306.0,2.450808,0.76052,2.450808,0.76052
TP5,switchingactivitymaximization-SwitchingActivityMaximization_OpenRISC1200_90_old.wcnf,True,True,283.0,283.0,6.267462,0.761637,6.267462,0.761637
TP5,tcp_wt-tcp_students_112_it_2_old.wcnf,True,True,3699.0,3699.0,1.227663,0.24124,44.964902,44.410013
TP5,timetabling_wt-comp02_old.wcnf,True,True,136.0,136.0,1.846114,0.809511,9.246761,8.101949
TP5,timetabling_wt-comp09_old.wcnf,True,True,135.0,135.0,1.37508,0.783558,27.184037,26.451165
TP5,timetabling_wt-comp12_old.wcnf,True,True,560.0,555.0,1.452485,0.607302,33.581973,58.903528
TP5,timetabling_wt-dds4_old.wcnf,False,False,,,,,,
TQ20,MaxSATQueriesinInterpretableClassifiers_wt-credit_train_8_CNF_5_20_old.wcnf,True,True,96480.0,96480.0,15.021479,14.119924,43.861201,42.393739
TQ20,MaxSATQueriesinInterpretableClassifiers_wt-pima_train_6_CNF_3_20_old.wcnf,True,True,3310.0,3310.0,0.044567,0.008633,33.395268,33.422663
TQ20,MaxSATQueriesinInterpretableClassifiers_wt-toms_test_2_CNF_3_20_old.wcnf,True,True,195.0,195.0,0.609756,0.575178,7.252474,7.033502
TQ20,MinimumWeightDominatingSetProblem_wt-bn-human-BNU_1_0025865_session_1-bg_old.wcnf,True,True,140539244.0,140539244.0,6.239282,4.550778,6.239282,4.550778
TQ20,MinimumWeightDominatingSetProblem_wt-channel-500x100x100-b050_old.wcnf,True,True,478624478.0,478435131.0,21.004552,20.381684,60.487852,61.172684
TQ20,MinimumWeightDominatingSetProblem_wt-delaunay_n24_old.wcnf,True,True,1685918983.0,1686108752.0,50.026828,16.052675,62.178028,16.052675
TQ20,MinimumWeightDominatingSetProblem_wt-hugebubbles-00020_old.wcnf,True,True,2130406259.0,2130406259.0,31.237817,21.772803,31.237817,21.772803
TQ20,MinimumWeightDominatingSetProblem_wt-inf-road-usa_old.wcnf,True,True,2406704625.0,2406515295.0,26.741276,47.546571,26.741276,63.449471
TQ20,MinimumWeightDominatingSetProblem_wt-rgg_n_2_24_s0_old.wcnf,True,True,1686108752.0,1686108752.0,45.573177,23.965359,45.573177,23.965359
TQ20,MinimumWeightDominatingSetProblem_wt-sc-rel9_old.wcnf,True,True,593056574.0,592487432.0,35.612281,29.161303,61.275281,61.350303
TQ20,MinimumWeightDominatingSetProblem_wt-soc-livejournal-user-groups_old.wcnf,True,True,752647274.0,752647274.0,26.920119,16.062878,26.920119,16.062878
TQ20,MinimumWeightDominatingSetProblem_wt-web-wikipedia2009_old.wcnf,True,True,174611880.0,35092853.0,11.480486,9.412301,60.605716,12.398891
TQ20,ParametricRBACMaintenance_mse20_wt-role_domino_multiple_0.1_8_old.wcnf,True,True,47682.0,47682.0,2.163202,1.754941,12.370532,10.979411
TQ20,ParametricRBACMaintenance_mse20_wt-role_domino_multiple_0.2_0_old.wcnf,True,True,74189.0,70356.0,2.160493,1.917116,9.582683,13.099256
TQ20,ParametricRBACMaintenance_mse20_wt-role_domino_multiple_0.5_1_old.wcnf,True,True,144463.0,144463.0,3.119143,1.967304,10.266053,7.438354
TQ20,ParametricRBACMaintenance_mse20_wt-role_domino_multiple_0.6_8_old.wcnf,True,True,159871.0,159871.0,2.134829,1.899988,11.652069,10.914038
TQ20,ParametricRBACMaintenance_mse20_wt-role_smallcomp_multiple_0.7_2_old.wcnf,True,True,277373.0,277373.0,12.558033,12.516972,58.706988,57.385291
TQ20,ParametricRBACMaintenance_mse20_wt-role_smallcomp_multiple_0.7_6_old.wcnf,True,True,252179.0,252179.0,0.029064,0.010197,3.486914,3.475432
TQ20,ParametricRBACMaintenance_mse20_wt-role_smallcomp_multiple_0.8_1_old.wcnf,True,True,350793.0,350793.0,0.027103,0.009497,10.317219,10.249561
TQ20,ParametricRBACMaintenance_mse20_wt-role_smallcomp_multiple_0.9_6_old.wcnf,True,True,282321.0,282321.0,0.051007,0.010029,0.191686,0.150821
TQ20,ParametricRBACMaintenance_mse20_wt-role_university_multiple_0.1_1_old.wcnf,True,True,63653.0,63484.0,2.951354,2.685571,11.422634,12.845911
TQ20,ParametricRBACMaintenance_mse20_wt-role_university_multiple_0.4_7_old.wcnf,True,True,234414.0,234414.0,4.696812,3.649796,11.854412,9.950006
TQ20,ParametricRBACMaintenance_mse20_wt-role_university_multiple_0.5_4_old.wcnf,True,True,215348.0,215348.0,3.291607,2.510425,13.458707,11.360015
TQ20,ParametricRBACMaintenance_mse20_wt-role_university_multiple_0.5_5_old.wcnf,True,True,198362.0,198362.0,3.076692,2.833475,12.371532,11.161115
TQ20,ParametricRBACMaintenance_mse20_wt-role_university_multiple_0.5_7_old.wcnf,True,True,263585.0,263585.0,3.979872,3.678858,9.758902,8.848628
TQ20,abstraction-refinement_wt-downcast-antlr_old.wcnf,True,True,79566.0,78873.0,9.610021,23.294821,9.610021,25.853721
TQ20,abstraction-refinement_wt-downcast-avrora_old.wcnf,True,True,49759.0,49759.0,14.415457,14.706885,18.520547,18.826655
TQ20,abstraction-refinement_wt-downcast-hsqldb_old.wcnf,True,True,32293.0,34922.0,31.648643,13.730048,40.549243,13.730048
TQ20,abstraction-refinement_wt-downcast-pmd_old.wcnf,True,True,6287.0,6287.0,31.192836,30.864431,41.553736,40.531131
TQ20,abstraction-refinement_wt-downcast-xalan_old.wcnf,True,True,65593.0,65593.0,16.6016,15.779149,59.13149,58.208179
TQ20,abstraction-refinement_wt-polysite-avrora_old.wcnf,True,True,55020.0,55020.0,16.46761,14.081239,20.44499,18.046829
TQ20,abstraction-refinement_wt-polysite-bloat_old.wcnf,True,True,2397.0,2397.0,45.862395,44.472273,61.341495,62.841573
TQ20,abstraction-refinement_wt-polysite-hsqldb_old.wcnf,True,True,177778.0,177778.0,14.378859,14.195187,14.378859,14.195187
TQ20,abstraction-refinement_wt-polysite-pmd_old.wcnf,True,True,190826.0,190826.0,26.473427,27.302422,34.166027,35.078522
TQ20,abstraction-refinement_wt-polysite-xalan_old.wcnf,True,True,117742.0,117742.0,22.222937,19.735742,27.096837,24.706982
TQ20,causal-discovery_wt-causal_Link_10_10000_old.wcnf,True,True,39112847.0,39112847.0,3.546758,3.29368,14.887858,14.62545
TQ20,causal-discovery_wt-causal_Link_10_1000_old.wcnf,True,True,33562494.0,33562494.0,3.653289,3.312835,30.145389,28.858975
TQ20,causal-discovery_wt-causal_Link_9_100_old.wcnf,True,True,3242187.0,3242187.0,1.996114,0.539057,1.996114,0.539057
TQ20,causal-discovery_wt-causal_Mushroom_7_1000_old.wcnf,True,True,9414169.0,9414169.0,0.1554,0.152688,17.869041,17.881644
TQ20,causal-discovery_wt-causal_Pigs_6_1000_old.wcnf,True,True,35110976.0,35110976.0,0.604325,0.175402,0.604325,0.175402
TQ20,causal-discovery_wt-causal_Water_10_1000_old.wcnf,True,True,45193159.0,45193159.0,3.237911,3.241282,11.619061,11.588222
TQ20,causal-discovery_wt-causal_alarm_9_1000_old.wcnf,True,True,36049513.0,36049513.0,1.268197,1.206364,10.24051,10.245746
TQ20,causal-discovery_wt-causal_carpo_8_1000_old.wcnf,True,True,2244087.0,2244087.0,0.460445,0.392625,59.12291,59.092977
TQ20,correlation-clustering_wt-Rounded_CorrelationClustering_Ionosphere_BINARY_N260_D0.200_old.wcnf,True,True,7014701.0,7014701.0,0.449744,0.424739,7.573165,7.478824
TQ20,correlation-clustering_wt-Rounded_CorrelationClustering_Protein1_UNARY_N290_old.wcnf,True,True,32090014.0,32090014.0,4.987195,5.28098,6.811545,7.07033
TQ20,correlation-clustering_wt-Rounded_CorrelationClustering_Protein2_BINARY_N220_old.wcnf,True,True,14004102.0,14004102.0,0.195893,0.15631,8.168712,8.261979
TQ20,correlation-clustering_wt-Rounded_CorrelationClustering_Protein2_BINARY_N240_old.wcnf,True,True,16116883.0,16116883.0,0.206399,0.249751,8.4641,8.389472
TQ20,correlation-clustering_wt-Rounded_CorrelationClustering_Protein2_BINARY_N380_old.wcnf,True,True,39198852.0,39198852.0,0.516161,0.472703,12.039557,11.84289
TQ20,correlation-clustering_wt-Rounded_CorrelationClustering_Protein2_UNARY_N220_old.wcnf,True,True,21300102.0,21300102.0,2.815447,2.627291,3.672867,3.452001
TQ20,correlation-clustering_wt-Rounded_CorrelationClustering_Protein3_TRANSITIVE_N280_old.wcnf,True,True,185255761.0,185255761.0,9.352062,9.816678,30.006912,29.376758
TQ20,correlation-clustering_wt-Rounded_CorrelationClustering_Protein3_UNARY_N220_old.wcnf,True,True,19154505.0,19154505.0,2.514262,2.426274,4.591722,4.353804
TQ20,correlation-clustering_wt-Rounded_CorrelationClustering_Protein4_BINARY_N320_old.wcnf,True,True,14733167.0,14733167.0,0.208796,0.183603,7.974472,7.70009
TQ20,correlation-clustering_wt-Rounded_CorrelationClustering_Protein4_UNARY_N250_old.wcnf,True,True,11103273.0,11103273.0,2.533845,2.344891,11.481845,10.864111
TQ20,correlation-clustering_wt-Rounded_CorrelationClustering_Vowel_BINARY_N700_D0.200_old.wcnf,True,True,75201247.0,75201247.0,2.389101,2.358573,2.576081,2.519203
TQ20,correlation-clustering_wt-Rounded_CorrelationClustering_Vowel_BINARY_N800_D0.200_old.wcnf,True,True,86276967.0,86276967.0,3.327337,3.258412,8.202637,7.831782
TQ20,decision-tree-anneal-un-formula_0.8_2021_atleast_31_max-4_reduced_incomplete_adaboost_3_old.wcnf,True,True,355.0,355.0,1.553209,1.452864,3.154289,3.018204
TQ20,decision-tree-anneal-un-formula_0.8_2021_atleast_31_max-4_reduced_incomplete_adaboost_5_old.wcnf,True,True,762.0,762.0,1.528031,1.443494,8.742101,8.121534
TQ20,decision-tree-australian-credit-un-formula_0.8_2021_atleast_31_max-4_reduced_incomplete_adaboost_5_old.wcnf,True,True,575.0,575.0,2.22725,1.999922,4.0739,3.814332
TQ20,decision-tree-heart-cleveland-un-formula_0.8_2021_atleast_127_max-6_reduced_incomplete_adaboost_2_old.wcnf,True,True,139.0,72.0,3.043973,8.164413,3.043973,8.215623
TQ20,decision-tree-heart-cleveland-un-formula_0.8_2021_atleast_15_max-3_reduced_incomplete_adaboost_4_old.wcnf,True,True,138.0,138.0,0.31645,0.284926,0.501206,0.467214
TQ20,decision-tree-heart-cleveland-un-formula_0.8_2021_atleast_31_max-4_reduced_incomplete_adaboost_4_old.wcnf,True,True,146.0,146.0,0.730533,0.689052,1.028816,0.975742
TQ20,decision-tree-heart-cleveland-un-formula_0.8_2021_atleast_31_max-4_reduced_incomplete_adaboost_6_old.wcnf,True,True,240.0,240.0,0.759052,0.678663,1.454042,1.364626
TQ20,decision-tree-primary-tumor-un-formula_0.8_2021_atleast_127_max-6_reduced_incomplete_adaboost_2_old.wcnf,True,True,113.0,113.0,3.559732,2.979484,5.835292,4.953564
TQ20,decision-tree-primary-tumor-un-formula_0.8_2021_atleast_127_max-6_reduced_incomplete_adaboost_4_old.wcnf,True,True,212.0,212.0,4.117007,2.808828,4.258837,2.934798
TQ20,decision-tree-primary-tumor-un-formula_0.8_2021_atleast_15_max-3_reduced_incomplete_adaboost_2_old.wcnf,True,True,84.0,84.0,0.138589,0.099108,4.743873,4.63223
TQ20,decision-tree-primary-tumor-un-formula_0.8_2021_atleast_31_max-4_reduced_incomplete_adaboost_4_old.wcnf,True,True,155.0,155.0,0.272315,0.246993,4.112743,3.981279
TQ20,decision-tree-primary-tumor-un-formula_0.8_2021_atleast_63_max-5_reduced_incomplete_adaboost_6_old.wcnf,True,True,338.0,338.0,0.812037,0.767966,1.644059,1.627171
TQ20,decision-tree-tic-tac-toe-un-formula_0.8_2021_atleast_15_max-3_reduced_incomplete_adaboost_2_old.wcnf,True,True,335.0,335.0,0.280565,0.215099,0.432684,0.356595
TQ20,decision-tree-tic-tac-toe-un-formula_0.8_2021_atleast_15_max-3_reduced_incomplete_adaboost_3_old.wcnf,True,True,443.0,443.0,0.324483,0.243096,0.400081,0.318821
TQ20,decision-tree-tic-tac-toe-un-formula_0.8_2021_atleast_31_max-4_reduced_incomplete_adaboost_2_old.wcnf,True,True,286.0,286.0,0.444517,0.389928,0.444517,0.389928
TQ20,drmx-cryptogen_wt-geffe128_7_old.wcnf,True,True,811.0,811.0,0.019867,0.006852,29.304254,29.210028
TQ20,generalized-ising_wt-IS11_5.0.5.0.0.5_softer_periodic_old.wcnf,True,True,112229069992697.0,112229069992697.0,0.051307,0.051551,0.668252,0.6662
TQ20,generalized-ising_wt-IS12_5.0.5.0.0.5_softer_periodic_old.wcnf,True,True,113171466486232.0,113171466486232.0,0.233224,0.03654,0.239781,0.04296
TQ20,generalized-ising_wt-IS13_5.0.5.0.0.5_softer_periodic_old.wcnf,True,True,119401387482250.0,119401387482250.0,0.081375,0.033848,0.085178,0.037139
TQ20,generalized-ising_wt-IS15_5.0.5.0.0.5_softer_periodic_old.wcnf,True,True,114658059944605.0,114658059944605.0,0.106127,0.050619,0.111152,0.055113
TQ20,generalized-ising_wt-IS16_5.0.5.0.0.5_softer_periodic_old.wcnf,True,True,115258059944605.0,115258059944605.0,0.381611,0.034132,6.466168,5.961293
TQ20,generalized-ising_wt-IS17_5.0.5.0.0.5_softer_periodic_old.wcnf,True,True,115902780531937.0,115902780531937.0,0.058803,0.055195,14.651764,14.419117
TQ20,generalized-ising_wt-IS20_5.0.5.0.0.5_softer_periodic_old.wcnf,True,True,119388436533623.0,119388436533623.0,0.079473,0.033398,0.120177,0.072666
TQ20,generalized-ising_wt-IS22_5.0.5.0.0.5_softer_periodic_old.wcnf,True,True,119112776308211.0,119112776308211.0,0.048958,0.034546,0.059808,0.045233
TQ20,generalized-ising_wt-IS23_5.0.5.0.0.5_softer_periodic_old.wcnf,True,True,118663520151734.0,118663520151734.0,0.050812,0.058437,0.113351,0.118629
TQ20,generalized-ising_wt-IS3_5.0.5.0.0.5_softer_periodic_old.wcnf,True,True,116804575996363.0,116804575996363.0,0.136658,0.033518,6.525039,6.379875
TQ20,generalized-ising_wt-IS4_5.0.5.0.0.5_softer_periodic_old.wcnf,True,True,115857504490177.0,115857504490177.0,0.080799,0.063617,0.119734,0.101712
TQ20,generalized-ising_wt-IS5_5.0.5.0.0.5_softer_periodic_old.wcnf,True,True,114843630201223.0,114843630201223.0,0.058437,0.042009,0.54742,0.527339
TQ20,generalized-ising_wt-IS6_5.0.5.0.0.5_softer_periodic_old.wcnf,True,True,113797656078091.0,113797656078091.0,0.05406,0.063825,0.125752,0.135574
TQ20,generalized-ising_wt-IS7_5.0.5.0.0.5_softer_periodic_old.wcnf,True,True,112706601923009.0,112706601923009.0,0.053455,0.03347,0.085407,0.065239
TQ20,generalized-ising_wt-IS9_5.0.5.0.0.5_softer_periodic_old.wcnf,True,True,110066981524169.0,110066981524169.0,0.078338,0.033413,0.115075,0.070278
TQ20,hs-timetabling_wt-BrazilInstance1.xml_old.wcnf,True,True,117.0,117.0,0.102949,0.147519,41.348795,41.264892
TQ20,hs-timetabling_wt-BrazilInstance2.xml_old.wcnf,True,True,149.0,149.0,0.231236,0.206194,50.061829,49.500589
TQ20,hs-timetabling_wt-BrazilInstance4.xml_old.wcnf,True,True,267.0,267.0,1.486495,1.364904,1.486495,1.364904
TQ20,hs-timetabling_wt-BrazilInstance5.xml_old.wcnf,True,True,490.0,490.0,1.216193,0.611326,29.200132,28.345271
TQ20,hs-timetabling_wt-BrazilInstance6.xml_old.wcnf,True,True,546.0,546.0,0.852152,0.837153,55.44878,54.81499
TQ20,hs-timetabling_wt-BrazilInstance7.xml_old.wcnf,True,True,889.0,889.0,1.143801,1.010914,49.743412,48.64766
TQ20,hs-timetabling_wt-FinlandSecondarySchool.xml_old.wcnf,True,True,817.0,817.0,1.51645,1.512833,1.51645,1.512833
TQ20,hs-timetabling_wt-ItalyInstance4.xml_old.wcnf,True,True,12143.0,12143.0,9.223397,8.66407,19.116237,18.29215
TQ20,judgment-aggregation-ja-kemeny-preflib-00049-00000300_old.wcnf,True,True,793.0,793.0,0.27009,0.245194,44.989536,44.082509
TQ20,judgment-aggregation-ja-kemeny-preflib-00049-00000334_old.wcnf,True,True,612.0,612.0,0.151844,0.137416,52.27211,52.226363
TQ20,judgment-aggregation-ja-kemeny-preflib-00049-00000451_old.wcnf,True,True,1020.0,1020.0,0.917298,0.845879,50.607433,48.19766
TQ20,judgment-aggregation-ja-kemeny-preflib-00049-00000454_old.wcnf,True,True,715.0,715.0,0.291752,0.271354,57.87245,57.579958
TQ20,judgment-aggregation-ja-kemeny-preflib-00051-00000011_old.wcnf,True,True,779.0,770.0,1.490124,1.494911,58.898048,59.967505
TQ20,max-realizability_wt-power-distribution_11_7_old.wcnf,True,True,126.0,126.0,0.534698,0.51018,1.179387,1.135194
TQ20,max-realizability_wt-power-distribution_12_8_old.wcnf,True,True,216.0,216.0,1.314513,1.271768,1.783352,1.742469
TQ20,max-realizability_wt-robot-navigation_10_old.wcnf,True,True,39.0,39.0,10.870491,10.646256,10.870491,10.646256
TQ20,metro_wt-metro_8_8_5_20_10_6_500_1_3.lp.sm-extracted_old.wcnf,True,True,215.0,215.0,6.37451,6.323723,10.40372,10.296113
TQ20,mpe_wt-random-net-50-5_network-8.net_old.wcnf,True,True,48330.0,48330.0,0.074281,0.011655,33.219044,33.059127
TQ20,pseudoBoolean_wt-normalized-mps-v2-20-10-sentoy.opb.msat_old.wcnf,True,True,9460.0,9460.0,0.261517,0.042411,0.261517,0.042411
TQ20,railway-transport_wt-bf2030fvslack_old.wcnf,True,True,561747.0,264711.0,58.007234,21.29742,58.007234,48.16939
TQ20,railway-transport_wt-f2030_old.wcnf,True,True,6979.0,6979.0,9.488085,2.854515,59.720215,54.024725
TQ20,railway-transport_wt-r11_old.wcnf,True,True,73964834.0,68426962.0,54.235723,19.35555,59.981823,44.37355
TQ20,railway-transport_wt-wg2_old.wcnf,True,True,866.0,866.0,13.894965,12.148266,41.007915,39.041366
TQ20,ramsey_wt-ram_k3_n14.ra1_old.wcnf,True,True,3025.0,3025.0,0.072657,0.002032,0.563721,0.486477
TQ20,ramsey_wt-ram_k3_n16.ra1_old.wcnf,True,True,7271.0,7271.0,0.026102,0.002816,0.465915,0.443328
TQ20,ramsey_wt-ram_k3_n19.ra1_old.wcnf,True,True,20665.0,20665.0,0.047509,0.004612,1.241751,1.190042
TQ20,ramsey_wt-ram_k4_n19.ra1_old.wcnf,True,True,1240.0,1240.0,0.096689,0.02039,8.120485,8.038077
TQ20,relational-inference_wt-pa-1_old.wcnf,True,True,8282.0,8282.0,4.687011,2.720075,7.158971,5.160965
TQ20,relational-inference_wt-pa-2_old.wcnf,True,True,3093.0,3093.0,38.679657,36.95511,38.753257,37.03131
TQ20,relational-inference_wt-pa-3_old.wcnf,True,True,2967.0,446468655.0,34.577939,6.25991,57.496739,6.25991
TQ20,setcover_wt-rail2536_old.wcnf,True,True,2147034.0,2147034.0,1.167363,0.852571,1.167363,0.852571
TQ20,setcover_wt-rail4284_old.wcnf,True,True,2119198.0,2119198.0,1.060235,0.798067,1.060235,0.798067
TQ20,setcover_wt-rail4872_old.wcnf,True,True,1873139.0,1873139.0,2.159458,1.531629,2.159458,1.531629
TQ20,setcover_wt-rail507_old.wcnf,True,True,220.0,220.0,15.965565,15.422719,41.523105,40.845279
TQ20,shiftdesign_wt-limits-10-10_data-1_inst-084_30m.sm-extracted_old.wcnf,True,True,49932711.0,49932711.0,10.988424,9.284832,10.988424,9.284832
TQ20,shiftdesign_wt-limits-10-10_data-1_inst-137_30m.sm-extracted_old.wcnf,True,True,17244442.0,17244442.0,4.440402,4.121089,4.440402,4.121089
TQ20,shiftdesign_wt-limits-10-10_data-1_inst-182_30m.sm-extracted_old.wcnf,True,True,30573006.0,30573006.0,9.468072,8.102867,9.468072,8.102867
TQ20,shiftdesign_wt-limits-10-10_data-2_inst-003_30m.sm-extracted_old.wcnf,True,True,41321652.0,41321652.0,11.49043,8.041198,11.49043,8.041198
TQ20,shiftdesign_wt-limits-10-10_data-2_inst-025_30m.sm-extracted_old.wcnf,True,True,56212258.0,56212258.0,11.537841,12.236157,11.537841,12.236157
TQ20,shiftdesign_wt-limits-10-10_data-2_inst-030_30m.sm-extracted_old.wcnf,True,True,122128224.0,122128224.0,22.926491,21.595055,22.926491,21.595055
TQ20,shiftdesign_wt-limits-10-10_data-3_inst-002_30m.sm-extracted_old.wcnf,True,True,35896155.0,35896155.0,7.987121,6.438794,7.987121,6.438794
TQ20,shiftdesign_wt-limits-10-10_data-3_inst-003_30m.sm-extracted_old.wcnf,True,True,28190618.0,28190618.0,6.261324,5.001843,6.261324,5.001843
TQ20,shiftdesign_wt-limits-10-10_data-4_inst-003_60m.sm-extracted_old.wcnf,True,True,87521039.0,87521039.0,17.375027,11.919431,17.375027,11.919431
TQ20,spot5_wt-1401.wcsp.log_old.wcnf,True,True,468096.0,468096.0,0.028258,0.030493,7.602884,7.39791
TQ20,spot5_wt-1403.wcsp.dir_old.wcnf,True,True,477264.0,477264.0,0.075754,0.034251,0.144338,0.102639
TQ20,spot5_wt-1403.wcsp.log_old.wcnf,True,True,469238.0,469238.0,0.075896,0.040555,34.774426,35.276086
TQ20,spot5_wt-1405.wcsp.dir_old.wcnf,True,True,475458.0,475458.0,0.143778,0.031675,0.334534,0.22146
TQ20,spot5_wt-1506.wcsp.log_old.wcnf,True,True,360527.0,360527.0,0.050051,0.03993,34.504252,34.487954
TQ20,spot5_wt-5.wcsp.log_old.wcnf,True,True,270.0,270.0,0.045271,0.013845,0.050523,0.019069
TQ20,staff-scheduling_wt-instance10_old.wcnf,True,True,6550.0,6625.0,2.555672,2.624885,57.699272,35.480995
TQ20,staff-scheduling_wt-instance11_old.wcnf,True,True,3653.0,3653.0,1.199861,1.160174,22.795963,24.494917
TQ20,staff-scheduling_wt-instance12_old.wcnf,True,True,7671.0,7671.0,4.145644,3.750892,13.842314,12.286472
TQ20,staff-scheduling_wt-instance2_old.wcnf,True,True,838.0,838.0,0.036385,0.038004,3.616591,3.612107
TQ20,staff-scheduling_wt-instance3_old.wcnf,True,True,1026.0,1026.0,0.105129,0.069737,15.43724,15.119972
TQ20,staff-scheduling_wt-instance4_old.wcnf,True,True,1740.0,1740.0,0.093881,0.026958,41.333579,41.230132
TQ20,staff-scheduling_wt-instance5_old.wcnf,True,True,1287.0,1287.0,0.130588,0.095539,25.431748,25.515291
TQ20,staff-scheduling_wt-instance6_old.wcnf,True,True,2081.0,2081.0,0.141338,0.119445,10.601762,10.709582
TQ20,staff-scheduling_wt-instance7_old.wcnf,True,True,1178.0,1178.0,0.216248,0.138355,46.44659,45.883279
TQ20,staff-scheduling_wt-instance8_old.wcnf,True,True,2848.0,2848.0,0.687515,0.708853,20.639971,18.752323
TQ20,staff-scheduling_wt-instance9_old.wcnf,True,True,2161.0,2142.0,1.848458,1.60252,47.606658,59.628235
TQ20,switchingactivitymaximization-SwitchingActivityMaximization_OpenRISC1200_100_old.wcnf,True,True,392.0,392.0,1.088075,0.796062,1.088075,0.796062
TQ20,switchingactivitymaximization-SwitchingActivityMaximization_OpenRISC1200_150_old.wcnf,True,True,528.0,528.0,1.231364,0.798715,1.231364,0.798715
TQ20,switchingactivitymaximization-SwitchingActivityMaximization_OpenRISC1200_200_old.wcnf,True,True,602.0,602.0,2.059893,0.76882,2.059893,0.76882
TQ20,switchingactivitymaximization-SwitchingActivityMaximization_OpenRISC1200_66_old.wcnf,True,True,228.0,228.0,2.321311,0.945058,2.321311,0.945058
TQ20,switchingactivitymaximization-SwitchingActivityMaximization_OpenRISC1200_68_old.wcnf,True,True,193.0,193.0,1.591115,5.196163,1.591115,5.196163
TQ20,switchingactivitymaximization-SwitchingActivityMaximization_OpenRISC1200_70_old.wcnf,True,True,240.0,240.0,1.483199,0.94746,1.483199,0.94746
TQ20,switchingactivitymaximization-SwitchingActivityMaximization_OpenRISC1200_72_old.wcnf,True,True,202.0,202.0,1.982442,0.814395,1.982442,0.814395
TQ20,switchingactivitymaximization-SwitchingActivityMaximization_OpenRISC1200_80_old.wcnf,True,True,306.0,306.0,2.450808,0.964294,2.450808,0.964294
TQ20,switchingactivitymaximization-SwitchingActivityMaximization_OpenRISC1200_90_old.wcnf,True,True,283.0,283.0,6.267462,0.852865,6.267462,0.852865
TQ20,tcp_wt-tcp_students_112_it_2_old.wcnf,True,True,3699.0,3699.0,1.227663,0.254988,44.964902,43.351254
TQ20,timetabling_wt-comp02_old.wcnf,True,True,136.0,136.0,1.846114,0.864909,9.246761,8.566331
TQ20,timetabling_wt-comp09_old.wcnf,True,True,135.0,135.0,1.37508,0.866555,27.184037,27.529798
TQ20,timetabling_wt-comp12_old.wcnf,True,True,560.0,555.0,1.452485,0.654461,33.581973,59.652811
TQ20,timetabling_wt-dds4_old.wcnf,False,False,,,,,,
TQ40,MaxSATQueriesinInterpretableClassifiers_wt-credit_train_8_CNF_5_20_old.wcnf,True,True,96480.0,96480.0,15.021479,14.043195,43.861201,42.501907
TQ40,MaxSATQueriesinInterpretableClassifiers_wt-pima_train_6_CNF_3_20_old.wcnf,True,True,3310.0,3310.0,0.044567,0.008653,33.395268,32.950132
TQ40,MaxSATQueriesinInterpretableClassifiers_wt-toms_test_2_CNF_3_20_old.wcnf,True,True,195.0,195.0,0.609756,0.58437,7.252474,7.183372
TQ40,MinimumWeightDominatingSetProblem_wt-bn-human-BNU_1_0025865_session_1-bg_old.wcnf,True,True,140539244.0,140539244.0,6.239282,11.108284,6.239282,11.108284
TQ40,MinimumWeightDominatingSetProblem_wt-channel-500x100x100-b050_old.wcnf,True,True,478624478.0,478624478.0,21.004552,19.602519,60.487852,60.038519
TQ40,MinimumWeightDominatingSetProblem_wt-delaunay_n24_old.wcnf,True,True,1685918983.0,1686108752.0,50.026828,15.602452,62.178028,15.602452
TQ40,MinimumWeightDominatingSetProblem_wt-hugebubbles-00020_old.wcnf,True,True,2130406259.0,2130406259.0,31.237817,29.272634,31.237817,29.272634
TQ40,MinimumWeightDominatingSetProblem_wt-inf-road-usa_old.wcnf,True,True,2406704625.0,2406704625.0,26.741276,19.53536,26.741276,19.53536
TQ40,MinimumWeightDominatingSetProblem_wt-rgg_n_2_24_s0_old.wcnf,True,True,1686108752.0,1686108752.0,45.573177,23.853729,45.573177,23.853729
TQ40,MinimumWeightDominatingSetProblem_wt-sc-rel9_old.wcnf,True,True,593056574.0,592867377.0,35.612281,30.800458,61.275281,60.673858
TQ40,MinimumWeightDominatingSetProblem_wt-soc-livejournal-user-groups_old.wcnf,True,True,752647274.0,752647274.0,26.920119,17.746754,26.920119,17.746754
TQ40,MinimumWeightDominatingSetProblem_wt-web-wikipedia2009_old.wcnf,True,True,174611880.0,35092853.0,11.480486,11.600436,60.605716,14.690386
TQ40,ParametricRBACMaintenance_mse20_wt-role_domino_multiple_0.1_8_old.wcnf,True,True,47682.0,47682.0,2.163202,1.93711,12.370532,11.78293
TQ40,ParametricRBACMaintenance_mse20_wt-role_domino_multiple_0.2_0_old.wcnf,True,True,74189.0,70356.0,2.160493,1.945687,9.582683,13.075367
TQ40,ParametricRBACMaintenance_mse20_wt-role_domino_multiple_0.5_1_old.wcnf,True,True,144463.0,144463.0,3.119143,1.866818,10.266053,7.428478
TQ40,ParametricRBACMaintenance_mse20_wt-role_domino_multiple_0.6_8_old.wcnf,True,True,159871.0,159871.0,2.134829,1.842267,11.652069,10.679907
TQ40,ParametricRBACMaintenance_mse20_wt-role_smallcomp_multiple_0.7_2_old.wcnf,True,True,277373.0,277373.0,12.558033,12.565588,58.706988,57.138038
TQ40,ParametricRBACMaintenance_mse20_wt-role_smallcomp_multiple_0.7_6_old.wcnf,True,True,252179.0,252179.0,0.029064,0.009777,3.486914,3.47426
TQ40,ParametricRBACMaintenance_mse20_wt-role_smallcomp_multiple_0.8_1_old.wcnf,True,True,350793.0,350793.0,0.027103,0.00934,10.317219,10.30582
TQ40,ParametricRBACMaintenance_mse20_wt-role_smallcomp_multiple_0.9_6_old.wcnf,True,True,282321.0,282321.0,0.051007,0.009816,0.191686,0.151314
TQ40,ParametricRBACMaintenance_mse20_wt-role_university_multiple_0.1_1_old.wcnf,True,True,63653.0,63484.0,2.951354,2.610643,11.422634,12.727763
TQ40,ParametricRBACMaintenance_mse20_wt-role_university_multiple_0.4_7_old.wcnf,True,True,234414.0,234414.0,4.696812,3.544515,11.854412,9.184275
TQ40,ParametricRBACMaintenance_mse20_wt-role_university_multiple_0.5_4_old.wcnf,True,True,215348.0,215348.0,3.291607,2.428308,13.458707,9.929428
TQ40,ParametricRBACMaintenance_mse20_wt-role_university_multiple_0.5_5_old.wcnf,True,True,198362.0,198362.0,3.076692,2.810098,12.371532,11.034458
TQ40,ParametricRBACMaintenance_mse20_wt-role_university_multiple_0.5_7_old.wcnf,True,True,263585.0,263585.0,3.979872,3.748376,9.758902,9.012806
TQ40,abstraction-refinement_wt-downcast-antlr_old.wcnf,True,True,79566.0,78873.0,9.610021,21.170562,9.610021,23.593362
TQ40,abstraction-refinement_wt-downcast-avrora_old.wcnf,True,True,49759.0,49759.0,14.415457,14.238316,18.520547,18.349336
TQ40,abstraction-refinement_wt-downcast-hsqldb_old.wcnf,True,True,32293.0,32293.0,31.648643,31.114764,40.549243,40.368464
TQ40,abstraction-refinement_wt-downcast-pmd_old.wcnf,True,True,6287.0,6287.0,31.192836,31.032165,41.553736,41.108665
TQ40,abstraction-refinement_wt-downcast-xalan_old.wcnf,True,True,65593.0,65593.0,16.6016,16.331227,59.13149,58.394617
TQ40,abstraction-refinement_wt-polysite-avrora_old.wcnf,True,True,55020.0,55020.0,16.46761,13.798804,20.44499,17.735894
TQ40,abstraction-refinement_wt-polysite-bloat_old.wcnf,True,True,2397.0,2397.0,45.862395,43.82893,61.341495,61.07683
TQ40,abstraction-refinement_wt-polysite-hsqldb_old.wcnf,True,True,177778.0,177778.0,14.378859,14.600434,14.378859,14.600434
TQ40,abstraction-refinement_wt-polysite-pmd_old.wcnf,True,True,190826.0,190826.0,26.473427,29.612391,34.166027,36.754691
TQ40,abstraction-refinement_wt-polysite-xalan_old.wcnf,True,True,117742.0,117742.0,22.222937,19.341638,27.096837,24.210368
TQ40,causal-discovery_wt-causal_Link_10_10000_old.wcnf,True,True,39112847.0,39112847.0,3.546758,4.790632,14.887858,16.123152
TQ40,causal-discovery_wt-causal_Link_10_1000_old.wcnf,True,True,33562494.0,33562494.0,3.653289,3.202515,30.145389,28.919195
TQ40,causal-discovery_wt-causal_Link_9_100_old.wcnf,True,True,3242187.0,3242187.0,1.996114,0.550519,1.996114,0.550519
TQ40,causal-discovery_wt-causal_Mushroom_7_1000_old.wcnf,True,True,9414169.0,9414169.0,0.1554,0.134008,17.869041,17.893603
TQ40,causal-discovery_wt-causal_Pigs_6_1000_old.wcnf,True,True,35110976.0,35110976.0,0.604325,0.496262,0.604325,0.496262
TQ40,causal-discovery_wt-causal_Water_10_1000_old.wcnf,True,True,45193159.0,45193159.0,3.237911,3.420162,11.619061,11.753892
TQ40,causal-discovery_wt-causal_alarm_9_1000_old.wcnf,True,True,36049513.0,36049513.0,1.268197,1.164348,10.24051,10.111253
TQ40,causal-discovery_wt-causal_carpo_8_1000_old.wcnf,True,True,2244087.0,2244087.0,0.460445,0.401047,59.12291,59.043308
TQ40,correlation-clustering_wt-Rounded_CorrelationClustering_Ionosphere_BINARY_N260_D0.200_old.wcnf,True,True,7014701.0,7014701.0,0.449744,1.129104,7.573165,8.312411
TQ40,correlation-clustering_wt-Rounded_CorrelationClustering_Protein1_UNARY_N290_old.wcnf,True,True,32090014.0,32090014.0,4.987195,4.93577,6.811545,6.75734
TQ40,correlation-clustering_wt-Rounded_CorrelationClustering_Protein2_BINARY_N220_old.wcnf,True,True,14004102.0,14004102.0,0.195893,0.319729,8.168712,8.282394
TQ40,correlation-clustering_wt-Rounded_CorrelationClustering_Protein2_BINARY_N240_old.wcnf,True,True,16116883.0,16116883.0,0.206399,0.181,8.4641,8.259927
TQ40,correlation-clustering_wt-Rounded_CorrelationClustering_Protein2_BINARY_N380_old.wcnf,True,True,39198852.0,39198852.0,0.516161,0.487665,12.039557,11.202358
TQ40,correlation-clustering_wt-Rounded_CorrelationClustering_Protein2_UNARY_N220_old.wcnf,True,True,21300102.0,21300102.0,2.815447,2.496702,3.672867,3.302532
TQ40,correlation-clustering_wt-Rounded_CorrelationClustering_Protein3_TRANSITIVE_N280_old.wcnf,True,True,185255761.0,185255761.0,9.352062,14.735379,30.006912,34.221439
TQ40,correlation-clustering_wt-Rounded_CorrelationClustering_Protein3_UNARY_N220_old.wcnf,True,True,19154505.0,25805511.0,2.514262,22.06197,4.591722,22.06197
TQ40,correlation-clustering_wt-Rounded_CorrelationClustering_Protein4_BINARY_N320_old.wcnf,True,True,14733167.0,14733167.0,0.208796,0.187054,7.974472,7.708383
TQ40,correlation-clustering_wt-Rounded_CorrelationClustering_Protein4_UNARY_N250_old.wcnf,True,True,11103273.0,11103273.0,2.533845,2.234862,11.481845,10.882952
TQ40,correlation-clustering_wt-Rounded_CorrelationClustering_Vowel_BINARY_N700_D0.200_old.wcnf,True,True,75201247.0,75201247.0,2.389101,2.297368,2.576081,2.465138
TQ40,correlation-clustering_wt-Rounded_CorrelationClustering_Vowel_BINARY_N800_D0.200_old.wcnf,True,True,86276967.0,86276967.0,3.327337,3.907011,8.202637,8.539821
TQ40,decision-tree-anneal-un-formula_0.8_2021_atleast_31_max-4_reduced_incomplete_adaboost_3_old.wcnf,True,True,355.0,355.0,1.553209,1.489951,3.154289,3.092861
TQ40,decision-tree-anneal-un-formula_0.8_2021_atleast_31_max-4_reduced_incomplete_adaboost_5_old.wcnf,True,True,762.0,762.0,1.528031,1.452685,8.742101,8.303505
TQ40,decision-tree-australian-credit-un-formula_0.8_2021_atleast_31_max-4_reduced_incomplete_adaboost_5_old.wcnf,True,True,575.0,575.0,2.22725,1.979586,4.0739,3.752666
TQ40,decision-tree-heart-cleveland-un-formula_0.8_2021_atleast_127_max-6_reduced_incomplete_adaboost_2_old.wcnf,True,True,139.0,139.0,3.043973,12.91197,3.043973,12.91197
TQ40,decision-tree-heart-cleveland-un-formula_0.8_2021_atleast_15_max-3_reduced_incomplete_adaboost_4_old.wcnf,True,True,138.0,138.0,0.31645,0.915282,0.501206,1.102324
TQ40,decision-tree-heart-cleveland-un-formula_0.8_2021_atleast_31_max-4_reduced_incomplete_adaboost_4_old.wcnf,True,True,146.0,146.0,0.730533,0.771307,1.028816,1.059478
TQ40,decision-tree-heart-cleveland-un-formula_0.8_2021_atleast_31_max-4_reduced_incomplete_adaboost_6_old.wcnf,True,True,240.0,240.0,0.759052,0.705223,1.454042,1.427283
TQ40,decision-tree-primary-tumor-un-formula_0.8_2021_atleast_127_max-6_reduced_incomplete_adaboost_2_old.wcnf,True,True,113.0,113.0,3.559732,2.824907,5.835292,4.764317
TQ40,decision-tree-primary-tumor-un-formula_0.8_2021_atleast_127_max-6_reduced_incomplete_adaboost_4_old.wcnf,True,True,212.0,212.0,4.117007,2.859413,4.258837,3.007793
TQ40,decision-tree-primary-tumor-un-formula_0.8_2021_atleast_15_max-3_reduced_incomplete_adaboost_2_old.wcnf,True,True,84.0,84.0,0.138589,0.582897,4.743873,5.176395
TQ40,decision-tree-primary-tumor-un-formula_0.8_2021_atleast_31_max-4_reduced_incomplete_adaboost_4_old.wcnf,True,True,155.0,155.0,0.272315,0.283881,4.112743,4.017412
TQ40,decision-tree-primary-tumor-un-formula_0.8_2021_atleast_63_max-5_reduced_incomplete_adaboost_6_old.wcnf,True,True,338.0,338.0,0.812037,0.769746,1.644059,1.596239
TQ40,decision-tree-tic-tac-toe-un-formula_0.8_2021_atleast_15_max-3_reduced_incomplete_adaboost_2_old.wcnf,True,True,335.0,335.0,0.280565,0.230917,0.432684,0.372118
TQ40,decision-tree-tic-tac-toe-un-formula_0.8_2021_atleast_15_max-3_reduced_incomplete_adaboost_3_old.wcnf,True,True,443.0,443.0,0.324483,0.278612,0.400081,0.353254
TQ40,decision-tree-tic-tac-toe-un-formula_0.8_2021_atleast_31_max-4_reduced_incomplete_adaboost_2_old.wcnf,True,True,286.0,286.0,0.444517,0.380139,0.444517,0.380139
TQ40,drmx-cryptogen_wt-geffe128_7_old.wcnf,True,True,811.0,811.0,0.019867,0.006999,29.304254,29.261132
TQ40,generalized-ising_wt-IS11_5.0.5.0.0.5_softer_periodic_old.wcnf,True,True,112229069992697.0,112229069992697.0,0.051307,0.056057,0.668252,0.670429
TQ40,generalized-ising_wt-IS12_5.0.5.0.0.5_softer_periodic_old.wcnf,True,True,113171466486232.0,113171466486232.0,0.233224,0.034645,0.239781,0.041074
TQ40,generalized-ising_wt-IS13_5.0.5.0.0.5_softer_periodic_old.wcnf,True,True,119401387482250.0,119401387482250.0,0.081375,0.053561,0.085178,0.056893
TQ40,generalized-ising_wt-IS15_5.0.5.0.0.5_softer_periodic_old.wcnf,True,True,114658059944605.0,114658059944605.0,0.106127,0.034958,0.111152,0.039501
TQ40,generalized-ising_wt-IS16_5.0.5.0.0.5_softer_periodic_old.wcnf,True,True,115258059944605.0,115258059944605.0,0.381611,0.033987,6.466168,5.95088
TQ40,generalized-ising_wt-IS17_5.0.5.0.0.5_softer_periodic_old.wcnf,True,True,115902780531937.0,115902780531937.0,0.058803,0.034446,14.651764,14.422834
TQ40,generalized-ising_wt-IS20_5.0.5.0.0.5_softer_periodic_old.wcnf,True,True,119388436533623.0,119388436533623.0,0.079473,0.062067,0.120177,0.102907
TQ40,generalized-ising_wt-IS22_5.0.5.0.0.5_softer_periodic_old.wcnf,True,True,119112776308211.0,119112776308211.0,0.048958,0.034031,0.059808,0.044811
TQ40,generalized-ising_wt-IS23_5.0.5.0.0.5_softer_periodic_old.wcnf,True,True,118663520151734.0,118663520151734.0,0.050812,2.461992,0.113351,2.52146
TQ40,generalized-ising_wt-IS3_5.0.5.0.0.5_softer_periodic_old.wcnf,True,True,116804575996363.0,116804575996363.0,0.136658,0.03367,6.525039,6.387419
TQ40,generalized-ising_wt-IS4_5.0.5.0.0.5_softer_periodic_old.wcnf,True,True,115857504490177.0,115857504490177.0,0.080799,0.034292,0.119734,0.071923
TQ40,generalized-ising_wt-IS5_5.0.5.0.0.5_softer_periodic_old.wcnf,True,True,114843630201223.0,114843630201223.0,0.058437,0.034787,0.54742,0.524004
TQ40,generalized-ising_wt-IS6_5.0.5.0.0.5_softer_periodic_old.wcnf,True,True,113797656078091.0,113797656078091.0,0.05406,0.034216,0.125752,0.106276
TQ40,generalized-ising_wt-IS7_5.0.5.0.0.5_softer_periodic_old.wcnf,True,True,112706601923009.0,112706601923009.0,0.053455,0.06338,0.085407,0.09492
TQ40,generalized-ising_wt-IS9_5.0.5.0.0.5_softer_periodic_old.wcnf,True,True,110066981524169.0,110066981524169.0,0.078338,0.050064,0.115075,0.086688
TQ40,hs-timetabling_wt-BrazilInstance1.xml_old.wcnf,True,True,117.0,117.0,0.102949,0.088438,41.348795,41.145993
TQ40,hs-timetabling_wt-BrazilInstance2.xml_old.wcnf,True,True,149.0,149.0,0.231236,0.227277,50.061829,49.630718
TQ40,hs-timetabling_wt-BrazilInstance4.xml_old.wcnf,True,True,267.0,267.0,1.486495,1.341498,1.486495,1.341498
TQ40,hs-timetabling_wt-BrazilInstance5.xml_old.wcnf,True,True,490.0,490.0,1.216193,0.554481,29.200132,28.333872
TQ40,hs-timetabling_wt-BrazilInstance6.xml_old.wcnf,True,True,546.0,546.0,0.852152,0.774689,55.44878,54.57416
TQ40,hs-timetabling_wt-BrazilInstance7.xml_old.wcnf,True,True,889.0,889.0,1.143801,1.042765,49.743412,48.665839
TQ40,hs-timetabling_wt-FinlandSecondarySchool.xml_old.wcnf,True,True,817.0,817.0,1.51645,1.533996,1.51645,1.533996
TQ40,hs-timetabling_wt-ItalyInstance4.xml_old.wcnf,True,True,12143.0,12143.0,9.223397,8.456247,19.116237,17.884927
TQ40,judgment-aggregation-ja-kemeny-preflib-00049-00000300_old.wcnf,True,True,793.0,793.0,0.27009,0.226996,44.989536,44.096266
TQ40,judgment-aggregation-ja-kemeny-preflib-00049-00000334_old.wcnf,True,True,612.0,606.0,0.151844,0.124502,52.27211,59.952938
TQ40,judgment-aggregation-ja-kemeny-preflib-00049-00000451_old.wcnf,True,True,1020.0,1020.0,0.917298,0.868794,50.607433,47.886328
TQ40,judgment-aggregation-ja-kemeny-preflib-00049-00000454_old.wcnf,True,True,715.0,715.0,0.291752,0.296532,57.87245,56.897053
TQ40,judgment-aggregation-ja-kemeny-preflib-00051-00000011_old.wcnf,True,True,779.0,770.0,1.490124,1.304439,58.898048,57.583717
TQ40,max-realizability_wt-power-distribution_11_7_old.wcnf,True,True,126.0,126.0,0.534698,0.531754,1.179387,1.196881
TQ40,max-realizability_wt-power-distribution_12_8_old.wcnf,True,True,216.0,216.0,1.314513,1.233995,1.783352,1.696967
TQ40,max-realizability_wt-robot-navigation_10_old.wcnf,True,True,39.0,39.0,10.870491,10.716913,10.870491,10.716913
TQ40,metro_wt-metro_8_8_5_20_10_6_500_1_3.lp.sm-extracted_old.wcnf,True,True,215.0,215.0,6.37451,6.315612,10.40372,10.299152
TQ40,mpe_wt-random-net-50-5_network-8.net_old.wcnf,True,True,48330.0,48330.0,0.074281,0.036736,33.219044,33.324017
TQ40,pseudoBoolean_wt-normalized-mps-v2-20-10-sentoy.opb.msat_old.wcnf,True,True,9460.0,9460.0,0.261517,0.042505,0.261517,0.042505
TQ40,railway-transport_wt-bf2030fvslack_old.wcnf,True,True,561747.0,264711.0,58.007234,19.774547,58.007234,45.753517
TQ40,railway-transport_wt-f2030_old.wcnf,True,True,6979.0,6979.0,9.488085,2.755232,59.720215,52.167942
TQ40,railway-transport_wt-r11_old.wcnf,True,True,73964834.0,68426962.0,54.235723,20.230195,59.981823,45.313995
TQ40,railway-transport_wt-wg2_old.wcnf,True,True,866.0,866.0,13.894965,11.910827,41.007915,39.402877
TQ40,ramsey_wt-ram_k3_n14.ra1_old.wcnf,True,True,3025.0,3025.0,0.072657,0.002101,0.563721,0.490298
TQ40,ramsey_wt-ram_k3_n16.ra1_old.wcnf,True,True,7271.0,7271.0,0.026102,0.00285,0.465915,0.446271
TQ40,ramsey_wt-ram_k3_n19.ra1_old.wcnf,True,True,20665.0,20665.0,0.047509,0.004631,1.241751,1.190216
TQ40,ramsey_wt-ram_k4_n19.ra1_old.wcnf,True,True,1240.0,1240.0,0.096689,0.007375,8.120485,8.027679
TQ40,relational-inference_wt-pa-1_old.wcnf,True,True,8282.0,8282.0,4.687011,3.015769,7.158971,5.871659
TQ40,relational-inference_wt-pa-2_old.wcnf,True,True,3093.0,391009241.0,38.679657,6.578926,38.753257,6.578926
TQ40,relational-inference_wt-pa-3_old.wcnf,True,True,2967.0,6544.0,34.577939,35.300133,57.496739,60.782133
TQ40,setcover_wt-rail2536_old.wcnf,True,True,2147034.0,2147034.0,1.167363,0.719611,1.167363,0.719611
TQ40,setcover_wt-rail4284_old.wcnf,True,True,2119198.0,2119198.0,1.060235,0.707456,1.060235,0.707456
TQ40,setcover_wt-rail4872_old.wcnf,True,True,1873139.0,1873139.0,2.159458,0.563015,2.159458,0.563015
TQ40,setcover_wt-rail507_old.wcnf,True,True,220.0,220.0,15.965565,15.601249,41.523105,41.462159
TQ40,shiftdesign_wt-limits-10-10_data-1_inst-084_30m.sm-extracted_old.wcnf,True,True,49932711.0,49932711.0,10.988424,8.583036,10.988424,8.583036
TQ40,shiftdesign_wt-limits-10-10_data-1_inst-137_30m.sm-extracted_old.wcnf,True,True,17244442.0,17244442.0,4.440402,3.772665,4.440402,3.772665
TQ40,shiftdesign_wt-limits-10-10_data-1_inst-182_30m.sm-extracted_old.wcnf,True,True,30573006.0,30573006.0,9.468072,7.613511,9.468072,7.613511
TQ40,shiftdesign_wt-limits-10-10_data-2_inst-003_30m.sm-extracted_old.wcnf,True,True,41321652.0,41321652.0,11.49043,7.68039,11.49043,7.68039
TQ40,shiftdesign_wt-limits-10-10_data-2_inst-025_30m.sm-extracted_old.wcnf,True,True,56212258.0,56212258.0,11.537841,9.872183,11.537841,9.872183
TQ40,shiftdesign_wt-limits-10-10_data-2_inst-030_30m.sm-extracted_old.wcnf,True,True,122128224.0,122128224.0,22.926491,20.44497,22.926491,20.44497
TQ40,shiftdesign_wt-limits-10-10_data-3_inst-002_30m.sm-extracted_old.wcnf,True,True,35896155.0,35896155.0,7.987121,6.269913,7.987121,6.269913
TQ40,shiftdesign_wt-limits-10-10_data-3_inst-003_30m.sm-extracted_old.wcnf,True,True,28190618.0,28190618.0,6.261324,4.713832,6.261324,4.713832
TQ40,shiftdesign_wt-limits-10-10_data-4_inst-003_60m.sm-extracted_old.wcnf,True,True,87521039.0,87521039.0,17.375027,11.464294,17.375027,11.464294
TQ40,spot5_wt-1401.wcsp.log_old.wcnf,True,True,468096.0,468096.0,0.028258,0.014399,7.602884,7.356947
TQ40,spot5_wt-1403.wcsp.dir_old.wcnf,True,True,477264.0,477264.0,0.075754,0.015558,0.144338,0.083863
TQ40,spot5_wt-1403.wcsp.log_old.wcnf,True,True,469238.0,469238.0,0.075896,0.018687,34.774426,34.412632
TQ40,spot5_wt-1405.wcsp.dir_old.wcnf,True,True,475458.0,475458.0,0.143778,0.022878,0.334534,0.213344
TQ40,spot5_wt-1506.wcsp.log_old.wcnf,True,True,360527.0,360527.0,0.050051,0.024019,34.504252,34.233777
TQ40,spot5_wt-5.wcsp.log_old.wcnf,True,True,270.0,270.0,0.045271,0.013232,0.050523,0.01849
TQ40,staff-scheduling_wt-instance10_old.wcnf,True,True,6550.0,6550.0,2.555672,2.426903,57.699272,57.402103
TQ40,staff-scheduling_wt-instance11_old.wcnf,True,True,3653.0,3653.0,1.199861,1.068337,22.795963,22.606411
TQ40,staff-scheduling_wt-instance12_old.wcnf,True,True,7671.0,7671.0,4.145644,3.642982,13.842314,11.955002
TQ40,staff-scheduling_wt-instance2_old.wcnf,True,True,838.0,838.0,0.036385,0.016492,3.616591,3.620336
TQ40,staff-scheduling_wt-instance3_old.wcnf,True,True,1026.0,1026.0,0.105129,0.047777,15.43724,15.306167
TQ40,staff-scheduling_wt-instance4_old.wcnf,True,True,1740.0,1740.0,0.093881,0.026862,41.333579,40.650761
TQ40,staff-scheduling_wt-instance5_old.wcnf,True,True,1287.0,1287.0,0.130588,0.074436,25.431748,25.42029
TQ40,staff-scheduling_wt-instance6_old.wcnf,True,True,2081.0,2081.0,0.141338,0.09183,10.601762,10.66057
TQ40,staff-scheduling_wt-instance7_old.wcnf,True,True,1178.0,1178.0,0.216248,0.119212,46.44659,45.788438
TQ40,staff-scheduling_wt-instance8_old.wcnf,True,True,2848.0,2848.0,0.687515,0.548054,20.639971,18.636552
TQ40,staff-scheduling_wt-instance9_old.wcnf,True,True,2161.0,2161.0,1.848458,1.634614,47.606658,40.328209
TQ40,switchingactivitymaximization-SwitchingActivityMaximization_OpenRISC1200_100_old.wcnf,True,True,392.0,392.0,1.088075,0.762481,1.088075,0.762481
TQ40,switchingactivitymaximization-SwitchingActivityMaximization_OpenRISC1200_150_old.wcnf,True,True,528.0,528.0,1.231364,0.772368,1.231364,0.772368
TQ40,switchingactivitymaximization-SwitchingActivityMaximization_OpenRISC1200_200_old.wcnf,True,True,602.0,602.0,2.059893,0.770909,2.059893,0.770909
TQ40,switchingactivitymaximization-SwitchingActivityMaximization_OpenRISC1200_66_old.wcnf,True,True,228.0,228.0,2.321311,0.774527,2.321311,0.774527
TQ40,switchingactivitymaximization-SwitchingActivityMaximization_OpenRISC1200_68_old.wcnf,True,True,193.0,193.0,1.591115,0.780215,1.591115,0.780215
TQ40,switchingactivitymaximization-SwitchingActivityMaximization_OpenRISC1200_70_old.wcnf,True,True,240.0,240.0,1.483199,0.767609,1.483199,0.767609
TQ40,switchingactivitymaximization-SwitchingActivityMaximization_OpenRISC1200_72_old.wcnf,True,True,202.0,202.0,1.982442,0.764367,1.982442,0.764367
TQ40,switchingactivitymaximization-SwitchingActivityMaximization_OpenRISC1200_80_old.wcnf,True,True,306.0,306.0,2.450808,0.775346,2.450808,0.775346
TQ40,switchingactivitymaximization-SwitchingActivityMaximization_OpenRISC1200_90_old.wcnf,True,True,283.0,283.0,6.267462,0.777025,6.267462,0.777025
TQ40,tcp_wt-tcp_students_112_it_2_old.wcnf,True,True,3699.0,3699.0,1.227663,0.242455,44.964902,43.530906
TQ40,timetabling_wt-comp02_old.wcnf,True,True,136.0,136.0,1.846114,0.812893,9.246761,8.125173
TQ40,timetabling_wt-comp09_old.wcnf,True,True,135.0,135.0,1.37508,0.848073,27.184037,28.331708
TQ40,timetabling_wt-comp12_old.wcnf,True,True,560.0,560.0,1.452485,0.647788,33.581973,29.760286
TQ40,timetabling_wt-dds4_old.wcnf,False,False,,,,,,
