Dataset,Index,Instance,InstanceKey,Seed,CutoffSeconds,ExternalSeconds,InternalSeconds,PaperTableTimeSecondsReported,PaperTableTimeSeconds,ExitCode,EarlyExit,Feasible,BestCost,Log,SourceFile
23-wpms-60s,1,abstraction-refinement_wt-downcast-antlr_old.wcnf,abstraction_refinement_wt_downcast_antlr_old,1,60.0,67.267398,67.196804,34.686586,34.686586,0,False,True,76306.0,001.log,two_core_23_wpms.csv
23-wpms-60s,2,abstraction-refinement_wt-downcast-avrora_old.wcnf,abstraction_refinement_wt_downcast_avrora_old,1,60.0,65.113257,65.05969,14.304284,14.304284,0,False,True,46694.0,002.log,two_core_23_wpms.csv
23-wpms-60s,3,abstraction-refinement_wt-downcast-hsqldb_old.wcnf,abstraction_refinement_wt_downcast_hsqldb_old,1,60.0,63.1441,63.053159,25.234902,25.234902,0,False,True,30280.0,003.log,two_core_23_wpms.csv
23-wpms-60s,4,abstraction-refinement_wt-downcast-pmd_old.wcnf,abstraction_refinement_wt_downcast_pmd_old,1,60.0,63.436979,63.342946,48.309582,48.309582,0,False,True,4286.0,004.log,two_core_23_wpms.csv
23-wpms-60s,5,abstraction-refinement_wt-downcast-xalan_old.wcnf,abstraction_refinement_wt_downcast_xalan_old,1,60.0,65.700698,65.650345,21.618389,21.618389,0,False,True,65534.0,005.log,two_core_23_wpms.csv
23-wpms-60s,6,abstraction-refinement_wt-polysite-avrora_old.wcnf,abstraction_refinement_wt_polysite_avrora_old,1,60.0,62.338642,62.283048,23.433783,23.433783,0,False,True,51857.0,006.log,two_core_23_wpms.csv
23-wpms-60s,7,abstraction-refinement_wt-polysite-bloat_old.wcnf,abstraction_refinement_wt_polysite_bloat_old,1,60.0,63.050444,62.955328,57.487683,57.487683,0,False,True,175.0,007.log,two_core_23_wpms.csv
23-wpms-60s,8,abstraction-refinement_wt-polysite-hsqldb_old.wcnf,abstraction_refinement_wt_polysite_hsqldb_old,1,60.0,62.499942,62.420992,27.497383,27.497383,0,False,True,172545.0,008.log,two_core_23_wpms.csv
23-wpms-60s,9,abstraction-refinement_wt-polysite-pmd_old.wcnf,abstraction_refinement_wt_polysite_pmd_old,1,60.0,67.416941,67.33177,50.939388,50.939388,0,False,True,188481.0,009.log,two_core_23_wpms.csv
23-wpms-60s,10,abstraction-refinement_wt-polysite-xalan_old.wcnf,abstraction_refinement_wt_polysite_xalan_old,1,60.0,66.819916,66.748643,59.205456,59.205456,0,False,True,114706.0,010.log,two_core_23_wpms.csv
23-wpms-60s,11,causal-discovery_wt-causal_alarm_9_1000_old.wcnf,causal_discovery_wt_causal_alarm_9_1000_old,1,60.0,60.12023,60.108781,40.597677,40.597677,0,False,True,31083142.0,011.log,two_core_23_wpms.csv
23-wpms-60s,12,causal-discovery_wt-causal_carpo_8_1000_old.wcnf,causal_discovery_wt_causal_carpo_8_1000_old,1,60.0,60.035729,60.028485,1.496232,1.496232,0,False,True,2807752.0,012.log,two_core_23_wpms.csv
23-wpms-60s,13,causal-discovery_wt-causal_Link_10_10000_old.wcnf,causal_discovery_wt_causal_link_10_10000_old,1,60.0,60.231973,60.213011,31.665155,31.665155,0,False,True,39112847.0,013.log,two_core_23_wpms.csv
23-wpms-60s,14,causal-discovery_wt-causal_Link_10_1000_old.wcnf,causal_discovery_wt_causal_link_10_1000_old,1,60.0,60.232413,60.213605,44.528984,44.528984,0,False,True,28490847.0,014.log,two_core_23_wpms.csv
23-wpms-60s,15,causal-discovery_wt-causal_Link_9_100_old.wcnf,causal_discovery_wt_causal_link_9_100_old,1,60.0,60.112057,60.101912,19.816289,19.816289,0,False,True,2083825.0,015.log,two_core_23_wpms.csv
23-wpms-60s,16,causal-discovery_wt-causal_Mushroom_7_1000_old.wcnf,causal_discovery_wt_causal_mushroom_7_1000_old,1,60.0,60.028514,60.023652,3.679244,3.679244,0,False,True,263844.0,016.log,two_core_23_wpms.csv
23-wpms-60s,17,causal-discovery_wt-causal_Pigs_6_1000_old.wcnf,causal_discovery_wt_causal_pigs_6_1000_old,1,60.0,60.04396,60.033744,40.909082,40.909082,0,False,True,20157909.0,017.log,two_core_23_wpms.csv
23-wpms-60s,18,causal-discovery_wt-causal_Water_10_1000_old.wcnf,causal_discovery_wt_causal_water_10_1000_old,1,60.0,60.229272,60.208871,1.787644,1.787644,0,False,True,45193159.0,018.log,two_core_23_wpms.csv
23-wpms-60s,19,correlation-clustering_wt-Rounded_CorrelationClustering_Ionosphere_BINARY_N260_D0.200_old.wcnf,correlation_clustering_wt_rounded_correlationclustering_ionosphere_binary_n260_d0_200_old,1,60.0,60.031443,60.025137,54.005162,54.005162,0,False,True,6971412.0,019.log,two_core_23_wpms.csv
23-wpms-60s,20,correlation-clustering_wt-Rounded_CorrelationClustering_Protein1_UNARY_N290_old.wcnf,correlation_clustering_wt_rounded_correlationclustering_protein1_unary_n290_old,1,60.0,60.718422,60.695104,43.513486,43.513486,0,False,True,19777685.0,020.log,two_core_23_wpms.csv
23-wpms-60s,21,correlation-clustering_wt-Rounded_CorrelationClustering_Protein2_BINARY_N220_old.wcnf,correlation_clustering_wt_rounded_correlationclustering_protein2_binary_n220_old,1,60.0,60.012727,60.007841,48.786798,48.786798,0,False,True,13795036.0,021.log,two_core_23_wpms.csv
23-wpms-60s,22,correlation-clustering_wt-Rounded_CorrelationClustering_Protein2_BINARY_N240_old.wcnf,correlation_clustering_wt_rounded_correlationclustering_protein2_binary_n240_old,1,60.0,60.016105,60.010705,8.866129,8.866129,0,False,True,16116883.0,022.log,two_core_23_wpms.csv
23-wpms-60s,23,correlation-clustering_wt-Rounded_CorrelationClustering_Protein2_BINARY_N380_old.wcnf,correlation_clustering_wt_rounded_correlationclustering_protein2_binary_n380_old,1,60.0,60.040337,60.032368,14.743195,14.743195,0,False,True,38375977.0,023.log,two_core_23_wpms.csv
23-wpms-60s,24,correlation-clustering_wt-Rounded_CorrelationClustering_Protein2_UNARY_N220_old.wcnf,correlation_clustering_wt_rounded_correlationclustering_protein2_unary_n220_old,1,60.0,60.686276,60.670062,29.994488,29.994488,0,False,True,15466586.0,024.log,two_core_23_wpms.csv
23-wpms-60s,25,correlation-clustering_wt-Rounded_CorrelationClustering_Protein3_TRANSITIVE_N280_old.wcnf,correlation_clustering_wt_rounded_correlationclustering_protein3_transitive_n280_old,1,60.0,62.485722,62.430007,51.649583,51.649583,0,False,True,19709283.0,025.log,two_core_23_wpms.csv
23-wpms-60s,26,correlation-clustering_wt-Rounded_CorrelationClustering_Protein3_UNARY_N220_old.wcnf,correlation_clustering_wt_rounded_correlationclustering_protein3_unary_n220_old,1,60.0,60.848174,60.833004,59.131786,59.131786,0,False,True,15421570.0,026.log,two_core_23_wpms.csv
23-wpms-60s,27,correlation-clustering_wt-Rounded_CorrelationClustering_Protein4_BINARY_N320_old.wcnf,correlation_clustering_wt_rounded_correlationclustering_protein4_binary_n320_old,1,60.0,60.027925,60.022474,8.104489,8.104489,0,False,True,14733167.0,027.log,two_core_23_wpms.csv
23-wpms-60s,28,correlation-clustering_wt-Rounded_CorrelationClustering_Protein4_UNARY_N250_old.wcnf,correlation_clustering_wt_rounded_correlationclustering_protein4_unary_n250_old,1,60.0,60.161607,60.147446,36.796283,36.796283,0,False,True,9446804.0,028.log,two_core_23_wpms.csv
23-wpms-60s,29,correlation-clustering_wt-Rounded_CorrelationClustering_Vowel_BINARY_N700_D0.200_old.wcnf,correlation_clustering_wt_rounded_correlationclustering_vowel_binary_n700_d0_200_old,1,60.0,60.179231,60.162367,1.49318,1.49318,0,False,True,75201247.0,029.log,two_core_23_wpms.csv
23-wpms-60s,30,correlation-clustering_wt-Rounded_CorrelationClustering_Vowel_BINARY_N800_D0.200_old.wcnf,correlation_clustering_wt_rounded_correlationclustering_vowel_binary_n800_d0_200_old,1,60.0,60.32653,60.302797,6.522385,6.522385,0,False,True,86276967.0,030.log,two_core_23_wpms.csv
23-wpms-60s,31,decision-tree-anneal-un-formula_0.8_2021_atleast_31_max-4_reduced_incomplete_adaboost_3_old.wcnf,decision_tree_anneal_un_formula_0_8_2021_atleast_31_max_4_reduced_incomplete_adaboost_3_old,1,60.0,60.067697,60.060219,2.746004,2.746004,0,False,True,355.0,031.log,two_core_23_wpms.csv
23-wpms-60s,32,decision-tree-anneal-un-formula_0.8_2021_atleast_31_max-4_reduced_incomplete_adaboost_5_old.wcnf,decision_tree_anneal_un_formula_0_8_2021_atleast_31_max_4_reduced_incomplete_adaboost_5_old,1,60.0,60.06654,60.05924,21.550187,21.550187,0,False,True,750.0,032.log,two_core_23_wpms.csv
23-wpms-60s,33,decision-tree-australian-credit-un-formula_0.8_2021_atleast_31_max-4_reduced_incomplete_adaboost_5_old.wcnf,decision_tree_australian_credit_un_formula_0_8_2021_atleast_31_max_4_reduced_incomplete_adaboost_5_old,1,60.0,60.082316,60.074345,3.520656,3.520656,0,False,True,575.0,033.log,two_core_23_wpms.csv
23-wpms-60s,34,decision-tree-heart-cleveland-un-formula_0.8_2021_atleast_127_max-6_reduced_incomplete_adaboost_2_old.wcnf,decision_tree_heart_cleveland_un_formula_0_8_2021_atleast_127_max_6_reduced_incomplete_adaboost_2_old,1,60.0,60.594499,60.555093,5.170306,5.170306,0,False,True,72.0,034.log,two_core_23_wpms.csv
23-wpms-60s,35,decision-tree-heart-cleveland-un-formula_0.8_2021_atleast_15_max-3_reduced_incomplete_adaboost_4_old.wcnf,decision_tree_heart_cleveland_un_formula_0_8_2021_atleast_15_max_3_reduced_incomplete_adaboost_4_old,1,60.0,60.017933,60.012872,0.412411,0.412411,0,False,True,138.0,035.log,two_core_23_wpms.csv
23-wpms-60s,36,decision-tree-heart-cleveland-un-formula_0.8_2021_atleast_31_max-4_reduced_incomplete_adaboost_4_old.wcnf,decision_tree_heart_cleveland_un_formula_0_8_2021_atleast_31_max_4_reduced_incomplete_adaboost_4_old,1,60.0,60.058221,60.051142,0.734025,0.734025,0,False,True,146.0,036.log,two_core_23_wpms.csv
23-wpms-60s,37,decision-tree-heart-cleveland-un-formula_0.8_2021_atleast_31_max-4_reduced_incomplete_adaboost_6_old.wcnf,decision_tree_heart_cleveland_un_formula_0_8_2021_atleast_31_max_4_reduced_incomplete_adaboost_6_old,1,60.0,60.047615,60.04072,1.18692,1.18692,0,False,True,240.0,037.log,two_core_23_wpms.csv
23-wpms-60s,38,decision-tree-primary-tumor-un-formula_0.8_2021_atleast_127_max-6_reduced_incomplete_adaboost_2_old.wcnf,decision_tree_primary_tumor_un_formula_0_8_2021_atleast_127_max_6_reduced_incomplete_adaboost_2_old,1,60.0,60.295559,60.277789,3.748317,3.748317,0,False,True,113.0,038.log,two_core_23_wpms.csv
23-wpms-60s,39,decision-tree-primary-tumor-un-formula_0.8_2021_atleast_127_max-6_reduced_incomplete_adaboost_4_old.wcnf,decision_tree_primary_tumor_un_formula_0_8_2021_atleast_127_max_6_reduced_incomplete_adaboost_4_old,1,60.0,60.250712,60.231911,1.870911,1.870911,0,False,True,212.0,039.log,two_core_23_wpms.csv
23-wpms-60s,40,decision-tree-primary-tumor-un-formula_0.8_2021_atleast_15_max-3_reduced_incomplete_adaboost_2_old.wcnf,decision_tree_primary_tumor_un_formula_0_8_2021_atleast_15_max_3_reduced_incomplete_adaboost_2_old,1,60.0,60.017936,60.013343,4.75212,4.75212,0,False,True,84.0,040.log,two_core_23_wpms.csv
23-wpms-60s,41,decision-tree-primary-tumor-un-formula_0.8_2021_atleast_31_max-4_reduced_incomplete_adaboost_4_old.wcnf,decision_tree_primary_tumor_un_formula_0_8_2021_atleast_31_max_4_reduced_incomplete_adaboost_4_old,1,60.0,60.025624,60.020379,3.996085,3.996085,0,False,True,155.0,041.log,two_core_23_wpms.csv
23-wpms-60s,42,decision-tree-primary-tumor-un-formula_0.8_2021_atleast_63_max-5_reduced_incomplete_adaboost_6_old.wcnf,decision_tree_primary_tumor_un_formula_0_8_2021_atleast_63_max_5_reduced_incomplete_adaboost_6_old,1,60.0,60.094355,60.087009,1.333713,1.333713,0,False,True,338.0,042.log,two_core_23_wpms.csv
23-wpms-60s,43,decision-tree-tic-tac-toe-un-formula_0.8_2021_atleast_15_max-3_reduced_incomplete_adaboost_2_old.wcnf,decision_tree_tic_tac_toe_un_formula_0_8_2021_atleast_15_max_3_reduced_incomplete_adaboost_2_old,1,60.0,60.023248,60.01877,0.321898,0.321898,0,False,True,335.0,043.log,two_core_23_wpms.csv
23-wpms-60s,44,decision-tree-tic-tac-toe-un-formula_0.8_2021_atleast_15_max-3_reduced_incomplete_adaboost_3_old.wcnf,decision_tree_tic_tac_toe_un_formula_0_8_2021_atleast_15_max_3_reduced_incomplete_adaboost_3_old,1,60.0,60.021228,60.015787,0.281453,0.281453,0,False,True,443.0,044.log,two_core_23_wpms.csv
23-wpms-60s,45,decision-tree-tic-tac-toe-un-formula_0.8_2021_atleast_31_max-4_reduced_incomplete_adaboost_2_old.wcnf,decision_tree_tic_tac_toe_un_formula_0_8_2021_atleast_31_max_4_reduced_incomplete_adaboost_2_old,1,60.0,60.03369,60.02676,0.27908,0.27908,0,False,True,286.0,045.log,two_core_23_wpms.csv
23-wpms-60s,46,drmx-cryptogen_wt-geffe128_7_old.wcnf,drmx_cryptogen_wt_geffe128_7_old,1,60.0,60.011073,60.006785,31.471489,31.471489,0,False,True,800.0,046.log,two_core_23_wpms.csv
23-wpms-60s,47,generalized-ising_wt-IS11_5.0.5.0.0.5_softer_periodic_old.wcnf,generalized_ising_wt_is11_5_0_5_0_0_5_softer_periodic_old,1,60.0,60.012459,60.008387,0.033039,0.033039,0,False,True,112072158920140.0,047.log,two_core_23_wpms.csv
23-wpms-60s,48,generalized-ising_wt-IS12_5.0.5.0.0.5_softer_periodic_old.wcnf,generalized_ising_wt_is12_5_0_5_0_0_5_softer_periodic_old,1,60.0,60.043727,60.039495,0.360256,0.360256,0,False,True,113171466486232.0,048.log,two_core_23_wpms.csv
23-wpms-60s,49,generalized-ising_wt-IS13_5.0.5.0.0.5_softer_periodic_old.wcnf,generalized_ising_wt_is13_5_0_5_0_0_5_softer_periodic_old,1,60.0,60.09959,60.090175,0.033324,0.033324,0,False,True,119401387482250.0,049.log,two_core_23_wpms.csv
23-wpms-60s,50,generalized-ising_wt-IS15_5.0.5.0.0.5_softer_periodic_old.wcnf,generalized_ising_wt_is15_5_0_5_0_0_5_softer_periodic_old,1,60.0,60.015681,60.011629,0.03362,0.03362,0,False,True,114658059944605.0,050.log,two_core_23_wpms.csv
23-wpms-60s,51,generalized-ising_wt-IS16_5.0.5.0.0.5_softer_periodic_old.wcnf,generalized_ising_wt_is16_5_0_5_0_0_5_softer_periodic_old,1,60.0,60.023878,60.019952,1.455659,1.455659,0,False,True,115258059944605.0,051.log,two_core_23_wpms.csv
23-wpms-60s,52,generalized-ising_wt-IS17_5.0.5.0.0.5_softer_periodic_old.wcnf,generalized_ising_wt_is17_5_0_5_0_0_5_softer_periodic_old,1,60.0,60.031901,60.027138,0.136002,0.136002,0,False,True,115902780531937.0,052.log,two_core_23_wpms.csv
23-wpms-60s,53,generalized-ising_wt-IS20_5.0.5.0.0.5_softer_periodic_old.wcnf,generalized_ising_wt_is20_5_0_5_0_0_5_softer_periodic_old,1,60.0,60.046873,60.042886,0.39826,0.39826,0,False,True,119388436533623.0,053.log,two_core_23_wpms.csv
23-wpms-60s,54,generalized-ising_wt-IS22_5.0.5.0.0.5_softer_periodic_old.wcnf,generalized_ising_wt_is22_5_0_5_0_0_5_softer_periodic_old,1,60.0,60.024207,60.020106,25.964389,25.964389,0,False,True,119082223939873.0,054.log,two_core_23_wpms.csv
23-wpms-60s,55,generalized-ising_wt-IS23_5.0.5.0.0.5_softer_periodic_old.wcnf,generalized_ising_wt_is23_5_0_5_0_0_5_softer_periodic_old,1,60.0,60.059222,60.051023,0.417967,0.417967,0,False,True,118663520151734.0,055.log,two_core_23_wpms.csv
23-wpms-60s,56,generalized-ising_wt-IS3_5.0.5.0.0.5_softer_periodic_old.wcnf,generalized_ising_wt_is3_5_0_5_0_0_5_softer_periodic_old,1,60.0,60.050408,60.037481,6.852286,6.852286,0,False,True,116804575996363.0,056.log,two_core_23_wpms.csv
23-wpms-60s,57,generalized-ising_wt-IS4_5.0.5.0.0.5_softer_periodic_old.wcnf,generalized_ising_wt_is4_5_0_5_0_0_5_softer_periodic_old,1,60.0,60.038254,60.034011,0.384973,0.384973,0,False,True,115857504490177.0,057.log,two_core_23_wpms.csv
23-wpms-60s,58,generalized-ising_wt-IS5_5.0.5.0.0.5_softer_periodic_old.wcnf,generalized_ising_wt_is5_5_0_5_0_0_5_softer_periodic_old,1,60.0,60.04293,60.038395,0.846778,0.846778,0,False,True,114843630201223.0,058.log,two_core_23_wpms.csv
23-wpms-60s,59,generalized-ising_wt-IS6_5.0.5.0.0.5_softer_periodic_old.wcnf,generalized_ising_wt_is6_5_0_5_0_0_5_softer_periodic_old,1,60.0,60.028121,60.02347,0.420676,0.420676,0,False,True,113797656078091.0,059.log,two_core_23_wpms.csv
23-wpms-60s,60,generalized-ising_wt-IS7_5.0.5.0.0.5_softer_periodic_old.wcnf,generalized_ising_wt_is7_5_0_5_0_0_5_softer_periodic_old,1,60.0,60.034819,60.030166,0.384839,0.384839,0,False,True,112706601923009.0,060.log,two_core_23_wpms.csv
23-wpms-60s,61,generalized-ising_wt-IS9_5.0.5.0.0.5_softer_periodic_old.wcnf,generalized_ising_wt_is9_5_0_5_0_0_5_softer_periodic_old,1,60.0,60.011355,60.006853,0.164168,0.164168,0,False,True,110066981524169.0,061.log,two_core_23_wpms.csv
23-wpms-60s,62,hs-timetabling_wt-BrazilInstance1.xml_old.wcnf,hs_timetabling_wt_brazilinstance1_xml_old,1,60.0,60.010578,60.005843,46.109381,46.109381,0,False,True,117.0,062.log,two_core_23_wpms.csv
23-wpms-60s,63,hs-timetabling_wt-BrazilInstance2.xml_old.wcnf,hs_timetabling_wt_brazilinstance2_xml_old,1,60.0,60.009927,60.004955,53.663514,53.663514,0,False,True,149.0,063.log,two_core_23_wpms.csv
23-wpms-60s,64,hs-timetabling_wt-BrazilInstance4.xml_old.wcnf,hs_timetabling_wt_brazilinstance4_xml_old,1,60.0,60.018909,60.013154,2.495028,2.495028,0,False,True,267.0,064.log,two_core_23_wpms.csv
23-wpms-60s,65,hs-timetabling_wt-BrazilInstance5.xml_old.wcnf,hs_timetabling_wt_brazilinstance5_xml_old,1,60.0,60.015546,60.010043,30.375501,30.375501,0,False,True,490.0,065.log,two_core_23_wpms.csv
23-wpms-60s,66,hs-timetabling_wt-BrazilInstance6.xml_old.wcnf,hs_timetabling_wt_brazilinstance6_xml_old,1,60.0,60.028815,60.023129,58.579588,58.579588,0,False,True,546.0,066.log,two_core_23_wpms.csv
23-wpms-60s,67,hs-timetabling_wt-BrazilInstance7.xml_old.wcnf,hs_timetabling_wt_brazilinstance7_xml_old,1,60.0,60.022204,60.016354,51.338087,51.338087,0,False,True,889.0,067.log,two_core_23_wpms.csv
23-wpms-60s,68,hs-timetabling_wt-FinlandSecondarySchool.xml_old.wcnf,hs_timetabling_wt_finlandsecondaryschool_xml_old,1,60.0,60.038685,60.031158,4.477372,4.477372,0,False,True,817.0,068.log,two_core_23_wpms.csv
23-wpms-60s,69,hs-timetabling_wt-ItalyInstance4.xml_old.wcnf,hs_timetabling_wt_italyinstance4_xml_old,1,60.0,60.078627,60.06254,13.739286,13.739286,0,False,True,12143.0,069.log,two_core_23_wpms.csv
23-wpms-60s,70,judgment-aggregation-ja-kemeny-preflib-00049-00000300_old.wcnf,judgment_aggregation_ja_kemeny_preflib_00049_00000300_old,1,60.0,60.025545,60.018299,10.228093,10.228093,0,False,True,776.0,070.log,two_core_23_wpms.csv
23-wpms-60s,71,judgment-aggregation-ja-kemeny-preflib-00049-00000334_old.wcnf,judgment_aggregation_ja_kemeny_preflib_00049_00000334_old,1,60.0,60.021021,60.015906,11.206292,11.206292,0,False,True,542.0,071.log,two_core_23_wpms.csv
23-wpms-60s,72,judgment-aggregation-ja-kemeny-preflib-00049-00000451_old.wcnf,judgment_aggregation_ja_kemeny_preflib_00049_00000451_old,1,60.0,60.057692,60.048448,20.426311,20.426311,0,False,True,930.0,072.log,two_core_23_wpms.csv
23-wpms-60s,73,judgment-aggregation-ja-kemeny-preflib-00049-00000454_old.wcnf,judgment_aggregation_ja_kemeny_preflib_00049_00000454_old,1,60.0,60.035738,60.030542,10.913595,10.913595,0,False,True,632.0,073.log,two_core_23_wpms.csv
23-wpms-60s,74,judgment-aggregation-ja-kemeny-preflib-00051-00000011_old.wcnf,judgment_aggregation_ja_kemeny_preflib_00051_00000011_old,1,60.0,60.076165,60.063925,50.304088,50.304088,0,False,True,695.0,074.log,two_core_23_wpms.csv
23-wpms-60s,75,max-realizability_wt-power-distribution_11_7_old.wcnf,max_realizability_wt_power_distribution_11_7_old,1,60.0,60.036864,60.029803,0.917633,0.917633,0,False,True,126.0,075.log,two_core_23_wpms.csv
23-wpms-60s,76,max-realizability_wt-power-distribution_12_8_old.wcnf,max_realizability_wt_power_distribution_12_8_old,1,60.0,60.049735,60.038895,1.184802,1.184802,0,False,True,216.0,076.log,two_core_23_wpms.csv
23-wpms-60s,77,max-realizability_wt-robot-navigation_10_old.wcnf,max_realizability_wt_robot_navigation_10_old,1,60.0,60.055761,60.046186,17.097845,17.097845,0,False,True,39.0,077.log,two_core_23_wpms.csv
23-wpms-60s,78,MaxSATQueriesinInterpretableClassifiers_wt-credit_train_8_CNF_5_20_old.wcnf,maxsatqueriesininterpretableclassifiers_wt_credit_train_8_cnf_5_20_old,1,60.0,60.097346,60.085723,44.182981,44.182981,0,False,True,96111.0,078.log,two_core_23_wpms.csv
23-wpms-60s,79,MaxSATQueriesinInterpretableClassifiers_wt-pima_train_6_CNF_3_20_old.wcnf,maxsatqueriesininterpretableclassifiers_wt_pima_train_6_cnf_3_20_old,1,60.0,60.015493,60.011097,12.984461,12.984461,0,False,True,2757.0,079.log,two_core_23_wpms.csv
23-wpms-60s,80,MaxSATQueriesinInterpretableClassifiers_wt-toms_test_2_CNF_3_20_old.wcnf,maxsatqueriesininterpretableclassifiers_wt_toms_test_2_cnf_3_20_old,1,60.0,60.047393,60.040022,35.287881,35.287881,0,False,True,174.0,080.log,two_core_23_wpms.csv
23-wpms-60s,81,metro_wt-metro_8_8_5_20_10_6_500_1_3.lp.sm-extracted_old.wcnf,metro_wt_metro_8_8_5_20_10_6_500_1_3_lp_sm_extracted_old,1,60.0,60.020745,60.014912,11.102791,11.102791,0,False,True,215.0,081.log,two_core_23_wpms.csv
23-wpms-60s,82,MinimumWeightDominatingSetProblem_wt-bn-human-BNU_1_0025865_session_1-bg_old.wcnf,minimumweightdominatingsetproblem_wt_bn_human_bnu_1_0025865_session_1_bg_old,1,60.0,65.213701,65.190809,20.507008,20.507008,0,False,True,140539244.0,082.log,two_core_23_wpms.csv
23-wpms-60s,83,MinimumWeightDominatingSetProblem_wt-channel-500x100x100-b050_old.wcnf,minimumweightdominatingsetproblem_wt_channel_500x100x100_b050_old,1,60.0,65.092225,65.0541,23.124788,23.124788,0,False,True,33348213.0,083.log,two_core_23_wpms.csv
23-wpms-60s,84,MinimumWeightDominatingSetProblem_wt-delaunay_n24_old.wcnf,minimumweightdominatingsetproblem_wt_delaunay_n24_old,1,60.0,62.612538,62.533643,55.224311,55.224311,0,False,True,276432528.0,084.log,two_core_23_wpms.csv
23-wpms-60s,85,MinimumWeightDominatingSetProblem_wt-hugebubbles-00020_old.wcnf,minimumweightdominatingsetproblem_wt_hugebubbles_00020_old,1,60.0,63.979241,63.905519,58.619689,58.619689,0,False,True,588544429.0,085.log,two_core_23_wpms.csv
23-wpms-60s,86,MinimumWeightDominatingSetProblem_wt-inf-road-usa_old.wcnf,minimumweightdominatingsetproblem_wt_inf_road_usa_old,1,60.0,63.573254,63.477218,57.287177,57.287177,0,False,True,759720620.0,086.log,two_core_23_wpms.csv
23-wpms-60s,87,MinimumWeightDominatingSetProblem_wt-rgg_n_2_24_s0_old.wcnf,minimumweightdominatingsetproblem_wt_rgg_n_2_24_s0_old,1,60.0,65.424862,65.321313,,,137,False,False,,087.log,two_core_23_wpms.csv
23-wpms-60s,88,MinimumWeightDominatingSetProblem_wt-sc-rel9_old.wcnf,minimumweightdominatingsetproblem_wt_sc_rel9_old,1,60.0,65.653923,65.610837,41.596888,41.596888,0,False,True,14350185.0,088.log,two_core_23_wpms.csv
23-wpms-60s,89,MinimumWeightDominatingSetProblem_wt-soc-livejournal-user-groups_old.wcnf,minimumweightdominatingsetproblem_wt_soc_livejournal_user_groups_old,1,60.0,66.325968,66.267941,,,137,False,False,,089.log,two_core_23_wpms.csv
23-wpms-60s,90,MinimumWeightDominatingSetProblem_wt-web-wikipedia2009_old.wcnf,minimumweightdominatingsetproblem_wt_web_wikipedia2009_old,1,60.0,60.926566,60.911593,34.868388,34.868388,0,False,True,27076806.0,090.log,two_core_23_wpms.csv
23-wpms-60s,91,mpe_wt-random-net-50-5_network-8.net_old.wcnf,mpe_wt_random_net_50_5_network_8_net_old,1,60.0,60.006892,60.002747,0.852322,0.852322,0,False,True,46535.0,091.log,two_core_23_wpms.csv
23-wpms-60s,92,ParametricRBACMaintenance_mse20_wt-role_domino_multiple_0.1_8_old.wcnf,parametricrbacmaintenance_mse20_wt_role_domino_multiple_0_1_8_old,1,60.0,60.099026,60.085583,36.882292,36.882292,0,False,True,38820.0,092.log,two_core_23_wpms.csv
23-wpms-60s,93,ParametricRBACMaintenance_mse20_wt-role_domino_multiple_0.2_0_old.wcnf,parametricrbacmaintenance_mse20_wt_role_domino_multiple_0_2_0_old,1,60.0,60.106383,60.091315,14.289191,14.289191,0,False,True,66832.0,093.log,two_core_23_wpms.csv
23-wpms-60s,94,ParametricRBACMaintenance_mse20_wt-role_domino_multiple_0.5_1_old.wcnf,parametricrbacmaintenance_mse20_wt_role_domino_multiple_0_5_1_old,1,60.0,60.096676,60.083074,14.176393,14.176393,0,False,True,142722.0,094.log,two_core_23_wpms.csv
23-wpms-60s,95,ParametricRBACMaintenance_mse20_wt-role_domino_multiple_0.6_8_old.wcnf,parametricrbacmaintenance_mse20_wt_role_domino_multiple_0_6_8_old,1,60.0,60.08447,60.069827,22.766386,22.766386,0,False,True,159803.0,095.log,two_core_23_wpms.csv
23-wpms-60s,96,ParametricRBACMaintenance_mse20_wt-role_smallcomp_multiple_0.7_2_old.wcnf,parametricrbacmaintenance_mse20_wt_role_smallcomp_multiple_0_7_2_old,1,60.0,60.015345,60.009312,48.198383,48.198383,0,False,True,277373.0,096.log,two_core_23_wpms.csv
23-wpms-60s,97,ParametricRBACMaintenance_mse20_wt-role_smallcomp_multiple_0.7_6_old.wcnf,parametricrbacmaintenance_mse20_wt_role_smallcomp_multiple_0_7_6_old,1,60.0,60.012428,60.008144,55.74388,55.74388,0,False,True,252162.0,097.log,two_core_23_wpms.csv
23-wpms-60s,98,ParametricRBACMaintenance_mse20_wt-role_smallcomp_multiple_0.8_1_old.wcnf,parametricrbacmaintenance_mse20_wt_role_smallcomp_multiple_0_8_1_old,1,60.0,60.009142,60.005059,11.244889,11.244889,0,False,True,350793.0,098.log,two_core_23_wpms.csv
23-wpms-60s,99,ParametricRBACMaintenance_mse20_wt-role_smallcomp_multiple_0.9_6_old.wcnf,parametricrbacmaintenance_mse20_wt_role_smallcomp_multiple_0_9_6_old,1,60.0,60.013531,60.00797,0.155859,0.155859,0,False,True,282321.0,099.log,two_core_23_wpms.csv
23-wpms-60s,100,ParametricRBACMaintenance_mse20_wt-role_university_multiple_0.1_1_old.wcnf,parametricrbacmaintenance_mse20_wt_role_university_multiple_0_1_1_old,1,60.0,60.311811,60.294938,30.814284,30.814284,0,False,True,59217.0,100.log,two_core_23_wpms.csv
23-wpms-60s,101,ParametricRBACMaintenance_mse20_wt-role_university_multiple_0.4_7_old.wcnf,parametricrbacmaintenance_mse20_wt_role_university_multiple_0_4_7_old,1,60.0,60.186412,60.162052,45.366495,45.366495,0,False,True,189712.0,101.log,two_core_23_wpms.csv
23-wpms-60s,102,ParametricRBACMaintenance_mse20_wt-role_university_multiple_0.5_4_old.wcnf,parametricrbacmaintenance_mse20_wt_role_university_multiple_0_5_4_old,1,60.0,60.298905,60.281529,37.723988,37.723988,0,False,True,202345.0,102.log,two_core_23_wpms.csv
23-wpms-60s,103,ParametricRBACMaintenance_mse20_wt-role_university_multiple_0.5_5_old.wcnf,parametricrbacmaintenance_mse20_wt_role_university_multiple_0_5_5_old,1,60.0,60.147732,60.128209,34.597293,34.597293,0,False,True,182756.0,103.log,two_core_23_wpms.csv
23-wpms-60s,104,ParametricRBACMaintenance_mse20_wt-role_university_multiple_0.5_7_old.wcnf,parametricrbacmaintenance_mse20_wt_role_university_multiple_0_5_7_old,1,60.0,60.180977,60.162515,55.480298,55.480298,0,False,True,205794.0,104.log,two_core_23_wpms.csv
23-wpms-60s,105,pseudoBoolean_wt-normalized-mps-v2-20-10-sentoy.opb.msat_old.wcnf,pseudoboolean_wt_normalized_mps_v2_20_10_sentoy_opb_msat_old,1,60.0,60.01645,60.011405,0.503595,0.503595,0,False,True,9460.0,105.log,two_core_23_wpms.csv
23-wpms-60s,106,railway-transport_wt-bf2030fvslack_old.wcnf,railway_transport_wt_bf2030fvslack_old,1,60.0,65.14439,65.085608,,,0,False,False,,106.log,two_core_23_wpms.csv
23-wpms-60s,107,railway-transport_wt-f2030_old.wcnf,railway_transport_wt_f2030_old,1,60.0,60.125748,60.110355,18.481694,18.481694,0,False,True,4863.0,107.log,two_core_23_wpms.csv
23-wpms-60s,108,railway-transport_wt-r11_old.wcnf,railway_transport_wt_r11_old,1,60.0,65.758838,65.684209,35.700286,35.700286,0,False,True,54951510.0,108.log,two_core_23_wpms.csv
23-wpms-60s,109,railway-transport_wt-wg2_old.wcnf,railway_transport_wt_wg2_old,1,60.0,60.152673,60.13466,15.833793,15.833793,0,False,True,168.0,109.log,two_core_23_wpms.csv
23-wpms-60s,110,ramsey_wt-ram_k3_n14.ra1_old.wcnf,ramsey_wt_ram_k3_n14_ra1_old,1,60.0,60.011385,60.005063,0.520152,0.520152,0,False,True,3025.0,110.log,two_core_23_wpms.csv
23-wpms-60s,111,ramsey_wt-ram_k3_n16.ra1_old.wcnf,ramsey_wt_ram_k3_n16_ra1_old,1,60.0,60.009516,60.004401,0.092237,0.092237,0,False,True,7271.0,111.log,two_core_23_wpms.csv
23-wpms-60s,112,ramsey_wt-ram_k3_n19.ra1_old.wcnf,ramsey_wt_ram_k3_n19_ra1_old,1,60.0,60.01452,60.010625,1.259395,1.259395,0,False,True,20665.0,112.log,two_core_23_wpms.csv
23-wpms-60s,113,ramsey_wt-ram_k4_n19.ra1_old.wcnf,ramsey_wt_ram_k4_n19_ra1_old,1,60.0,60.009947,60.006058,50.602084,50.602084,0,False,True,1226.0,113.log,two_core_23_wpms.csv
23-wpms-60s,114,relational-inference_wt-pa-1_old.wcnf,relational_inference_wt_pa_1_old,1,60.0,60.333924,60.325619,4.623064,4.623064,0,False,True,8282.0,114.log,two_core_23_wpms.csv
23-wpms-60s,115,relational-inference_wt-pa-2_old.wcnf,relational_inference_wt_pa_2_old,1,60.0,61.718793,61.695347,27.052688,27.052688,0,False,True,3093.0,115.log,two_core_23_wpms.csv
23-wpms-60s,116,relational-inference_wt-pa-3_old.wcnf,relational_inference_wt_pa_3_old,1,60.0,61.635995,61.612611,43.089388,43.089388,0,False,True,2967.0,116.log,two_core_23_wpms.csv
23-wpms-60s,117,setcover_wt-rail2536_old.wcnf,setcover_wt_rail2536_old,1,60.0,65.999421,65.991402,6.416169,6.416169,0,False,True,2147034.0,117.log,two_core_23_wpms.csv
23-wpms-60s,118,setcover_wt-rail4284_old.wcnf,setcover_wt_rail4284_old,1,60.0,66.094437,66.086472,6.665312,6.665312,0,False,True,2119198.0,118.log,two_core_23_wpms.csv
23-wpms-60s,119,setcover_wt-rail4872_old.wcnf,setcover_wt_rail4872_old,1,60.0,66.209328,66.201091,5.860089,5.860089,0,False,True,1873139.0,119.log,two_core_23_wpms.csv
23-wpms-60s,120,setcover_wt-rail507_old.wcnf,setcover_wt_rail507_old,1,60.0,60.497452,60.491095,30.139045,30.139045,0,False,True,220.0,120.log,two_core_23_wpms.csv
23-wpms-60s,121,shiftdesign_wt-limits-10-10_data-1_inst-084_30m.sm-extracted_old.wcnf,shiftdesign_wt_limits_10_10_data_1_inst_084_30m_sm_extracted_old,1,60.0,66.634429,66.566438,,,0,False,False,,121.log,two_core_23_wpms.csv
23-wpms-60s,122,shiftdesign_wt-limits-10-10_data-1_inst-137_30m.sm-extracted_old.wcnf,shiftdesign_wt_limits_10_10_data_1_inst_137_30m_sm_extracted_old,1,60.0,60.510439,60.473819,45.001416,45.001416,0,False,True,17244442.0,122.log,two_core_23_wpms.csv
23-wpms-60s,123,shiftdesign_wt-limits-10-10_data-1_inst-182_30m.sm-extracted_old.wcnf,shiftdesign_wt_limits_10_10_data_1_inst_182_30m_sm_extracted_old,1,60.0,66.362082,66.312396,,,0,False,False,,123.log,two_core_23_wpms.csv
23-wpms-60s,124,shiftdesign_wt-limits-10-10_data-2_inst-003_30m.sm-extracted_old.wcnf,shiftdesign_wt_limits_10_10_data_2_inst_003_30m_sm_extracted_old,1,60.0,66.499446,66.447976,,,0,False,False,,124.log,two_core_23_wpms.csv
23-wpms-60s,125,shiftdesign_wt-limits-10-10_data-2_inst-025_30m.sm-extracted_old.wcnf,shiftdesign_wt_limits_10_10_data_2_inst_025_30m_sm_extracted_old,1,60.0,61.911923,61.85325,,,0,False,False,,125.log,two_core_23_wpms.csv
23-wpms-60s,126,shiftdesign_wt-limits-10-10_data-2_inst-030_30m.sm-extracted_old.wcnf,shiftdesign_wt_limits_10_10_data_2_inst_030_30m_sm_extracted_old,1,60.0,62.212499,62.151906,,,0,False,False,,126.log,two_core_23_wpms.csv
23-wpms-60s,127,shiftdesign_wt-limits-10-10_data-3_inst-002_30m.sm-extracted_old.wcnf,shiftdesign_wt_limits_10_10_data_3_inst_002_30m_sm_extracted_old,1,60.0,66.182851,66.131572,,,0,False,False,,127.log,two_core_23_wpms.csv
23-wpms-60s,128,shiftdesign_wt-limits-10-10_data-3_inst-003_30m.sm-extracted_old.wcnf,shiftdesign_wt_limits_10_10_data_3_inst_003_30m_sm_extracted_old,1,60.0,62.308109,62.262036,57.996181,57.996181,0,False,True,28190618.0,128.log,two_core_23_wpms.csv
23-wpms-60s,129,shiftdesign_wt-limits-10-10_data-4_inst-003_60m.sm-extracted_old.wcnf,shiftdesign_wt_limits_10_10_data_4_inst_003_60m_sm_extracted_old,1,60.0,65.894016,65.848715,,,0,False,False,,129.log,two_core_23_wpms.csv
23-wpms-60s,130,spot5_wt-1401.wcsp.log_old.wcnf,spot5_wt_1401_wcsp_log_old,1,60.0,60.013927,60.009676,0.423798,0.423798,0,False,True,459106.0,130.log,two_core_23_wpms.csv
23-wpms-60s,131,spot5_wt-1403.wcsp.dir_old.wcnf,spot5_wt_1403_wcsp_dir_old,1,60.0,60.013687,60.009072,0.91373,0.91373,0,False,True,459247.0,131.log,two_core_23_wpms.csv
23-wpms-60s,132,spot5_wt-1403.wcsp.log_old.wcnf,spot5_wt_1403_wcsp_log_old,1,60.0,60.013109,60.008673,18.809991,18.809991,0,False,True,459246.0,132.log,two_core_23_wpms.csv
23-wpms-60s,133,spot5_wt-1405.wcsp.dir_old.wcnf,spot5_wt_1405_wcsp_dir_old,1,60.0,60.009378,60.004808,39.432283,39.432283,0,False,True,459419.0,133.log,two_core_23_wpms.csv
23-wpms-60s,134,spot5_wt-1506.wcsp.log_old.wcnf,spot5_wt_1506_wcsp_log_old,1,60.0,60.016222,60.011461,34.079588,34.079588,0,False,True,354524.0,134.log,two_core_23_wpms.csv
23-wpms-60s,135,spot5_wt-5.wcsp.log_old.wcnf,spot5_wt_5_wcsp_log_old,1,60.0,60.016225,60.011819,0.244133,0.244133,0,False,True,261.0,135.log,two_core_23_wpms.csv
23-wpms-60s,136,staff-scheduling_wt-instance10_old.wcnf,staff_scheduling_wt_instance10_old,1,60.0,60.11585,60.101747,36.629687,36.629687,0,False,True,6625.0,136.log,two_core_23_wpms.csv
23-wpms-60s,137,staff-scheduling_wt-instance11_old.wcnf,staff_scheduling_wt_instance11_old,1,60.0,60.061787,60.056485,23.444489,23.444489,0,False,True,3653.0,137.log,two_core_23_wpms.csv
23-wpms-60s,138,staff-scheduling_wt-instance12_old.wcnf,staff_scheduling_wt_instance12_old,1,60.0,60.104364,60.090949,58.814785,58.814785,0,False,True,7138.0,138.log,two_core_23_wpms.csv
23-wpms-60s,139,staff-scheduling_wt-instance2_old.wcnf,staff_scheduling_wt_instance2_old,1,60.0,60.007346,60.002663,3.977892,3.977892,0,False,True,838.0,139.log,two_core_23_wpms.csv
23-wpms-60s,140,staff-scheduling_wt-instance3_old.wcnf,staff_scheduling_wt_instance3_old,1,60.0,60.013932,60.009505,16.874884,16.874884,0,False,True,1026.0,140.log,two_core_23_wpms.csv
23-wpms-60s,141,staff-scheduling_wt-instance4_old.wcnf,staff_scheduling_wt_instance4_old,1,60.0,60.007692,60.003104,45.344302,45.344302,0,False,True,1740.0,141.log,two_core_23_wpms.csv
23-wpms-60s,142,staff-scheduling_wt-instance5_old.wcnf,staff_scheduling_wt_instance5_old,1,60.0,60.016324,60.011392,27.517381,27.517381,0,False,True,1287.0,142.log,two_core_23_wpms.csv
23-wpms-60s,143,staff-scheduling_wt-instance6_old.wcnf,staff_scheduling_wt_instance6_old,1,60.0,60.013109,60.008045,11.470191,11.470191,0,False,True,2081.0,143.log,two_core_23_wpms.csv
23-wpms-60s,144,staff-scheduling_wt-instance7_old.wcnf,staff_scheduling_wt_instance7_old,1,60.0,60.01485,60.009548,49.305996,49.305996,0,False,True,1178.0,144.log,two_core_23_wpms.csv
23-wpms-60s,145,staff-scheduling_wt-instance8_old.wcnf,staff_scheduling_wt_instance8_old,1,60.0,60.028503,60.022534,19.369593,19.369593,0,False,True,2848.0,145.log,two_core_23_wpms.csv
23-wpms-60s,146,staff-scheduling_wt-instance9_old.wcnf,staff_scheduling_wt_instance9_old,1,60.0,60.085343,60.07443,40.614505,40.614505,0,False,True,2161.0,146.log,two_core_23_wpms.csv
23-wpms-60s,147,switchingactivitymaximization-SwitchingActivityMaximization_OpenRISC1200_100_old.wcnf,switchingactivitymaximization_switchingactivitymaximization_openrisc1200_100_old,1,60.0,60.14841,60.133583,10.88295,10.88295,0,False,True,392.0,147.log,two_core_23_wpms.csv
23-wpms-60s,148,switchingactivitymaximization-SwitchingActivityMaximization_OpenRISC1200_150_old.wcnf,switchingactivitymaximization_switchingactivitymaximization_openrisc1200_150_old,1,60.0,60.128188,60.113828,11.208154,11.208154,0,False,True,528.0,148.log,two_core_23_wpms.csv
23-wpms-60s,149,switchingactivitymaximization-SwitchingActivityMaximization_OpenRISC1200_200_old.wcnf,switchingactivitymaximization_switchingactivitymaximization_openrisc1200_200_old,1,60.0,60.120274,60.106087,10.82603,10.82603,0,False,True,602.0,149.log,two_core_23_wpms.csv
23-wpms-60s,150,switchingactivitymaximization-SwitchingActivityMaximization_OpenRISC1200_66_old.wcnf,switchingactivitymaximization_switchingactivitymaximization_openrisc1200_66_old,1,60.0,60.114063,60.099686,11.13241,11.13241,0,False,True,228.0,150.log,two_core_23_wpms.csv
23-wpms-60s,151,switchingactivitymaximization-SwitchingActivityMaximization_OpenRISC1200_68_old.wcnf,switchingactivitymaximization_switchingactivitymaximization_openrisc1200_68_old,1,60.0,60.117229,60.102833,11.188073,11.188073,0,False,True,193.0,151.log,two_core_23_wpms.csv
23-wpms-60s,152,switchingactivitymaximization-SwitchingActivityMaximization_OpenRISC1200_70_old.wcnf,switchingactivitymaximization_switchingactivitymaximization_openrisc1200_70_old,1,60.0,60.116773,60.102144,11.142553,11.142553,0,False,True,240.0,152.log,two_core_23_wpms.csv
23-wpms-60s,153,switchingactivitymaximization-SwitchingActivityMaximization_OpenRISC1200_72_old.wcnf,switchingactivitymaximization_switchingactivitymaximization_openrisc1200_72_old,1,60.0,60.112548,60.098398,11.149927,11.149927,0,False,True,202.0,153.log,two_core_23_wpms.csv
23-wpms-60s,154,switchingactivitymaximization-SwitchingActivityMaximization_OpenRISC1200_80_old.wcnf,switchingactivitymaximization_switchingactivitymaximization_openrisc1200_80_old,1,60.0,60.119542,60.101935,11.173449,11.173449,0,False,True,306.0,154.log,two_core_23_wpms.csv
23-wpms-60s,155,switchingactivitymaximization-SwitchingActivityMaximization_OpenRISC1200_90_old.wcnf,switchingactivitymaximization_switchingactivitymaximization_openrisc1200_90_old,1,60.0,60.142853,60.129726,11.047524,11.047524,0,False,True,283.0,155.log,two_core_23_wpms.csv
23-wpms-60s,156,tcp_wt-tcp_students_112_it_2_old.wcnf,tcp_wt_tcp_students_112_it_2_old,1,60.0,60.025531,60.020084,47.64499,47.64499,0,False,True,3699.0,156.log,two_core_23_wpms.csv
23-wpms-60s,157,timetabling_wt-comp02_old.wcnf,timetabling_wt_comp02_old,1,60.0,60.044018,60.036434,8.534413,8.534413,0,False,True,136.0,157.log,two_core_23_wpms.csv
23-wpms-60s,158,timetabling_wt-comp09_old.wcnf,timetabling_wt_comp09_old,1,60.0,60.054189,60.046624,27.633787,27.633787,0,False,True,135.0,158.log,two_core_23_wpms.csv
23-wpms-60s,159,timetabling_wt-comp12_old.wcnf,timetabling_wt_comp12_old,1,60.0,60.044069,60.032058,30.099687,30.099687,0,False,True,560.0,159.log,two_core_23_wpms.csv
23-wpms-60s,160,timetabling_wt-dds4_old.wcnf,timetabling_wt_dds4_old,1,60.0,64.205124,64.144462,,,0,False,False,,160.log,two_core_23_wpms.csv
23-pms-60s,1,aes-mul_8_11_old.wcnf,aes_mul_8_11_old,1,60.0,60.052827,60.04496,30.190478,30.190478,0,False,True,64.0,001.log,two_core_23_pms.csv
23-pms-60s,2,aes-mul_8_13_old.wcnf,aes_mul_8_13_old,1,60.0,60.062703,60.05608,29.357983,29.357983,0,False,True,62.0,002.log,two_core_23_pms.csv
23-pms-60s,3,aes-mul_8_14_old.wcnf,aes_mul_8_14_old,1,60.0,60.101466,60.095991,34.743884,34.743884,0,False,True,57.0,003.log,two_core_23_pms.csv
23-pms-60s,4,aes-mul_8_3_old.wcnf,aes_mul_8_3_old,1,60.0,60.030129,60.025381,4.702708,4.702708,0,False,True,36.0,004.log,two_core_23_pms.csv
23-pms-60s,5,aes-mul_8_9_old.wcnf,aes_mul_8_9_old,1,60.0,60.059398,60.054389,28.228288,28.228288,0,False,True,42.0,005.log,two_core_23_pms.csv
23-pms-60s,6,aes-sbox_8_old.wcnf,aes_sbox_8_old,1,60.0,65.491044,65.475322,4.871909,4.871909,0,False,True,136253.0,006.log,two_core_23_pms.csv
23-pms-60s,7,atcoss-atcoss_mesat_02_old.wcnf,atcoss_atcoss_mesat_02_old,1,60.0,60.067975,60.057542,11.539919,11.539919,0,False,True,300.0,007.log,two_core_23_pms.csv
23-pms-60s,8,atcoss-atcoss_mesat_15_old.wcnf,atcoss_atcoss_mesat_15_old,1,60.0,60.090501,60.078111,29.55094,29.55094,0,False,True,300.0,008.log,two_core_23_pms.csv
23-pms-60s,9,atcoss-atcoss_sugar_05_old.wcnf,atcoss_atcoss_sugar_05_old,1,60.0,60.049422,60.041195,7.701088,7.701088,0,False,True,91.0,009.log,two_core_23_pms.csv
23-pms-60s,10,atcoss-atcoss_sugar_15_old.wcnf,atcoss_atcoss_sugar_15_old,1,60.0,60.049391,60.040034,18.160002,18.160002,0,False,True,300.0,010.log,two_core_23_pms.csv
23-pms-60s,11,bcp-SU3__simp-genos.haps.9_old.wcnf,bcp_su3_simp_genos_haps_9_old,1,60.0,60.019354,60.014834,10.801887,10.801887,0,False,True,106.0,011.log,two_core_23_pms.csv
23-pms-60s,12,decision-tree-anneal-un-formula_0.8_2021_atleast_127_max-6_reduced_incomplete_tree_old.wcnf,decision_tree_anneal_un_formula_0_8_2021_atleast_127_max_6_reduced_incomplete_tree_old,1,60.0,60.418216,60.387374,7.876012,7.876012,0,False,True,120.0,012.log,two_core_23_pms.csv
23-pms-60s,13,decision-tree-australian-credit-un-formula_0.8_2021_atleast_127_max-6_reduced_incomplete_tree_old.wcnf,decision_tree_australian_credit_un_formula_0_8_2021_atleast_127_max_6_reduced_incomplete_tree_old,1,60.0,60.547702,60.511576,9.680141,9.680141,0,False,True,73.0,013.log,two_core_23_pms.csv
23-pms-60s,14,decision-tree-breast-cancer-un-formula_0.8_2021_atleast_127_max-6_reduced_incomplete_tree_old.wcnf,decision_tree_breast_cancer_un_formula_0_8_2021_atleast_127_max_6_reduced_incomplete_tree_old,1,60.0,60.869509,60.839524,50.119786,50.119786,0,False,True,54.0,014.log,two_core_23_pms.csv
23-pms-60s,15,decision-tree-breast-cancer-un-formula_0.8_2021_atleast_15_max-3_reduced_incomplete_tree_old.wcnf,decision_tree_breast_cancer_un_formula_0_8_2021_atleast_15_max_3_reduced_incomplete_tree_old,1,60.0,60.019047,60.013981,6.48926,6.48926,0,False,True,57.0,015.log,two_core_23_pms.csv
23-pms-60s,16,decision-tree-car-un-formula_0.8_2021_atleast_31_max-4_reduced_incomplete_tree_old.wcnf,decision_tree_car_un_formula_0_8_2021_atleast_31_max_4_reduced_incomplete_tree_old,1,60.0,60.06683,60.061145,53.902482,53.902482,0,False,True,193.0,016.log,two_core_23_pms.csv
23-pms-60s,17,decision-tree-car-un-formula_0.8_2021_atleast_63_max-5_reduced_incomplete_tree_old.wcnf,decision_tree_car_un_formula_0_8_2021_atleast_63_max_5_reduced_incomplete_tree_old,1,60.0,60.06172,60.053712,1.462674,1.462674,0,False,True,193.0,017.log,two_core_23_pms.csv
23-pms-60s,18,decision-tree-heart-cleveland-un-formula_0.8_2021_atleast_15_max-3_reduced_incomplete_tree_old.wcnf,decision_tree_heart_cleveland_un_formula_0_8_2021_atleast_15_max_3_reduced_incomplete_tree_old,1,60.0,60.018182,60.013154,3.45801,3.45801,0,False,True,52.0,018.log,two_core_23_pms.csv
23-pms-60s,19,decision-tree-heart-cleveland-un-formula_0.8_2021_atleast_63_max-5_reduced_incomplete_tree_old.wcnf,decision_tree_heart_cleveland_un_formula_0_8_2021_atleast_63_max_5_reduced_incomplete_tree_old,1,60.0,60.175255,60.162154,1.617283,1.617283,0,False,True,52.0,019.log,two_core_23_pms.csv
23-pms-60s,20,decision-tree-hypothyroid-un-formula_0.8_2021_atleast_63_max-5_reduced_incomplete_tree_old.wcnf,decision_tree_hypothyroid_un_formula_0_8_2021_atleast_63_max_5_reduced_incomplete_tree_old,1,60.0,60.172455,60.159313,6.733173,6.733173,0,False,True,102.0,020.log,two_core_23_pms.csv
23-pms-60s,21,decision-tree-kr-vs-kp-un-formula_0.8_2021_atleast_31_max-4_reduced_incomplete_tree_old.wcnf,decision_tree_kr_vs_kp_un_formula_0_8_2021_atleast_31_max_4_reduced_incomplete_tree_old,1,60.0,60.114769,60.106256,36.101595,36.101595,0,False,True,811.0,021.log,two_core_23_pms.csv
23-pms-60s,22,decision-tree-kr-vs-kp-un-formula_0.8_2021_atleast_63_max-5_reduced_incomplete_tree_old.wcnf,decision_tree_kr_vs_kp_un_formula_0_8_2021_atleast_63_max_5_reduced_incomplete_tree_old,1,60.0,60.18682,60.174052,15.324786,15.324786,0,False,True,811.0,022.log,two_core_23_pms.csv
23-pms-60s,23,decision-tree-lymph-un-formula_0.8_2021_atleast_31_max-4_reduced_incomplete_tree_old.wcnf,decision_tree_lymph_un_formula_0_8_2021_atleast_31_max_4_reduced_incomplete_tree_old,1,60.0,60.031919,60.026148,0.464282,0.464282,0,False,True,27.0,023.log,two_core_23_pms.csv
23-pms-60s,24,decision-tree-mushroom-un-formula_0.8_2021_atleast_15_max-3_reduced_incomplete_tree_old.wcnf,decision_tree_mushroom_un_formula_0_8_2021_atleast_15_max_3_reduced_incomplete_tree_old,1,60.0,60.223122,60.213801,3.385528,3.385528,0,False,True,3341.0,024.log,two_core_23_pms.csv
23-pms-60s,25,decision-tree-tic-tac-toe-un-formula_0.8_2021_atleast_127_max-6_reduced_incomplete_tree_old.wcnf,decision_tree_tic_tac_toe_un_formula_0_8_2021_atleast_127_max_6_reduced_incomplete_tree_old,1,60.0,60.152583,60.139817,2.795819,2.795819,0,False,True,230.0,025.log,two_core_23_pms.csv
23-pms-60s,26,extension-enforcement-extension-enforcement_non-strict_stb_200_0.05_1_10_1_old.wcnf,extension_enforcement_extension_enforcement_non_strict_stb_200_0_05_1_10_1_old,1,60.0,60.023097,60.014881,36.551388,36.551388,0,False,True,15.0,026.log,two_core_23_pms.csv
23-pms-60s,27,fault-diagnosis-s38584_nan_explicit_10_0_old.wcnf,fault_diagnosis_s38584_nan_explicit_10_0_old,1,60.0,60.071433,60.059909,20.994296,20.994296,0,False,True,235.0,027.log,two_core_23_pms.csv
23-pms-60s,28,fault-diagnosis-s38584_nan_explicit_9_0_old.wcnf,fault_diagnosis_s38584_nan_explicit_9_0_old,1,60.0,60.10701,60.097771,14.527089,14.527089,0,False,True,277.0,028.log,two_core_23_pms.csv
23-pms-60s,29,gen-hyper-tw-GenHyperTW_2bitcomp_5_old.wcnf,gen_hyper_tw_genhypertw_2bitcomp_5_old,1,60.0,60.638122,60.620562,39.381382,39.381382,0,False,True,16.0,029.log,two_core_23_pms.csv
23-pms-60s,30,gen-hyper-tw-GenHyperTW_aim-50-1_6-no-3_old.wcnf,gen_hyper_tw_genhypertw_aim_50_1_6_no_3_old,1,60.0,60.027165,60.02151,51.218701,51.218701,0,False,True,11.0,030.log,two_core_23_pms.csv
23-pms-60s,31,gen-hyper-tw-GenHyperTW_aim-50-1_6-yes1-3_old.wcnf,gen_hyper_tw_genhypertw_aim_50_1_6_yes1_3_old,1,60.0,60.02929,60.023384,24.137084,24.137084,0,False,True,11.0,031.log,two_core_23_pms.csv
23-pms-60s,32,gen-hyper-tw-GenHyperTW_b01_old.wcnf,gen_hyper_tw_genhypertw_b01_old,1,60.0,60.025238,60.019951,8.435259,8.435259,0,False,True,6.0,032.log,two_core_23_pms.csv
23-pms-60s,33,gen-hyper-tw-GenHyperTW_dubois28_old.wcnf,gen_hyper_tw_genhypertw_dubois28_old,1,60.0,60.092828,60.079625,0.906653,0.906653,0,False,True,5.0,033.log,two_core_23_pms.csv
23-pms-60s,34,gen-hyper-tw-GenHyperTW_dubois29_old.wcnf,gen_hyper_tw_genhypertw_dubois29_old,1,60.0,60.090123,60.079507,37.409486,37.409486,0,False,True,5.0,034.log,two_core_23_pms.csv
23-pms-60s,35,gen-hyper-tw-GenHyperTW_flat30-99_old.wcnf,gen_hyper_tw_genhypertw_flat30_99_old,1,60.0,60.398314,60.384324,43.315984,43.315984,0,False,True,22.0,035.log,two_core_23_pms.csv
23-pms-60s,36,gen-hyper-tw-GenHyperTW_grid4d_3_old.wcnf,gen_hyper_tw_genhypertw_grid4d_3_old,1,60.0,60.013785,60.008929,27.739173,27.739173,0,False,True,7.0,036.log,two_core_23_pms.csv
23-pms-60s,37,gen-hyper-tw-GenHyperTW_par8-1-c_old.wcnf,gen_hyper_tw_genhypertw_par8_1_c_old,1,60.0,60.066659,60.054783,29.642105,29.642105,0,False,True,11.0,037.log,two_core_23_pms.csv
23-pms-60s,38,gen-hyper-tw-GenHyperTW_pret60_25_old.wcnf,gen_hyper_tw_genhypertw_pret60_25_old,1,60.0,60.056502,60.049147,20.687374,20.687374,0,False,True,6.0,038.log,two_core_23_pms.csv
23-pms-60s,39,gen-hyper-tw-GenHyperTW_s208_old.wcnf,gen_hyper_tw_genhypertw_s208_old,1,60.0,60.117874,60.105855,5.511016,5.511016,0,False,True,12.0,039.log,two_core_23_pms.csv
23-pms-60s,40,gen-hyper-tw-GenHyperTW_uf20-01_old.wcnf,gen_hyper_tw_genhypertw_uf20_01_old,1,60.0,60.013824,60.007876,0.231614,0.231614,0,False,True,6.0,040.log,two_core_23_pms.csv
23-pms-60s,41,inconsistency-measurement-im-contension-A-2-grd_3908_2_1.tgf.pl_old.wcnf,inconsistency_measurement_im_contension_a_2_grd_3908_2_1_tgf_pl_old,1,60.0,60.074883,60.066525,10.560586,10.560586,0,False,True,676.0,041.log,two_core_23_pms.csv
23-pms-60s,42,inconsistency-measurement-im-contension-B-3-stb_696_368.tgf.pl_old.wcnf,inconsistency_measurement_im_contension_b_3_stb_696_368_tgf_pl_old,1,60.0,60.011247,60.006733,40.553189,40.553189,0,False,True,67.0,042.log,two_core_23_pms.csv
23-pms-60s,43,inconsistency-measurement-im-contension-C-1-grd_3018_3_7.tgf.pl_old.wcnf,inconsistency_measurement_im_contension_c_1_grd_3018_3_7_tgf_pl_old,1,60.0,60.074942,60.063415,28.029786,28.029786,0,False,True,527.0,043.log,two_core_23_pms.csv
23-pms-60s,44,inconsistency-measurement-im-forgetting-A-2-grd_3908_2_1.tgf.pl_old.wcnf,inconsistency_measurement_im_forgetting_a_2_grd_3908_2_1_tgf_pl_old,1,60.0,60.081629,60.073782,26.908594,26.908594,0,False,True,756.0,044.log,two_core_23_pms.csv
23-pms-60s,45,inconsistency-measurement-im-forgetting-A-2-WS_300_16_70_30.tgf.pl_old.wcnf,inconsistency_measurement_im_forgetting_a_2_ws_300_16_70_30_tgf_pl_old,1,60.0,60.008223,60.00401,40.886183,40.886183,0,False,True,48.0,045.log,two_core_23_pms.csv
23-pms-60s,46,inconsistency-measurement-im-forgetting-A-2-WS_300_16_90_30.tgf.pl_old.wcnf,inconsistency_measurement_im_forgetting_a_2_ws_300_16_90_30_tgf_pl_old,1,60.0,60.009697,60.005588,6.452641,6.452641,0,False,True,47.0,046.log,two_core_23_pms.csv
23-pms-60s,47,inconsistency-measurement-im-forgetting-B-2-stb_625_161.tgf.pl_old.wcnf,inconsistency_measurement_im_forgetting_b_2_stb_625_161_tgf_pl_old,1,60.0,60.010926,60.006175,17.995717,17.995717,0,False,True,92.0,047.log,two_core_23_pms.csv
23-pms-60s,48,inconsistency-measurement-im-forgetting-B-3-stb_428_430.tgf.pl_old.wcnf,inconsistency_measurement_im_forgetting_b_3_stb_428_430_tgf_pl_old,1,60.0,60.011957,60.007448,5.363324,5.363324,0,False,True,65.0,048.log,two_core_23_pms.csv
23-pms-60s,49,inconsistency-measurement-im-forgetting-B-3-stb_457_193.tgf.pl_old.wcnf,inconsistency_measurement_im_forgetting_b_3_stb_457_193_tgf_pl_old,1,60.0,60.015324,60.011269,10.49458,10.49458,0,False,True,74.0,049.log,two_core_23_pms.csv
23-pms-60s,50,inconsistency-measurement-im-forgetting-B-3-WS_300_16_90_30.tgf.pl_old.wcnf,inconsistency_measurement_im_forgetting_b_3_ws_300_16_90_30_tgf_pl_old,1,60.0,60.014054,60.010179,32.65668,32.65668,0,False,True,54.0,050.log,two_core_23_pms.csv
23-pms-60s,51,inconsistency-measurement-im-forgetting-C-1-grd_5178_1_1.tgf.pl_old.wcnf,inconsistency_measurement_im_forgetting_c_1_grd_5178_1_1_tgf_pl_old,1,60.0,60.081086,60.073657,0.393941,0.393941,0,False,True,1466.0,051.log,two_core_23_pms.csv
23-pms-60s,52,inconsistency-measurement-im-forgetting-T-2-grd_4383_1_10.tgf.pl_old.wcnf,inconsistency_measurement_im_forgetting_t_2_grd_4383_1_10_tgf_pl_old,1,60.0,60.048587,60.04209,14.446287,14.446287,0,False,True,871.0,052.log,two_core_23_pms.csv
23-pms-60s,53,inconsistency-measurement-im-forgetting-T-2-stb_339_81.tgf.pl_old.wcnf,inconsistency_measurement_im_forgetting_t_2_stb_339_81_tgf_pl_old,1,60.0,60.008991,60.004912,44.39129,44.39129,0,False,True,58.0,053.log,two_core_23_pms.csv
23-pms-60s,54,inconsistency-measurement-im-hit-A-1-grd_1790_4_8.tgf.pl_old.wcnf,inconsistency_measurement_im_hit_a_1_grd_1790_4_8_tgf_pl_old,1,60.0,60.020933,60.016547,7.673303,7.673303,0,False,True,311.0,054.log,two_core_23_pms.csv
23-pms-60s,55,inconsistency-measurement-im-hit-A-1-grd_2065_1_8.tgf.pl_old.wcnf,inconsistency_measurement_im_hit_a_1_grd_2065_1_8_tgf_pl_old,1,60.0,60.011311,60.007304,30.592198,30.592198,0,False,True,303.0,055.log,two_core_23_pms.csv
23-pms-60s,56,inconsistency-measurement-im-hit-A-2-grd_1948_5_1.tgf.pl_old.wcnf,inconsistency_measurement_im_hit_a_2_grd_1948_5_1_tgf_pl_old,1,60.0,60.026216,60.021638,6.793249,6.793249,0,False,True,345.0,056.log,two_core_23_pms.csv
23-pms-60s,57,inconsistency-measurement-im-hit-B-1-grd_3018_3_7.tgf.pl_old.wcnf,inconsistency_measurement_im_hit_b_1_grd_3018_3_7_tgf_pl_old,1,60.0,60.03415,60.028946,2.460183,2.460183,0,False,True,570.0,057.log,two_core_23_pms.csv
23-pms-60s,58,inconsistency-measurement-im-hit-B-3-stb_390_450.tgf.pl_old.wcnf,inconsistency_measurement_im_hit_b_3_stb_390_450_tgf_pl_old,1,60.0,60.015017,60.011204,33.593597,33.593597,0,False,True,45.0,058.log,two_core_23_pms.csv
23-pms-60s,59,inconsistency-measurement-im-hit-C-1-grd_3018_3_7.tgf.pl_old.wcnf,inconsistency_measurement_im_hit_c_1_grd_3018_3_7_tgf_pl_old,1,60.0,60.029455,60.023156,11.893986,11.893986,0,False,True,534.0,059.log,two_core_23_pms.csv
23-pms-60s,60,inconsistency-measurement-im-sum-A-2-grd_1948_5_1.tgf.pl_old.wcnf,inconsistency_measurement_im_sum_a_2_grd_1948_5_1_tgf_pl_old,1,60.0,60.034183,60.026695,57.782681,57.782681,0,False,True,367.0,060.log,two_core_23_pms.csv
23-pms-60s,61,inconsistency-measurement-im-sum-B-2-stb_330_291.tgf.pl_old.wcnf,inconsistency_measurement_im_sum_b_2_stb_330_291_tgf_pl_old,1,60.0,60.013902,60.00967,6.395061,6.395061,0,False,True,47.0,061.log,two_core_23_pms.csv
23-pms-60s,62,inconsistency-measurement-im-sum-B-3-stb_327_100.tgf.pl_old.wcnf,inconsistency_measurement_im_sum_b_3_stb_327_100_tgf_pl_old,1,60.0,60.009948,60.00588,14.285389,14.285389,0,False,True,52.0,062.log,two_core_23_pms.csv
23-pms-60s,63,inconsistency-measurement-im-sum-B-3-stb_339_393.tgf.pl_old.wcnf,inconsistency_measurement_im_sum_b_3_stb_339_393_tgf_pl_old,1,60.0,60.011057,60.007051,31.232567,31.232567,0,False,True,67.0,063.log,two_core_23_pms.csv
23-pms-60s,64,inconsistency-measurement-im-sum-B-3-stb_696_368.tgf.pl_old.wcnf,inconsistency_measurement_im_sum_b_3_stb_696_368_tgf_pl_old,1,60.0,60.008678,60.002817,25.142294,25.142294,0,False,True,88.0,064.log,two_core_23_pms.csv
23-pms-60s,65,inconsistency-measurement-im-sum-C-1-grd_1222_5_4.tgf.pl_old.wcnf,inconsistency_measurement_im_sum_c_1_grd_1222_5_4_tgf_pl_old,1,60.0,60.017155,60.011325,3.004163,3.004163,0,False,True,225.0,065.log,two_core_23_pms.csv
23-pms-60s,66,judgment-aggregation-ja-maxham-preflib-00049-00000071_old.wcnf,judgment_aggregation_ja_maxham_preflib_00049_00000071_old,1,60.0,60.015033,60.010267,0.20139,0.20139,0,False,True,48.0,066.log,two_core_23_pms.csv
23-pms-60s,67,judgment-aggregation-ja-maxham-preflib-00049-00000157_old.wcnf,judgment_aggregation_ja_maxham_preflib_00049_00000157_old,1,60.0,60.022262,60.017214,3.151363,3.151363,0,False,True,53.0,067.log,two_core_23_pms.csv
23-pms-60s,68,judgment-aggregation-ja-maxham-preflib-00049-00000253_old.wcnf,judgment_aggregation_ja_maxham_preflib_00049_00000253_old,1,60.0,60.016768,60.01206,29.892588,29.892588,0,False,True,48.0,068.log,two_core_23_pms.csv
23-pms-60s,69,judgment-aggregation-ja-maxham-preflib-00049-00000260_old.wcnf,judgment_aggregation_ja_maxham_preflib_00049_00000260_old,1,60.0,60.020185,60.014781,22.639892,22.639892,0,False,True,51.0,069.log,two_core_23_pms.csv
23-pms-60s,70,judgment-aggregation-ja-maxham-preflib-00049-00000293_old.wcnf,judgment_aggregation_ja_maxham_preflib_00049_00000293_old,1,60.0,60.013223,60.008264,49.988492,49.988492,0,False,True,44.0,070.log,two_core_23_pms.csv
23-pms-60s,71,judgment-aggregation-ja-maxham-preflib-00049-00000295_old.wcnf,judgment_aggregation_ja_maxham_preflib_00049_00000295_old,1,60.0,60.014117,60.009465,4.476812,4.476812,0,False,True,55.0,071.log,two_core_23_pms.csv
23-pms-60s,72,judgment-aggregation-ja-maxham-preflib-00049-00000316_old.wcnf,judgment_aggregation_ja_maxham_preflib_00049_00000316_old,1,60.0,60.016059,60.011533,10.459184,10.459184,0,False,True,53.0,072.log,two_core_23_pms.csv
23-pms-60s,73,judgment-aggregation-ja-maxham-preflib-00049-00000333_old.wcnf,judgment_aggregation_ja_maxham_preflib_00049_00000333_old,1,60.0,60.011081,60.00616,8.631839,8.631839,0,False,True,53.0,073.log,two_core_23_pms.csv
23-pms-60s,74,judgment-aggregation-ja-maxham-preflib-00049-00000338_old.wcnf,judgment_aggregation_ja_maxham_preflib_00049_00000338_old,1,60.0,60.016769,60.012137,0.461625,0.461625,0,False,True,53.0,074.log,two_core_23_pms.csv
23-pms-60s,75,judgment-aggregation-ja-maxham-preflib-00049-00000385_old.wcnf,judgment_aggregation_ja_maxham_preflib_00049_00000385_old,1,60.0,60.008674,60.00475,22.720583,22.720583,0,False,True,37.0,075.log,two_core_23_pms.csv
23-pms-60s,76,judgment-aggregation-ja-maxham-preflib-00049-00000390_old.wcnf,judgment_aggregation_ja_maxham_preflib_00049_00000390_old,1,60.0,60.016055,60.011796,7.004972,7.004972,0,False,True,55.0,076.log,two_core_23_pms.csv
23-pms-60s,77,judgment-aggregation-ja-maxham-preflib-00049-00000444_old.wcnf,judgment_aggregation_ja_maxham_preflib_00049_00000444_old,1,60.0,60.016286,60.01219,31.55366,31.55366,0,False,True,54.0,077.log,two_core_23_pms.csv
23-pms-60s,78,judgment-aggregation-ja-maxham-preflib-00049-00000486_old.wcnf,judgment_aggregation_ja_maxham_preflib_00049_00000486_old,1,60.0,60.015351,60.010814,0.095027,0.095027,0,False,True,58.0,078.log,two_core_23_pms.csv
23-pms-60s,79,judgment-aggregation-ja-maxham-preflib-00049-00000492_old.wcnf,judgment_aggregation_ja_maxham_preflib_00049_00000492_old,1,60.0,60.012129,60.007544,0.35331,0.35331,0,False,True,48.0,079.log,two_core_23_pms.csv
23-pms-60s,80,judgment-aggregation-ja-maxham-preflib-00049-00000512_old.wcnf,judgment_aggregation_ja_maxham_preflib_00049_00000512_old,1,60.0,60.020029,60.01483,24.32799,24.32799,0,False,True,58.0,080.log,two_core_23_pms.csv
23-pms-60s,81,judgment-aggregation-ja-maxham-preflib-00049-00000517_old.wcnf,judgment_aggregation_ja_maxham_preflib_00049_00000517_old,1,60.0,60.023241,60.017975,27.885681,27.885681,0,False,True,60.0,081.log,two_core_23_pms.csv
23-pms-60s,82,judgment-aggregation-ja-maxham-preflib-00049-00000540_old.wcnf,judgment_aggregation_ja_maxham_preflib_00049_00000540_old,1,60.0,60.018574,60.01338,34.964583,34.964583,0,False,True,51.0,082.log,two_core_23_pms.csv
23-pms-60s,83,judgment-aggregation-ja-slater-preflib-00043-00000180_old.wcnf,judgment_aggregation_ja_slater_preflib_00043_00000180_old,1,60.0,60.0726,60.060234,25.900681,25.900681,0,False,True,306.0,083.log,two_core_23_pms.csv
23-pms-60s,84,judgment-aggregation-ja-slater-preflib-00049-00000135_old.wcnf,judgment_aggregation_ja_slater_preflib_00049_00000135_old,1,60.0,60.020442,60.015046,7.101167,7.101167,0,False,True,246.0,084.log,two_core_23_pms.csv
23-pms-60s,85,judgment-aggregation-ja-slater-preflib-00049-00000405_old.wcnf,judgment_aggregation_ja_slater_preflib_00049_00000405_old,1,60.0,60.018021,60.013574,0.813869,0.813869,0,False,True,278.0,085.log,two_core_23_pms.csv
23-pms-60s,86,judgment-aggregation-ja-slater-preflib-00049-00000451_old.wcnf,judgment_aggregation_ja_slater_preflib_00049_00000451_old,1,60.0,60.05781,60.048822,50.786884,50.786884,0,False,True,505.0,086.log,two_core_23_pms.csv
23-pms-60s,87,judgment-aggregation-ja-slater-preflib-00049-00000468_old.wcnf,judgment_aggregation_ja_slater_preflib_00049_00000468_old,1,60.0,60.021123,60.017042,9.740204,9.740204,0,False,True,269.0,087.log,two_core_23_pms.csv
23-pms-60s,88,judgment-aggregation-ja-slater-preflib-00051-00000008_old.wcnf,judgment_aggregation_ja_slater_preflib_00051_00000008_old,1,60.0,60.095589,60.085243,2.545254,2.545254,0,False,True,341.0,088.log,two_core_23_pms.csv
23-pms-60s,89,judgment-aggregation-ja-slater-preflib-00051-00000011_old.wcnf,judgment_aggregation_ja_slater_preflib_00051_00000011_old,1,60.0,60.102527,60.092236,20.826359,20.826359,0,False,True,502.0,089.log,two_core_23_pms.csv
23-pms-60s,90,logic-synthesis-normalized-test4.pi.opb.msat_old.wcnf,logic_synthesis_normalized_test4_pi_opb_msat_old,1,60.0,60.016399,60.01274,39.537255,39.537255,0,False,True,97.0,090.log,two_core_23_pms.csv
23-pms-60s,91,MaxSATQueriesinInterpretableClassifiers-twitter_train_2_CNF_4_1_old.wcnf,maxsatqueriesininterpretableclassifiers_twitter_train_2_cnf_4_1_old,1,60.0,61.419158,61.369404,6.044345,6.044345,0,False,True,1946.0,091.log,two_core_23_pms.csv
23-pms-60s,92,MaxSATQueriesinInterpretableClassifiers-twitter_train_9_CNF_1_1_old.wcnf,maxsatqueriesininterpretableclassifiers_twitter_train_9_cnf_1_1_old,1,60.0,60.173645,60.156456,43.878062,43.878062,0,False,True,1811.0,092.log,two_core_23_pms.csv
23-pms-60s,93,MaxSATQueriesinInterpretableClassifiers-wdbc_train_9_CNF_5_1_old.wcnf,maxsatqueriesininterpretableclassifiers_wdbc_train_9_cnf_5_1_old,1,60.0,60.010917,60.007179,2.271696,2.271696,0,False,True,21.0,093.log,two_core_23_pms.csv
23-pms-60s,94,mbd-b14_C-mbd14-0277_old.wcnf,mbd_b14_c_mbd14_0277_old,1,60.0,60.011784,60.007871,0.199634,0.199634,0,False,True,25.0,094.log,two_core_23_pms.csv
23-pms-60s,95,min-fill-MinFill_R0_mulsol.i.1_old.wcnf,min_fill_minfill_r0_mulsol_i_1_old,1,60.0,60.092166,60.082071,47.565481,47.565481,0,False,True,344.0,095.log,two_core_23_pms.csv
23-pms-60s,96,min-fill-MinFill_R0_mulsol.i.2_old.wcnf,min_fill_minfill_r0_mulsol_i_2_old,1,60.0,60.171041,60.14898,30.786285,30.786285,0,False,True,563.0,096.log,two_core_23_pms.csv
23-pms-60s,97,min-fill-MinFill_R0_mulsol.i.3_old.wcnf,min_fill_minfill_r0_mulsol_i_3_old,1,60.0,60.253306,60.222255,36.57408,36.57408,0,False,True,1185.0,097.log,two_core_23_pms.csv
23-pms-60s,98,min-fill-MinFill_R0_myciel5_old.wcnf,min_fill_minfill_r0_myciel5_old,1,60.0,60.009252,60.005314,33.033257,33.033257,0,False,True,196.0,098.log,two_core_23_pms.csv
23-pms-60s,99,min-fill-MinFill_R0_myciel7_old.wcnf,min_fill_minfill_r0_myciel7_old,1,60.0,60.272559,60.236273,6.618634,6.618634,0,False,True,4604.0,099.log,two_core_23_pms.csv
23-pms-60s,100,min-fill-MinFill_R0_queen8_12_old.wcnf,min_fill_minfill_r0_queen8_12_old,1,60.0,60.038387,60.027805,1.57838,1.57838,0,False,True,2588.0,100.log,two_core_23_pms.csv
23-pms-60s,101,min-fill-MinFill_R1_games120_old.wcnf,min_fill_minfill_r1_games120_old,1,60.0,60.088261,60.077708,48.238382,48.238382,0,False,True,1938.0,101.log,two_core_23_pms.csv
23-pms-60s,102,min-fill-MinFill_R3_miles1000_old.wcnf,min_fill_minfill_r3_miles1000_old,1,60.0,60.059461,60.047913,22.976691,22.976691,0,False,True,2160.0,102.log,two_core_23_pms.csv
23-pms-60s,103,min-fill-MinFill_R3_miles750_old.wcnf,min_fill_minfill_r3_miles750_old,1,60.0,60.066374,60.054633,22.107981,22.107981,0,False,True,2055.0,103.log,two_core_23_pms.csv
23-pms-60s,104,min-fill-MinFill_R4_miles500_old.wcnf,min_fill_minfill_r4_miles500_old,1,60.0,60.052382,60.041713,43.212484,43.212484,0,False,True,1145.0,104.log,two_core_23_pms.csv
23-pms-60s,105,optic-gen_cvc-add7to3_9999_old.wcnf,optic_gen_cvc_add7to3_9999_old,1,60.0,60.011621,60.007676,14.454088,14.454088,0,False,True,193.0,105.log,two_core_23_pms.csv
23-pms-60s,106,optic-gen_mult_4_5_991_old.wcnf,optic_gen_mult_4_5_991_old,1,60.0,60.010163,60.006169,14.898379,14.898379,0,False,True,117.0,106.log,two_core_23_pms.csv
23-pms-60s,107,optic-gen_mult_5_5_991_old.wcnf,optic_gen_mult_5_5_991_old,1,60.0,60.04377,60.039337,40.687781,40.687781,0,False,True,237.0,107.log,two_core_23_pms.csv
23-pms-60s,108,optimizing-BDDs-anneal-un-wcnf_incomplete_improved_1_2019_5_old.wcnf,optimizing_bdds_anneal_un_wcnf_incomplete_improved_1_2019_5_old,1,60.0,60.021022,60.01688,56.851385,56.851385,0,False,True,127.0,108.log,two_core_23_pms.csv
23-pms-60s,109,optimizing-BDDs-australian-credit-un-wcnf_incomplete_improved_1_2019_2_old.wcnf,optimizing_bdds_australian_credit_un_wcnf_incomplete_improved_1_2019_2_old,1,60.0,60.019681,60.015584,0.079303,0.079303,0,False,True,89.0,109.log,two_core_23_pms.csv
23-pms-60s,110,optimizing-BDDs-australian-credit-un-wcnf_incomplete_improved_1_2019_5_old.wcnf,optimizing_bdds_australian_credit_un_wcnf_incomplete_improved_1_2019_5_old,1,60.0,60.023924,60.017758,9.047674,9.047674,0,False,True,76.0,110.log,two_core_23_pms.csv
23-pms-60s,111,optimizing-BDDs-breast-cancer-un-wcnf_incomplete_improved_1_2019_7_old.wcnf,optimizing_bdds_breast_cancer_un_wcnf_incomplete_improved_1_2019_7_old,1,60.0,60.035571,60.028595,43.17288,43.17288,0,False,True,23.0,111.log,two_core_23_pms.csv
23-pms-60s,112,optimizing-BDDs-car-un-wcnf_incomplete_improved_1_2019_7_old.wcnf,optimizing_bdds_car_un_wcnf_incomplete_improved_1_2019_7_old,1,60.0,60.025415,60.020259,2.941193,2.941193,0,False,True,90.0,112.log,two_core_23_pms.csv
23-pms-60s,113,optimizing-BDDs-heart-cleveland-un-wcnf_incomplete_improved_1_2019_9_old.wcnf,optimizing_bdds_heart_cleveland_un_wcnf_incomplete_improved_1_2019_9_old,1,60.0,60.024297,60.01923,27.778981,27.778981,0,False,True,16.0,113.log,two_core_23_pms.csv
23-pms-60s,114,optimizing-BDDs-hypothyroid-un-wcnf_incomplete_improved_1_2019_3_old.wcnf,optimizing_bdds_hypothyroid_un_wcnf_incomplete_improved_1_2019_3_old,1,60.0,60.052087,60.044635,52.574187,52.574187,0,False,True,62.0,114.log,two_core_23_pms.csv
23-pms-60s,115,optimizing-BDDs-hypothyroid-un-wcnf_incomplete_improved_1_2019_5_old.wcnf,optimizing_bdds_hypothyroid_un_wcnf_incomplete_improved_1_2019_5_old,1,60.0,60.105241,60.094686,23.025257,23.025257,0,False,True,60.0,115.log,two_core_23_pms.csv
23-pms-60s,116,optimizing-BDDs-hypothyroid-un-wcnf_incomplete_improved_1_2019_7_old.wcnf,optimizing_bdds_hypothyroid_un_wcnf_incomplete_improved_1_2019_7_old,1,60.0,60.116187,60.10175,13.392986,13.392986,0,False,True,57.0,116.log,two_core_23_pms.csv
23-pms-60s,117,optimizing-BDDs-kr-vs-kp-un-wcnf_incomplete_improved_1_2019_4_old.wcnf,optimizing_bdds_kr_vs_kp_un_wcnf_incomplete_improved_1_2019_4_old,1,60.0,60.066686,60.057044,1.471011,1.471011,0,False,True,189.0,117.log,two_core_23_pms.csv
23-pms-60s,118,optimizing-BDDs-kr-vs-kp-un-wcnf_incomplete_improved_1_2019_8_old.wcnf,optimizing_bdds_kr_vs_kp_un_wcnf_incomplete_improved_1_2019_8_old,1,60.0,60.150855,60.136286,7.157095,7.157095,0,False,True,162.0,118.log,two_core_23_pms.csv
23-pms-60s,119,optimizing-BDDs-lymph-un-wcnf_incomplete_improved_1_2019_7_old.wcnf,optimizing_bdds_lymph_un_wcnf_incomplete_improved_1_2019_7_old,1,60.0,60.010436,60.005421,8.77257,8.77257,0,False,True,6.0,119.log,two_core_23_pms.csv
23-pms-60s,120,optimizing-BDDs-mushroom-un-wcnf_incomplete_improved_1_2019_4_old.wcnf,optimizing_bdds_mushroom_un_wcnf_incomplete_improved_1_2019_4_old,1,60.0,60.201231,60.183443,35.151099,35.151099,0,False,True,180.0,120.log,two_core_23_pms.csv
23-pms-60s,121,optimizing-BDDs-mushroom-un-wcnf_incomplete_improved_1_2019_5_old.wcnf,optimizing_bdds_mushroom_un_wcnf_incomplete_improved_1_2019_5_old,1,60.0,60.233948,60.213281,23.053979,23.053979,0,False,True,40.0,121.log,two_core_23_pms.csv
23-pms-60s,122,optimizing-BDDs-primary-tumor-un-wcnf_incomplete_improved_1_2019_9_old.wcnf,optimizing_bdds_primary_tumor_un_wcnf_incomplete_improved_1_2019_9_old,1,60.0,60.02149,60.017126,2.902599,2.902599,0,False,True,31.0,122.log,two_core_23_pms.csv
23-pms-60s,123,optimizing-BDDs-soybean-un-wcnf_incomplete_improved_1_2019_6_old.wcnf,optimizing_bdds_soybean_un_wcnf_incomplete_improved_1_2019_6_old,1,60.0,60.02191,60.017054,48.025482,48.025482,0,False,True,37.0,123.log,two_core_23_pms.csv
23-pms-60s,124,optimizing-BDDs-splice-1-un-wcnf_incomplete_improved_1_2019_4_old.wcnf,optimizing_bdds_splice_1_un_wcnf_incomplete_improved_1_2019_4_old,1,60.0,60.12442,60.107159,11.537779,11.537779,0,False,True,226.0,124.log,two_core_23_pms.csv
23-pms-60s,125,optimizing-BDDs-splice-1-un-wcnf_incomplete_improved_1_2019_5_old.wcnf,optimizing_bdds_splice_1_un_wcnf_incomplete_improved_1_2019_5_old,1,60.0,60.15588,60.135661,13.074782,13.074782,0,False,True,340.0,125.log,two_core_23_pms.csv
23-pms-60s,126,optimizing-BDDs-tic-tac-toe-un-wcnf_incomplete_improved_1_2019_6_old.wcnf,optimizing_bdds_tic_tac_toe_un_wcnf_incomplete_improved_1_2019_6_old,1,60.0,60.015939,60.011093,3.486175,3.486175,0,False,True,147.0,126.log,two_core_23_pms.csv
23-pms-60s,127,optimizing-BDDs-vote-un-wcnf_incomplete_improved_1_2019_7_old.wcnf,optimizing_bdds_vote_un_wcnf_incomplete_improved_1_2019_7_old,1,60.0,60.014956,60.010366,0.180737,0.180737,0,False,True,6.0,127.log,two_core_23_pms.csv
23-pms-60s,128,optimizing-BDDs-vote-un-wcnf_incomplete_improved_1_2019_8_old.wcnf,optimizing_bdds_vote_un_wcnf_incomplete_improved_1_2019_8_old,1,60.0,60.019417,60.014826,2.413209,2.413209,0,False,True,5.0,128.log,two_core_23_pms.csv
23-pms-60s,129,planning-bnn-cellda_x_10_old.wcnf,planning_bnn_cellda_x_10_old,1,60.0,62.054669,61.989686,,,0,False,False,,129.log,two_core_23_pms.csv
23-pms-60s,130,planning-bnn-cellda_x_12_old.wcnf,planning_bnn_cellda_x_12_old,1,60.0,65.299936,65.236065,,,137,False,False,,130.log,two_core_23_pms.csv
23-pms-60s,131,planning-bnn-cellda_y_10_old.wcnf,planning_bnn_cellda_y_10_old,1,60.0,62.293358,62.227647,,,0,False,False,,131.log,two_core_23_pms.csv
23-pms-60s,132,planning-bnn-cellda_y_9_old.wcnf,planning_bnn_cellda_y_9_old,1,60.0,62.06313,61.998992,,,0,False,False,,132.log,two_core_23_pms.csv
23-pms-60s,133,planning-bnn-navigation_4x4_7_old.wcnf,planning_bnn_navigation_4x4_7_old,1,60.0,60.257248,60.231267,,,0,False,False,,133.log,two_core_23_pms.csv
23-pms-60s,134,planning-bnn-navigation_5x5_10_old.wcnf,planning_bnn_navigation_5x5_10_old,1,60.0,61.32467,61.255272,,,0,False,False,,134.log,two_core_23_pms.csv
23-pms-60s,135,planning-bnn-navigation_5x5_8_old.wcnf,planning_bnn_navigation_5x5_8_old,1,60.0,62.71531,62.671408,,,0,False,False,,135.log,two_core_23_pms.csv
23-pms-60s,136,planning-bnn-navigation_5x5_9_old.wcnf,planning_bnn_navigation_5x5_9_old,1,60.0,64.913221,64.863276,,,0,False,False,,136.log,two_core_23_pms.csv
23-pms-60s,137,planning-bnn-sysadmin_4_3_old.wcnf,planning_bnn_sysadmin_4_3_old,1,60.0,60.208135,60.187901,21.305869,21.305869,0,False,True,6.0,137.log,two_core_23_pms.csv
23-pms-60s,138,planning-bnn-sysadmin_5_3_old.wcnf,planning_bnn_sysadmin_5_3_old,1,60.0,62.724904,62.694448,,,0,False,False,,138.log,two_core_23_pms.csv
23-pms-60s,139,planning-bnn-sysadmin_5_4_old.wcnf,planning_bnn_sysadmin_5_4_old,1,60.0,61.563113,61.524993,,,0,False,False,,139.log,two_core_23_pms.csv
23-pms-60s,140,program-disambiguation-Q22_YESNO_1_old.wcnf,program_disambiguation_q22_yesno_1_old,1,60.0,60.556465,60.528555,,,0,False,False,,140.log,two_core_23_pms.csv
23-pms-60s,141,program-disambiguation-Q42_OPTIONS_1_old.wcnf,program_disambiguation_q42_options_1_old,1,60.0,60.185546,60.167073,20.037154,20.037154,0,False,True,29.0,141.log,two_core_23_pms.csv
23-pms-60s,142,program-disambiguation-Q45_YESNO_1_old.wcnf,program_disambiguation_q45_yesno_1_old,1,60.0,61.378935,61.353863,,,0,False,False,,142.log,two_core_23_pms.csv
23-pms-60s,143,program-disambiguation-Q55_YESNO_1_old.wcnf,program_disambiguation_q55_yesno_1_old,1,60.0,60.23336,60.209338,26.517611,26.517611,0,False,True,2.0,143.log,two_core_23_pms.csv
23-pms-60s,144,pseudoBoolean-normalized-par32-3.opb.msat_old.wcnf,pseudoboolean_normalized_par32_3_opb_msat_old,1,60.0,60.005495,60.001009,,,0,False,False,,144.log,two_core_23_pms.csv
23-pms-60s,145,pseudoBoolean-normalized-par32-5.opb.msat_old.wcnf,pseudoboolean_normalized_par32_5_opb_msat_old,1,60.0,60.006368,60.001975,,,0,False,False,,145.log,two_core_23_pms.csv
23-pms-60s,146,railway-transport-d4_old.wcnf,railway_transport_d4_old,1,60.0,65.626704,65.561921,18.91088,18.91088,0,False,True,5877.0,146.log,two_core_23_pms.csv
23-pms-60s,147,railway-transport-pesp_18Min_old.wcnf,railway_transport_pesp_18min_old,1,60.0,60.147649,60.130324,9.265404,9.265404,0,False,True,532.0,147.log,two_core_23_pms.csv
23-pms-60s,148,railway-transport-pesp_5min_old.wcnf,railway_transport_pesp_5min_old,1,60.0,60.079406,60.070105,36.85068,36.85068,0,False,True,75.0,148.log,two_core_23_pms.csv
23-pms-60s,149,railway-transport-we_old.wcnf,railway_transport_we_old,1,60.0,65.085057,65.052757,,,0,False,False,,149.log,two_core_23_pms.csv
23-pms-60s,150,ramsey-ram_k3_n11.ra0_old.wcnf,ramsey_ram_k3_n11_ra0_old,1,60.0,60.008786,60.004891,0.000559,0.000559,0,False,True,7.0,150.log,two_core_23_pms.csv
23-pms-60s,151,ramsey-ram_k3_n14.ra0_old.wcnf,ramsey_ram_k3_n14_ra0_old,1,60.0,60.0153,60.011538,0.002997,0.002997,0,False,True,21.0,151.log,two_core_23_pms.csv
23-pms-60s,152,ramsey-ram_k3_n15.ra0_old.wcnf,ramsey_ram_k3_n15_ra0_old,1,60.0,60.013852,60.010008,0.001679,0.001679,0,False,True,30.0,152.log,two_core_23_pms.csv
23-pms-60s,153,ramsey-ram_k3_n17.ra0_old.wcnf,ramsey_ram_k3_n17_ra0_old,1,60.0,60.011147,60.007263,0.004158,0.004158,0,False,True,50.0,153.log,two_core_23_pms.csv
23-pms-60s,154,ramsey-ram_k4_n18.ra0_old.wcnf,ramsey_ram_k4_n18_ra0_old,1,60.0,60.007299,60.003636,0.005881,0.005881,0,False,True,9.0,154.log,two_core_23_pms.csv
23-pms-60s,155,ramsey-ram_k4_n20.ra0_old.wcnf,ramsey_ram_k4_n20_ra0_old,1,60.0,60.016506,60.01264,0.011744,0.011744,0,False,True,24.0,155.log,two_core_23_pms.csv
23-pms-60s,156,reversi-rev66-16_old.wcnf,reversi_rev66_16_old,1,60.0,60.02301,60.016729,0.471366,0.471366,0,False,True,29.0,156.log,two_core_23_pms.csv
23-pms-60s,157,reversi-rev66-26_old.wcnf,reversi_rev66_26_old,1,60.0,60.021591,60.016611,0.76111,0.76111,0,False,True,20.0,157.log,two_core_23_pms.csv
23-pms-60s,158,reversi-rev66-28_old.wcnf,reversi_rev66_28_old,1,60.0,60.022378,60.015959,0.824591,0.824591,0,False,True,18.0,158.log,two_core_23_pms.csv
23-pms-60s,159,reversi-rev66-32_old.wcnf,reversi_rev66_32_old,1,60.0,60.023428,60.018182,0.926317,0.926317,0,False,True,24.0,159.log,two_core_23_pms.csv
23-pms-60s,160,scheduling-cnf_10_old.wcnf,scheduling_cnf_10_old,1,60.0,60.107752,60.100298,17.406258,17.406258,0,False,True,124.0,160.log,two_core_23_pms.csv
23-pms-60s,161,scheduling-cnf_12_old.wcnf,scheduling_cnf_12_old,1,60.0,60.110696,60.103384,46.215256,46.215256,0,False,True,126.0,161.log,two_core_23_pms.csv
23-pms-60s,162,scheduling-cnf_small_old.wcnf,scheduling_cnf_small_old,1,60.0,60.012162,60.008263,8.978518,8.978518,0,False,True,54.0,162.log,two_core_23_pms.csv
23-pms-60s,163,SeanSafarpour-rsdecoder1_blackbox_KESblock-problem.dimacs_30.filtered_old.wcnf,seansafarpour_rsdecoder1_blackbox_kesblock_problem_dimacs_30_filtered_old,1,60.0,60.135484,60.129951,24.239421,24.239421,0,False,True,40.0,163.log,two_core_23_pms.csv
23-pms-60s,164,setcover-sts-data.135_old.wcnf,setcover_sts_data_135_old,1,60.0,60.009718,60.006205,7.540639,7.540639,0,False,True,103.0,164.log,two_core_23_pms.csv
23-pms-60s,165,setcover-sts-data.243_old.wcnf,setcover_sts_data_243_old,1,60.0,60.010483,60.007038,0.059205,0.059205,0,False,True,198.0,165.log,two_core_23_pms.csv
23-pms-60s,166,setcover-sts-data.405_old.wcnf,setcover_sts_data_405_old,1,60.0,60.011849,60.008392,34.006238,34.006238,0,False,True,335.0,166.log,two_core_23_pms.csv
23-pms-60s,167,setcover-sts-data.729_old.wcnf,setcover_sts_data_729_old,1,60.0,60.019122,60.013896,2.083812,2.083812,0,False,True,617.0,167.log,two_core_23_pms.csv
23-pms-60s,168,tpr-b18-s_PathRelaxation_Set_FS_8_old.wcnf,tpr_b18_s_pathrelaxation_set_fs_8_old,1,60.0,60.072397,60.06424,7.165222,7.165222,0,False,True,3337.0,168.log,two_core_23_pms.csv
23-pms-60s,169,treewidth-computation-TWComp_1c75_N69_old.wcnf,treewidth_computation_twcomp_1c75_n69_old,1,60.0,60.044429,60.03605,51.105357,51.105357,0,False,True,32.0,169.log,two_core_23_pms.csv
23-pms-60s,170,treewidth-computation-TWComp_1dj7_N73_old.wcnf,treewidth_computation_twcomp_1dj7_n73_old,1,60.0,60.045434,60.036143,47.761754,47.761754,0,False,True,26.0,170.log,two_core_23_pms.csv
23-pms-60s,171,treewidth-computation-TWComp_eil51.tsp_N51_old.wcnf,treewidth_computation_twcomp_eil51_tsp_n51_old,1,60.0,60.024988,60.018866,59.992186,59.992186,0,False,True,9.0,171.log,two_core_23_pms.csv
23-pms-60s,172,treewidth-computation-TWComp_queen7_7_N49_old.wcnf,treewidth_computation_twcomp_queen7_7_n49_old,1,60.0,60.028903,60.023071,34.569857,34.569857,0,False,True,36.0,172.log,two_core_23_pms.csv
23-pms-60s,173,xai-mindset2-bnn-last-layer-f10_old.wcnf,xai_mindset2_bnn_last_layer_f10_old,1,60.0,60.014811,60.009224,24.432842,24.432842,0,False,True,1212.0,173.log,two_core_23_pms.csv
23-pms-60s,174,xai-mindset2-bupa_old.wcnf,xai_mindset2_bupa_old,1,60.0,60.029126,60.02233,31.350587,31.350587,0,False,True,306.0,174.log,two_core_23_pms.csv
23-pms-60s,175,xai-mindset2-cleve_old.wcnf,xai_mindset2_cleve_old,1,60.0,60.025464,60.019889,35.445116,35.445116,0,False,True,246.0,175.log,two_core_23_pms.csv
23-pms-60s,176,xai-mindset2-heart-h_old.wcnf,xai_mindset2_heart_h_old,1,60.0,60.030687,60.024226,3.429765,3.429765,0,False,True,203.0,176.log,two_core_23_pms.csv
23-pms-60s,177,xai-mindset2-postoperative-patient-data_old.wcnf,xai_mindset2_postoperative_patient_data_old,1,60.0,60.008692,60.004089,14.532088,14.532088,0,False,True,85.0,177.log,two_core_23_pms.csv
23-pms-60s,178,xai-mindset2-shuttleM_old.wcnf,xai_mindset2_shuttlem_old,1,60.0,65.212873,65.122957,,,137,False,False,,178.log,two_core_23_pms.csv
23-pms-60s,179,xai-mindset2-soybean_old.wcnf,xai_mindset2_soybean_old,1,60.0,60.030473,60.022221,5.461292,5.461292,0,False,True,1304.0,179.log,two_core_23_pms.csv
24-wpms-60s,1,abstraction-refinement_wt-downcast-antlr_old.wcnf,abstraction_refinement_wt_downcast_antlr_old,1,60.0,62.730412,62.664799,35.666559,35.666559,0,False,True,76306.0,001.log,two_core_24_wpms.csv
24-wpms-60s,2,abstraction-refinement_wt-downcast-avrora_old.wcnf,abstraction_refinement_wt_downcast_avrora_old,1,60.0,60.91955,60.871643,16.101549,16.101549,0,False,True,46694.0,002.log,two_core_24_wpms.csv
24-wpms-60s,3,abstraction-refinement_wt-downcast-hsqldb_old.wcnf,abstraction_refinement_wt_downcast_hsqldb_old,1,60.0,61.828037,61.710571,25.648046,25.648046,0,False,True,30280.0,003.log,two_core_24_wpms.csv
24-wpms-60s,4,abstraction-refinement_wt-downcast-pmd_old.wcnf,abstraction_refinement_wt_downcast_pmd_old,1,60.0,61.908621,61.777448,49.208053,49.208053,0,False,True,4286.0,004.log,two_core_24_wpms.csv
24-wpms-60s,5,abstraction-refinement_wt-downcast-xalan_old.wcnf,abstraction_refinement_wt_downcast_xalan_old,1,60.0,61.057242,61.004037,23.751149,23.751149,0,False,True,65534.0,005.log,two_core_24_wpms.csv
24-wpms-60s,6,abstraction-refinement_wt-polysite-avrora_old.wcnf,abstraction_refinement_wt_polysite_avrora_old,1,60.0,60.910462,60.862735,25.97386,25.97386,0,False,True,51857.0,006.log,two_core_24_wpms.csv
24-wpms-60s,7,abstraction-refinement_wt-polysite-bloat_old.wcnf,abstraction_refinement_wt_polysite_bloat_old,1,60.0,65.397051,65.203804,58.188153,58.188153,0,False,True,175.0,007.log,two_core_24_wpms.csv
24-wpms-60s,8,abstraction-refinement_wt-polysite-hsqldb_old.wcnf,abstraction_refinement_wt_polysite_hsqldb_old,1,60.0,65.624291,65.517318,15.351144,15.351144,0,False,True,177778.0,008.log,two_core_24_wpms.csv
24-wpms-60s,9,abstraction-refinement_wt-polysite-lusearch_old.wcnf,abstraction_refinement_wt_polysite_lusearch_old,1,60.0,62.384025,62.355419,35.329454,35.329454,0,False,True,421547.0,009.log,two_core_24_wpms.csv
24-wpms-60s,10,abstraction-refinement_wt-polysite-pmd_old.wcnf,abstraction_refinement_wt_polysite_pmd_old,1,60.0,65.310307,65.215913,55.493045,55.493045,0,False,True,188481.0,010.log,two_core_24_wpms.csv
24-wpms-60s,11,abstraction-refinement_wt-polysite-xalan_old.wcnf,abstraction_refinement_wt_polysite_xalan_old,1,60.0,65.112338,65.042372,59.648754,59.648754,0,False,True,114718.0,011.log,two_core_24_wpms.csv
24-wpms-60s,12,af-synthesis_wt-af-synthesis_stb_50_100_4_old.wcnf,af_synthesis_wt_af_synthesis_stb_50_100_4_old,1,60.0,60.062982,60.058308,10.13155,10.13155,0,False,True,124.0,012.log,two_core_24_wpms.csv
24-wpms-60s,13,af-synthesis_wt-af-synthesis_stb_50_120_5_old.wcnf,af_synthesis_wt_af_synthesis_stb_50_120_5_old,1,60.0,60.053649,60.048766,25.602949,25.602949,0,False,True,117.0,013.log,two_core_24_wpms.csv
24-wpms-60s,14,af-synthesis_wt-af-synthesis_stb_50_140_0_old.wcnf,af_synthesis_wt_af_synthesis_stb_50_140_0_old,1,60.0,60.049464,60.043969,30.016167,30.016167,0,False,True,121.0,014.log,two_core_24_wpms.csv
24-wpms-60s,15,af-synthesis_wt-af-synthesis_stb_50_140_1_old.wcnf,af_synthesis_wt_af_synthesis_stb_50_140_1_old,1,60.0,60.107308,60.102057,1.663122,1.663122,0,False,True,127.0,015.log,two_core_24_wpms.csv
24-wpms-60s,16,af-synthesis_wt-af-synthesis_stb_50_140_7_old.wcnf,af_synthesis_wt_af_synthesis_stb_50_140_7_old,1,60.0,60.07448,60.069461,2.234618,2.234618,0,False,True,109.0,016.log,two_core_24_wpms.csv
24-wpms-60s,17,af-synthesis_wt-af-synthesis_stb_50_160_1_old.wcnf,af_synthesis_wt_af_synthesis_stb_50_160_1_old,1,60.0,60.070394,60.064788,49.236548,49.236548,0,False,True,111.0,017.log,two_core_24_wpms.csv
24-wpms-60s,18,af-synthesis_wt-af-synthesis_stb_50_160_5_old.wcnf,af_synthesis_wt_af_synthesis_stb_50_160_5_old,1,60.0,60.067962,60.062599,58.712352,58.712352,0,False,True,113.0,018.log,two_core_24_wpms.csv
24-wpms-60s,19,af-synthesis_wt-af-synthesis_stb_50_160_9_old.wcnf,af_synthesis_wt_af_synthesis_stb_50_160_9_old,1,60.0,60.067927,60.062719,12.227553,12.227553,0,False,True,113.0,019.log,two_core_24_wpms.csv
24-wpms-60s,20,af-synthesis_wt-af-synthesis_stb_50_200_0_old.wcnf,af_synthesis_wt_af_synthesis_stb_50_200_0_old,1,60.0,60.063345,60.057814,16.251948,16.251948,0,False,True,127.0,020.log,two_core_24_wpms.csv
24-wpms-60s,21,af-synthesis_wt-af-synthesis_stb_50_200_5_old.wcnf,af_synthesis_wt_af_synthesis_stb_50_200_5_old,1,60.0,60.08488,60.079068,9.783123,9.783123,0,False,True,102.0,021.log,two_core_24_wpms.csv
24-wpms-60s,22,af-synthesis_wt-af-synthesis_stb_50_20_4_old.wcnf,af_synthesis_wt_af_synthesis_stb_50_20_4_old,1,60.0,60.060577,60.05649,0.347316,0.347316,0,False,True,117.0,022.log,two_core_24_wpms.csv
24-wpms-60s,23,af-synthesis_wt-af-synthesis_stb_50_20_8_old.wcnf,af_synthesis_wt_af_synthesis_stb_50_20_8_old,1,60.0,60.057025,60.052975,32.434548,32.434548,0,False,True,123.0,023.log,two_core_24_wpms.csv
24-wpms-60s,24,af-synthesis_wt-af-synthesis_stb_50_40_0_old.wcnf,af_synthesis_wt_af_synthesis_stb_50_40_0_old,1,60.0,60.03,60.025832,29.087356,29.087356,0,False,True,112.0,024.log,two_core_24_wpms.csv
24-wpms-60s,25,af-synthesis_wt-af-synthesis_stb_50_40_6_old.wcnf,af_synthesis_wt_af_synthesis_stb_50_40_6_old,1,60.0,60.060566,60.056453,18.132647,18.132647,0,False,True,117.0,025.log,two_core_24_wpms.csv
24-wpms-60s,26,af-synthesis_wt-af-synthesis_stb_50_40_8_old.wcnf,af_synthesis_wt_af_synthesis_stb_50_40_8_old,1,60.0,60.030352,60.026224,53.026652,53.026652,0,False,True,117.0,026.log,two_core_24_wpms.csv
24-wpms-60s,27,BTBNSL_wt-Rounded_BTWBNSL_alarm_100_1_3.scores_TWBound_3_old.wcnf,btbnsl_wt_rounded_btwbnsl_alarm_100_1_3_scores_twbound_3_old,1,60.0,60.020286,60.015846,37.125049,37.125049,0,False,True,140415479.0,027.log,two_core_24_wpms.csv
24-wpms-60s,28,BTBNSL_wt-Rounded_BTWBNSL_Flag.BIC_TWBound_3_old.wcnf,btbnsl_wt_rounded_btwbnsl_flag_bic_twbound_3_old,1,60.0,60.016706,60.012823,31.519947,31.519947,0,False,True,280751827.0,028.log,two_core_24_wpms.csv
24-wpms-60s,29,BTBNSL_wt-Rounded_BTWBNSL_Flag.BIC_TWBound_4_old.wcnf,btbnsl_wt_rounded_btwbnsl_flag_bic_twbound_4_old,1,60.0,60.014689,60.010645,24.981248,24.981248,0,False,True,280000725.0,029.log,two_core_24_wpms.csv
24-wpms-60s,30,BTBNSL_wt-Rounded_BTWBNSL_hailfinder_10000_1_3.scores_TWBound_3_old.wcnf,btbnsl_wt_rounded_btwbnsl_hailfinder_10000_1_3_scores_twbound_3_old,1,60.0,60.041514,60.035604,42.758155,42.758155,0,False,True,52784164701.0,030.log,two_core_24_wpms.csv
24-wpms-60s,31,BTBNSL_wt-Rounded_BTWBNSL_hailfinder_1000_1_3.scores_TWBound_2_old.wcnf,btbnsl_wt_rounded_btwbnsl_hailfinder_1000_1_3_scores_twbound_2_old,1,60.0,60.02129,60.016558,19.423945,19.423945,0,False,True,5321888414.0,031.log,two_core_24_wpms.csv
24-wpms-60s,32,BTBNSL_wt-Rounded_BTWBNSL_hailfinder_1000_1_3.scores_TWBound_3_old.wcnf,btbnsl_wt_rounded_btwbnsl_hailfinder_1000_1_3_scores_twbound_3_old,1,60.0,60.027873,60.023052,25.343752,25.343752,0,False,True,5331973049.0,032.log,two_core_24_wpms.csv
24-wpms-60s,33,BTBNSL_wt-Rounded_BTWBNSL_hailfinder_1000_1_3.scores_TWBound_4_old.wcnf,btbnsl_wt_rounded_btwbnsl_hailfinder_1000_1_3_scores_twbound_4_old,1,60.0,60.030325,60.025538,34.403649,34.403649,0,False,True,5305728606.0,033.log,two_core_24_wpms.csv
24-wpms-60s,34,BTBNSL_wt-Rounded_BTWBNSL_Hepatitis.BIC_TWBound4_old.wcnf,btbnsl_wt_rounded_btwbnsl_hepatitis_bic_twbound4_old,1,60.0,60.016218,60.012618,42.68725,42.68725,0,False,True,133205593.0,034.log,two_core_24_wpms.csv
24-wpms-60s,35,BTBNSL_wt-Rounded_BTWBNSL_Horse.BIC_TWBound_2_old.wcnf,btbnsl_wt_rounded_btwbnsl_horse_bic_twbound_2_old,1,60.0,60.017064,60.013338,38.307852,38.307852,0,False,True,457315107.0,035.log,two_core_24_wpms.csv
24-wpms-60s,36,BTBNSL_wt-Rounded_BTWBNSL_insurance_1000_1_3.scores_TWBound_3_old.wcnf,btbnsl_wt_rounded_btwbnsl_insurance_1000_1_3_scores_twbound_3_old,1,60.0,60.012125,60.008234,37.621546,37.621546,0,False,True,1437466095.0,036.log,two_core_24_wpms.csv
24-wpms-60s,37,BTBNSL_wt-Rounded_BTWBNSL_insurance_1000_1_3.scores_TWBound_4_old.wcnf,btbnsl_wt_rounded_btwbnsl_insurance_1000_1_3_scores_twbound_4_old,1,60.0,60.011263,60.007486,57.988143,57.988143,0,False,True,1437182235.0,037.log,two_core_24_wpms.csv
24-wpms-60s,38,BTBNSL_wt-Rounded_BTWBNSL_insurance_100_1_3.scores_TWBound_3_old.wcnf,btbnsl_wt_rounded_btwbnsl_insurance_100_1_3_scores_twbound_3_old,1,60.0,60.012784,60.009181,54.590848,54.590848,0,False,True,173866139.0,038.log,two_core_24_wpms.csv
24-wpms-60s,39,BTBNSL_wt-Rounded_BTWBNSL_Water_1000_1_2.scores_TWBound_3_old.wcnf,btbnsl_wt_rounded_btwbnsl_water_1000_1_2_scores_twbound_3_old,1,60.0,60.018827,60.014963,25.142051,25.142051,0,False,True,1329486402.0,039.log,two_core_24_wpms.csv
24-wpms-60s,40,BTBNSL_wt-Rounded_BTWBNSL_Wine_TWBound_3_old.wcnf,btbnsl_wt_rounded_btwbnsl_wine_twbound_3_old,1,60.0,60.00858,60.005185,16.245251,16.245251,0,False,True,130750933.0,040.log,two_core_24_wpms.csv
24-wpms-60s,41,causal-discovery_wt-causal_Bands_6_277_old.wcnf,causal_discovery_wt_causal_bands_6_277_old,1,60.0,60.016149,60.012431,43.916845,43.916845,0,False,True,110811.0,041.log,two_core_24_wpms.csv
24-wpms-60s,42,causal-discovery_wt-causal_hailfinder_7_100_old.wcnf,causal_discovery_wt_causal_hailfinder_7_100_old,1,60.0,60.015292,60.011074,2.386336,2.386336,0,False,True,2036684.0,042.log,two_core_24_wpms.csv
24-wpms-60s,43,causal-discovery_wt-causal_insurance_8_10000_old.wcnf,causal_discovery_wt_causal_insurance_8_10000_old,1,60.0,60.043604,60.038044,1.327596,1.327596,0,False,True,376260033.0,043.log,two_core_24_wpms.csv
24-wpms-60s,44,causal-discovery_wt-causal_Mildew_8_1000_old.wcnf,causal_discovery_wt_causal_mildew_8_1000_old,1,60.0,60.038064,60.032195,0.227434,0.227434,0,False,True,84181407.0,044.log,two_core_24_wpms.csv
24-wpms-60s,45,causal-discovery_wt-causal_n6_i2_N500_uai13_log_int_old.wcnf,causal_discovery_wt_causal_n6_i2_n500_uai13_log_int_old,1,60.0,60.083417,60.073729,11.862247,11.862247,0,False,True,6544689777.0,045.log,two_core_24_wpms.csv
24-wpms-60s,46,causal-discovery_wt-causal_n7_i4_N500_uai14_log_int_old.wcnf,causal_discovery_wt_causal_n7_i4_n500_uai14_log_int_old,1,60.0,60.018111,60.01394,59.42725,59.42725,0,False,True,100599175900.0,046.log,two_core_24_wpms.csv
24-wpms-60s,47,causal-discovery_wt-causal_Water_10_100_old.wcnf,causal_discovery_wt_causal_water_10_100_old,1,60.0,60.328434,60.307765,12.954079,12.954079,0,False,True,1885872.0,047.log,two_core_24_wpms.csv
24-wpms-60s,48,correlation-clustering_wt-Rounded_CorrelationClustering_Ionosphere_BINARY_N280_D0.200_old.wcnf,correlation_clustering_wt_rounded_correlationclustering_ionosphere_binary_n280_d0_200_old,1,60.0,60.043805,60.037081,16.338544,16.338544,0,False,True,7495586.0,048.log,two_core_24_wpms.csv
24-wpms-60s,49,correlation-clustering_wt-Rounded_CorrelationClustering_Ionosphere_BINARY_N300_D0.200_old.wcnf,correlation_clustering_wt_rounded_correlationclustering_ionosphere_binary_n300_d0_200_old,1,60.0,60.03524,60.027797,54.969351,54.969351,0,False,True,8625859.0,049.log,two_core_24_wpms.csv
24-wpms-60s,50,correlation-clustering_wt-Rounded_CorrelationClustering_Protein1_BINARY_N320_old.wcnf,correlation_clustering_wt_rounded_correlationclustering_protein1_binary_n320_old,1,60.0,60.023297,60.018352,35.680847,35.680847,0,False,True,20115310.0,050.log,two_core_24_wpms.csv
24-wpms-60s,51,correlation-clustering_wt-Rounded_CorrelationClustering_Protein1_BINARY_N400_old.wcnf,correlation_clustering_wt_rounded_correlationclustering_protein1_binary_n400_old,1,60.0,60.039864,60.03397,47.843547,47.843547,0,False,True,33853182.0,051.log,two_core_24_wpms.csv
24-wpms-60s,52,correlation-clustering_wt-Rounded_CorrelationClustering_Protein1_TRANSITIVE_N270_old.wcnf,correlation_clustering_wt_rounded_correlationclustering_protein1_transitive_n270_old,1,60.0,60.367203,60.318814,15.844044,15.844044,0,False,True,15716890.0,052.log,two_core_24_wpms.csv
24-wpms-60s,53,correlation-clustering_wt-Rounded_CorrelationClustering_Protein1_UNARY_N250_old.wcnf,correlation_clustering_wt_rounded_correlationclustering_protein1_unary_n250_old,1,60.0,60.337379,60.3011,55.027346,55.027346,0,False,True,16146753.0,053.log,two_core_24_wpms.csv
24-wpms-60s,54,correlation-clustering_wt-Rounded_CorrelationClustering_Protein3_TRANSITIVE_N200_old.wcnf,correlation_clustering_wt_rounded_correlationclustering_protein3_transitive_n200_old,1,60.0,60.15437,60.133314,5.838734,5.838734,0,False,True,12826525.0,054.log,two_core_24_wpms.csv
24-wpms-60s,55,correlation-clustering_wt-Rounded_CorrelationClustering_Protein3_TRANSITIVE_N220_old.wcnf,correlation_clustering_wt_rounded_correlationclustering_protein3_transitive_n220_old,1,60.0,60.20828,60.181855,9.264795,9.264795,0,False,True,13890372.0,055.log,two_core_24_wpms.csv
24-wpms-60s,56,correlation-clustering_wt-Rounded_CorrelationClustering_Protein4_BINARY_N360_old.wcnf,correlation_clustering_wt_rounded_correlationclustering_protein4_binary_n360_old,1,60.0,60.025426,60.020803,17.770247,17.770247,0,False,True,17277256.0,056.log,two_core_24_wpms.csv
24-wpms-60s,57,correlation-clustering_wt-Rounded_CorrelationClustering_Protein4_BINARY_N400_old.wcnf,correlation_clustering_wt_rounded_correlationclustering_protein4_binary_n400_old,1,60.0,60.027288,60.022379,47.883445,47.883445,0,False,True,19050519.0,057.log,two_core_24_wpms.csv
24-wpms-60s,58,correlation-clustering_wt-Rounded_CorrelationClustering_Protein4_TRANSITIVE_N190_old.wcnf,correlation_clustering_wt_rounded_correlationclustering_protein4_transitive_n190_old,1,60.0,60.130108,60.110601,18.199853,18.199853,0,False,True,3553940.0,058.log,two_core_24_wpms.csv
24-wpms-60s,59,correlation-clustering_wt-Rounded_CorrelationClustering_Vowel_BINARY_N700_D0.200_old.wcnf,correlation_clustering_wt_rounded_correlationclustering_vowel_binary_n700_d0_200_old,1,60.0,60.185631,60.169964,1.540717,1.540717,0,False,True,75201247.0,059.log,two_core_24_wpms.csv
24-wpms-60s,60,CSG_wt-CSG140-140-6_old.wcnf,csg_wt_csg140_140_6_old,1,60.0,60.061359,60.050441,34.352447,34.352447,0,False,True,59566.0,060.log,two_core_24_wpms.csv
24-wpms-60s,61,CSG_wt-CSGNaive140-140-6_old.wcnf,csg_wt_csgnaive140_140_6_old,1,60.0,60.067958,60.05693,1.771708,1.771708,0,False,True,58768.0,061.log,two_core_24_wpms.csv
24-wpms-60s,62,decision-tree-australian-credit-un-formula_0.8_2021_atleast_15_max-3_reduced_incomplete_adaboost_2_old.wcnf,decision_tree_australian_credit_un_formula_0_8_2021_atleast_15_max_3_reduced_incomplete_adaboost_2_old,1,60.0,60.027961,60.023442,8.396795,8.396795,0,False,True,180.0,062.log,two_core_24_wpms.csv
24-wpms-60s,63,decision-tree-australian-credit-un-formula_0.8_2021_atleast_15_max-3_reduced_incomplete_adaboost_5_old.wcnf,decision_tree_australian_credit_un_formula_0_8_2021_atleast_15_max_3_reduced_incomplete_adaboost_5_old,1,60.0,60.027982,60.023544,9.004759,9.004759,0,False,True,495.0,063.log,two_core_24_wpms.csv
24-wpms-60s,64,decision-tree-australian-credit-un-formula_0.8_2021_atleast_63_max-5_reduced_incomplete_adaboost_3_old.wcnf,decision_tree_australian_credit_un_formula_0_8_2021_atleast_63_max_5_reduced_incomplete_adaboost_3_old,1,60.0,60.174412,60.158702,5.616517,5.616517,0,False,True,298.0,064.log,two_core_24_wpms.csv
24-wpms-60s,65,decision-tree-australian-credit-un-formula_0.8_2021_atleast_63_max-5_reduced_incomplete_adaboost_5_old.wcnf,decision_tree_australian_credit_un_formula_0_8_2021_atleast_63_max_5_reduced_incomplete_adaboost_5_old,1,60.0,60.181711,60.165768,1.041298,1.041298,0,False,True,484.0,065.log,two_core_24_wpms.csv
24-wpms-60s,66,decision-tree-heart-cleveland-un-formula_0.8_2021_atleast_127_max-6_reduced_incomplete_adaboost_5_old.wcnf,decision_tree_heart_cleveland_un_formula_0_8_2021_atleast_127_max_6_reduced_incomplete_adaboost_5_old,1,60.0,60.450061,60.411586,11.013447,11.013447,0,False,True,174.0,066.log,two_core_24_wpms.csv
24-wpms-60s,67,decision-tree-heart-cleveland-un-formula_0.8_2021_atleast_15_max-3_reduced_incomplete_adaboost_5_old.wcnf,decision_tree_heart_cleveland_un_formula_0_8_2021_atleast_15_max_3_reduced_incomplete_adaboost_5_old,1,60.0,60.015195,60.011021,15.265145,15.265145,0,False,True,203.0,067.log,two_core_24_wpms.csv
24-wpms-60s,68,decision-tree-heart-cleveland-un-formula_0.8_2021_atleast_15_max-3_reduced_incomplete_adaboost_6_old.wcnf,decision_tree_heart_cleveland_un_formula_0_8_2021_atleast_15_max_3_reduced_incomplete_adaboost_6_old,1,60.0,60.025488,60.021416,3.434738,3.434738,0,False,True,243.0,068.log,two_core_24_wpms.csv
24-wpms-60s,69,decision-tree-primary-tumor-un-formula_0.8_2021_atleast_127_max-6_reduced_incomplete_adaboost_4_old.wcnf,decision_tree_primary_tumor_un_formula_0_8_2021_atleast_127_max_6_reduced_incomplete_adaboost_4_old,1,60.0,60.181969,60.165357,1.988775,1.988775,0,False,True,212.0,069.log,two_core_24_wpms.csv
24-wpms-60s,70,decision-tree-primary-tumor-un-formula_0.8_2021_atleast_15_max-3_reduced_incomplete_adaboost_2_old.wcnf,decision_tree_primary_tumor_un_formula_0_8_2021_atleast_15_max_3_reduced_incomplete_adaboost_2_old,1,60.0,60.009202,60.005446,4.638711,4.638711,0,False,True,84.0,070.log,two_core_24_wpms.csv
24-wpms-60s,71,decision-tree-primary-tumor-un-formula_0.8_2021_atleast_31_max-4_reduced_incomplete_adaboost_3_old.wcnf,decision_tree_primary_tumor_un_formula_0_8_2021_atleast_31_max_4_reduced_incomplete_adaboost_3_old,1,60.0,60.016153,60.011769,0.429401,0.429401,0,False,True,148.0,071.log,two_core_24_wpms.csv
24-wpms-60s,72,decision-tree-primary-tumor-un-formula_0.8_2021_atleast_63_max-5_reduced_incomplete_adaboost_4_old.wcnf,decision_tree_primary_tumor_un_formula_0_8_2021_atleast_63_max_5_reduced_incomplete_adaboost_4_old,1,60.0,60.04712,60.040006,0.58134,0.58134,0,False,True,169.0,072.log,two_core_24_wpms.csv
24-wpms-60s,73,decision-tree-primary-tumor-un-formula_0.8_2021_atleast_63_max-5_reduced_incomplete_adaboost_5_old.wcnf,decision_tree_primary_tumor_un_formula_0_8_2021_atleast_63_max_5_reduced_incomplete_adaboost_5_old,1,60.0,60.052427,60.04539,29.754852,29.754852,0,False,True,253.0,073.log,two_core_24_wpms.csv
24-wpms-60s,74,decision-tree-tic-tac-toe-un-formula_0.8_2021_atleast_127_max-6_reduced_incomplete_adaboost_3_old.wcnf,decision_tree_tic_tac_toe_un_formula_0_8_2021_atleast_127_max_6_reduced_incomplete_adaboost_3_old,1,60.0,60.164127,60.147694,3.166664,3.166664,0,False,True,419.0,074.log,two_core_24_wpms.csv
24-wpms-60s,75,decision-tree-tic-tac-toe-un-formula_0.8_2021_atleast_127_max-6_reduced_incomplete_adaboost_5_old.wcnf,decision_tree_tic_tac_toe_un_formula_0_8_2021_atleast_127_max_6_reduced_incomplete_adaboost_5_old,1,60.0,60.276586,60.259974,3.667227,3.667227,0,False,True,653.0,075.log,two_core_24_wpms.csv
24-wpms-60s,76,decision-tree-tic-tac-toe-un-formula_0.8_2021_atleast_31_max-4_reduced_incomplete_adaboost_2_old.wcnf,decision_tree_tic_tac_toe_un_formula_0_8_2021_atleast_31_max_4_reduced_incomplete_adaboost_2_old,1,60.0,60.022581,60.017793,0.281058,0.281058,0,False,True,286.0,076.log,two_core_24_wpms.csv
24-wpms-60s,77,drmx-cryptogen_wt-threshold128_0_old.wcnf,drmx_cryptogen_wt_threshold128_0_old,1,60.0,60.008916,60.005479,20.727952,20.727952,0,False,True,810.0,077.log,two_core_24_wpms.csv
24-wpms-60s,78,drmx-cryptogen_wt-threshold128_1_old.wcnf,drmx_cryptogen_wt_threshold128_1_old,1,60.0,60.007338,60.003953,46.363364,46.363364,0,False,True,804.0,078.log,two_core_24_wpms.csv
24-wpms-60s,79,drmx-cryptogen_wt-threshold128_2_old.wcnf,drmx_cryptogen_wt_threshold128_2_old,1,60.0,60.008598,60.005249,6.76608,6.76608,0,False,True,811.0,079.log,two_core_24_wpms.csv
24-wpms-60s,80,drmx-cryptogen_wt-threshold128_6_old.wcnf,drmx_cryptogen_wt_threshold128_6_old,1,60.0,60.0098,60.006316,23.233585,23.233585,0,False,True,810.0,080.log,two_core_24_wpms.csv
24-wpms-60s,81,drmx-cryptogen_wt-threshold128_8_old.wcnf,drmx_cryptogen_wt_threshold128_8_old,1,60.0,60.007248,60.003756,8.626651,8.626651,0,False,True,810.0,081.log,two_core_24_wpms.csv
24-wpms-60s,82,frb_wt-frb40-19-3_old.wcnf,frb_wt_frb40_19_3_old,1,60.0,60.008492,60.005148,14.487154,14.487154,0,False,True,721.0,082.log,two_core_24_wpms.csv
24-wpms-60s,83,frb_wt-frb40-19-4_old.wcnf,frb_wt_frb40_19_4_old,1,60.0,60.008448,60.005229,0.093219,0.093219,0,False,True,722.0,083.log,two_core_24_wpms.csv
24-wpms-60s,84,haplotyping-pedigrees_wt-ped2.G.recomb10-0.20-12_old.wcnf,haplotyping_pedigrees_wt_ped2_g_recomb10_0_20_12_old,1,60.0,60.400855,60.390565,52.39035,52.39035,0,False,True,81483.0,084.log,two_core_24_wpms.csv
24-wpms-60s,85,haplotyping-pedigrees_wt-ped2.G.recomb10-0.20-13_old.wcnf,haplotyping_pedigrees_wt_ped2_g_recomb10_0_20_13_old,1,60.0,60.446734,60.435311,55.091554,55.091554,0,False,True,81497.0,085.log,two_core_24_wpms.csv
24-wpms-60s,86,judgment-aggregation-ja-kemeny-preflib-00043-00000180_old.wcnf,judgment_aggregation_ja_kemeny_preflib_00043_00000180_old,1,60.0,60.091429,60.078316,18.856048,18.856048,0,False,True,433.0,086.log,two_core_24_wpms.csv
24-wpms-60s,87,judgment-aggregation-ja-kemeny-preflib-00049-00000287_old.wcnf,judgment_aggregation_ja_kemeny_preflib_00049_00000287_old,1,60.0,60.029028,60.02499,16.014458,16.014458,0,False,True,782.0,087.log,two_core_24_wpms.csv
24-wpms-60s,88,judgment-aggregation-ja-kemeny-preflib-00049-00000300_old.wcnf,judgment_aggregation_ja_kemeny_preflib_00049_00000300_old,1,60.0,60.028741,60.023633,10.18725,10.18725,0,False,True,776.0,088.log,two_core_24_wpms.csv
24-wpms-60s,89,judgment-aggregation-ja-kemeny-preflib-00049-00000334_old.wcnf,judgment_aggregation_ja_kemeny_preflib_00049_00000334_old,1,60.0,60.024495,60.020676,10.961154,10.961154,0,False,True,542.0,089.log,two_core_24_wpms.csv
24-wpms-60s,90,judgment-aggregation-ja-kemeny-preflib-00049-00000353_old.wcnf,judgment_aggregation_ja_kemeny_preflib_00049_00000353_old,1,60.0,60.044421,60.040442,8.675254,8.675254,0,False,True,554.0,090.log,two_core_24_wpms.csv
24-wpms-60s,91,judgment-aggregation-ja-kemeny-preflib-00049-00000377_old.wcnf,judgment_aggregation_ja_kemeny_preflib_00049_00000377_old,1,60.0,60.027765,60.023975,9.778756,9.778756,0,False,True,647.0,091.log,two_core_24_wpms.csv
24-wpms-60s,92,judgment-aggregation-ja-kemeny-preflib-00049-00000451_old.wcnf,judgment_aggregation_ja_kemeny_preflib_00049_00000451_old,1,60.0,60.076548,60.066451,21.443054,21.443054,0,False,True,930.0,092.log,two_core_24_wpms.csv
24-wpms-60s,93,judgment-aggregation-ja-kemeny-preflib-00049-00000454_old.wcnf,judgment_aggregation_ja_kemeny_preflib_00049_00000454_old,1,60.0,60.042135,60.038206,10.552049,10.552049,0,False,True,632.0,093.log,two_core_24_wpms.csv
24-wpms-60s,94,judgment-aggregation-ja-kemeny-preflib-00049-00000468_old.wcnf,judgment_aggregation_ja_kemeny_preflib_00049_00000468_old,1,60.0,60.015028,60.01136,1.717538,1.717538,0,False,True,548.0,094.log,two_core_24_wpms.csv
24-wpms-60s,95,judgment-aggregation-ja-kemeny-preflib-00049-00000614_old.wcnf,judgment_aggregation_ja_kemeny_preflib_00049_00000614_old,1,60.0,60.091627,60.087788,12.660547,12.660547,0,False,True,792.0,095.log,two_core_24_wpms.csv
24-wpms-60s,96,judgment-aggregation-ja-kemeny-preflib-00051-00000007_old.wcnf,judgment_aggregation_ja_kemeny_preflib_00051_00000007_old,1,60.0,60.084288,60.074263,22.170845,22.170845,0,False,True,545.0,096.log,two_core_24_wpms.csv
24-wpms-60s,97,judgment-aggregation-ja-kemeny-preflib-00051-00000009_old.wcnf,judgment_aggregation_ja_kemeny_preflib_00051_00000009_old,1,60.0,60.09034,60.080305,47.293552,47.293552,0,False,True,634.0,097.log,two_core_24_wpms.csv
24-wpms-60s,98,judgment-aggregation-ja-kemeny-preflib-00051-00000011_old.wcnf,judgment_aggregation_ja_kemeny_preflib_00051_00000011_old,1,60.0,60.126412,60.116105,53.899453,53.899453,0,False,True,695.0,098.log,two_core_24_wpms.csv
24-wpms-60s,99,lisbon-wedding_wt-lisbon-wedding-10-17_old.wcnf,lisbon_wedding_wt_lisbon_wedding_10_17_old,1,60.0,60.01375,60.009659,49.322346,49.322346,0,False,True,434.0,099.log,two_core_24_wpms.csv
24-wpms-60s,100,lisbon-wedding_wt-lisbon-wedding-10-18_old.wcnf,lisbon_wedding_wt_lisbon_wedding_10_18_old,1,60.0,60.021414,60.017343,7.141867,7.141867,0,False,True,431.0,100.log,two_core_24_wpms.csv
24-wpms-60s,101,lisbon-wedding_wt-lisbon-wedding-1-18_old.wcnf,lisbon_wedding_wt_lisbon_wedding_1_18_old,1,60.0,60.019276,60.014686,0.174309,0.174309,0,False,True,1215.0,101.log,two_core_24_wpms.csv
24-wpms-60s,102,lisbon-wedding_wt-lisbon-wedding-1-19_old.wcnf,lisbon_wedding_wt_lisbon_wedding_1_19_old,1,60.0,60.027154,60.022801,,,0,False,False,,102.log,two_core_24_wpms.csv
24-wpms-60s,103,lisbon-wedding_wt-lisbon-wedding-3-18_old.wcnf,lisbon_wedding_wt_lisbon_wedding_3_18_old,1,60.0,60.026894,60.02262,,,0,False,False,,103.log,two_core_24_wpms.csv
24-wpms-60s,104,lisbon-wedding_wt-lisbon-wedding-4-17_old.wcnf,lisbon_wedding_wt_lisbon_wedding_4_17_old,1,60.0,60.026563,60.022014,2.895186,2.895186,0,False,True,1457.0,104.log,two_core_24_wpms.csv
24-wpms-60s,105,lisbon-wedding_wt-lisbon-wedding-5-19_old.wcnf,lisbon_wedding_wt_lisbon_wedding_5_19_old,1,60.0,60.020057,60.01533,14.836753,14.836753,0,False,True,1172.0,105.log,two_core_24_wpms.csv
24-wpms-60s,106,lisbon-wedding_wt-lisbon-wedding-6-19_old.wcnf,lisbon_wedding_wt_lisbon_wedding_6_19_old,1,60.0,60.022525,60.017909,24.594643,24.594643,0,False,True,1130.0,106.log,two_core_24_wpms.csv
24-wpms-60s,107,lisbon-wedding_wt-lisbon-wedding-7-18_old.wcnf,lisbon_wedding_wt_lisbon_wedding_7_18_old,1,60.0,60.023076,60.018528,14.994655,14.994655,0,False,True,519.0,107.log,two_core_24_wpms.csv
24-wpms-60s,108,lisbon-wedding_wt-lisbon-wedding-7-19_old.wcnf,lisbon_wedding_wt_lisbon_wedding_7_19_old,1,60.0,60.02345,60.01903,13.009646,13.009646,0,False,True,476.0,108.log,two_core_24_wpms.csv
24-wpms-60s,109,lisbon-wedding_wt-lisbon-wedding-8-17_old.wcnf,lisbon_wedding_wt_lisbon_wedding_8_17_old,1,60.0,60.021076,60.016536,6.421018,6.421018,0,False,True,442.0,109.log,two_core_24_wpms.csv
24-wpms-60s,110,lisbon-wedding_wt-lisbon-wedding-9-17_old.wcnf,lisbon_wedding_wt_lisbon_wedding_9_17_old,1,60.0,60.025901,60.020623,58.518855,58.518855,0,False,True,464.0,110.log,two_core_24_wpms.csv
24-wpms-60s,111,lisbon-wedding_wt-lisbon-wedding-9-18_old.wcnf,lisbon_wedding_wt_lisbon_wedding_9_18_old,1,60.0,60.019316,60.014144,46.837353,46.837353,0,False,True,447.0,111.log,two_core_24_wpms.csv
24-wpms-60s,112,max-realizability_wt-power-distribution_10_7_old.wcnf,max_realizability_wt_power_distribution_10_7_old,1,60.0,60.028276,60.023488,0.939663,0.939663,0,False,True,60.0,112.log,two_core_24_wpms.csv
24-wpms-60s,113,max-realizability_wt-power-distribution_11_6_old.wcnf,max_realizability_wt_power_distribution_11_6_old,1,60.0,60.029662,60.024375,0.641552,0.641552,0,False,True,126.0,113.log,two_core_24_wpms.csv
24-wpms-60s,114,max-realizability_wt-power-distribution_11_7_old.wcnf,max_realizability_wt_power_distribution_11_7_old,1,60.0,60.039162,60.033461,0.919723,0.919723,0,False,True,126.0,114.log,two_core_24_wpms.csv
24-wpms-60s,115,max-realizability_wt-power-distribution_12_7_old.wcnf,max_realizability_wt_power_distribution_12_7_old,1,60.0,60.040832,60.033578,10.175748,10.175748,0,False,True,216.0,115.log,two_core_24_wpms.csv
24-wpms-60s,116,MaxSATQueriesinInterpretableClassifiers_wt-compas_train_2_CNF_3_15_old.wcnf,maxsatqueriesininterpretableclassifiers_wt_compas_train_2_cnf_3_15_old,1,60.0,60.019999,60.016169,35.088652,35.088652,0,False,True,31574.0,116.log,two_core_24_wpms.csv
24-wpms-60s,117,MaxSATQueriesinInterpretableClassifiers_wt-heart_train_1_CNF_3_5_old.wcnf,maxsatqueriesininterpretableclassifiers_wt_heart_train_1_cnf_3_5_old,1,60.0,60.005072,60.001745,0.225099,0.225099,0,False,True,171.0,117.log,two_core_24_wpms.csv
24-wpms-60s,118,MaxSATQueriesinInterpretableClassifiers_wt-twitter_train_5_CNF_4_10_old.wcnf,maxsatqueriesininterpretableclassifiers_wt_twitter_train_5_cnf_4_10_old,1,60.0,60.370987,60.32044,8.649031,8.649031,0,False,True,17984.0,118.log,two_core_24_wpms.csv
24-wpms-60s,119,metro_wt-metro_8_8_5_20_10_6_500_1_3.lp.sm-extracted_old.wcnf,metro_wt_metro_8_8_5_20_10_6_500_1_3_lp_sm_extracted_old,1,60.0,60.014793,60.010433,10.068849,10.068849,0,False,True,215.0,119.log,two_core_24_wpms.csv
24-wpms-60s,120,MinimumWeightDominatingSetProblem_wt-bn-human-BNU_1_0025865_session_1-bg_old.wcnf,minimumweightdominatingsetproblem_wt_bn_human_bnu_1_0025865_session_1_bg_old,1,60.0,65.288748,65.264791,4.01786,4.01786,0,False,True,140539244.0,120.log,two_core_24_wpms.csv
24-wpms-60s,121,MinimumWeightDominatingSetProblem_wt-channel-500x100x100-b050_old.wcnf,minimumweightdominatingsetproblem_wt_channel_500x100x100_b050_old,1,60.0,65.335376,65.291773,26.15565,26.15565,0,False,True,33348213.0,121.log,two_core_24_wpms.csv
24-wpms-60s,122,MinimumWeightDominatingSetProblem_wt-delaunay_n24_old.wcnf,minimumweightdominatingsetproblem_wt_delaunay_n24_old,1,60.0,65.352227,65.252913,59.228447,59.228447,0,False,True,276432528.0,122.log,two_core_24_wpms.csv
24-wpms-60s,123,MinimumWeightDominatingSetProblem_wt-hugebubbles-00020_old.wcnf,minimumweightdominatingsetproblem_wt_hugebubbles_00020_old,1,60.0,65.742064,65.636653,64.037649,60.0,0,False,True,588544429.0,123.log,two_core_24_wpms.csv
24-wpms-60s,124,MinimumWeightDominatingSetProblem_wt-inf-road-usa_old.wcnf,minimumweightdominatingsetproblem_wt_inf_road_usa_old,1,60.0,66.545937,66.416238,19.69365,19.69365,0,False,True,2406704625.0,124.log,two_core_24_wpms.csv
24-wpms-60s,125,MinimumWeightDominatingSetProblem_wt-rgg_n_2_24_s0_old.wcnf,minimumweightdominatingsetproblem_wt_rgg_n_2_24_s0_old,1,60.0,66.422747,66.291567,22.279767,22.279767,0,False,True,1686108752.0,125.log,two_core_24_wpms.csv
24-wpms-60s,126,MinimumWeightDominatingSetProblem_wt-sc-rel9_old.wcnf,minimumweightdominatingsetproblem_wt_sc_rel9_old,1,60.0,65.505644,65.462063,45.834355,45.834355,0,False,True,14350185.0,126.log,two_core_24_wpms.csv
24-wpms-60s,127,MinimumWeightDominatingSetProblem_wt-socfb-uci-uni_old.wcnf,minimumweightdominatingsetproblem_wt_socfb_uci_uni_old,1,60.0,74.386497,74.18148,,,137,False,False,,127.log,two_core_24_wpms.csv
24-wpms-60s,128,MinimumWeightDominatingSetProblem_wt-soc-livejournal-user-groups_old.wcnf,minimumweightdominatingsetproblem_wt_soc_livejournal_user_groups_old,1,60.0,66.315905,66.220682,17.594609,17.594609,0,False,True,752647274.0,128.log,two_core_24_wpms.csv
24-wpms-60s,129,MinimumWeightDominatingSetProblem_wt-web-wikipedia2009_old.wcnf,minimumweightdominatingsetproblem_wt_web_wikipedia2009_old,1,60.0,61.924557,61.904107,31.583148,31.583148,0,False,True,27076806.0,129.log,two_core_24_wpms.csv
24-wpms-60s,130,mpe_wt-random-net-20-5_network-3.net_old.wcnf,mpe_wt_random_net_20_5_network_3_net_old,1,60.0,60.014473,60.011067,0.008768,0.008768,0,False,True,19569.0,130.log,two_core_24_wpms.csv
24-wpms-60s,131,mpe_wt-random-net-30-5_network-4.net_old.wcnf,mpe_wt_random_net_30_5_network_4_net_old,1,60.0,60.014553,60.011121,0.183852,0.183852,0,False,True,28151.0,131.log,two_core_24_wpms.csv
24-wpms-60s,132,mpe_wt-random-net-60-3_network-7.net_old.wcnf,mpe_wt_random_net_60_3_network_7_net_old,1,60.0,60.013975,60.010707,21.898145,21.898145,0,False,True,51797.0,132.log,two_core_24_wpms.csv
24-wpms-60s,133,ParametricRBACMaintenance_mse20_wt-role_domino_multiple_0.1_1_old.wcnf,parametricrbacmaintenance_mse20_wt_role_domino_multiple_0_1_1_old,1,60.0,60.204715,60.190661,27.239244,27.239244,0,False,True,39496.0,133.log,two_core_24_wpms.csv
24-wpms-60s,134,ParametricRBACMaintenance_mse20_wt-role_domino_multiple_0.3_1_old.wcnf,parametricrbacmaintenance_mse20_wt_role_domino_multiple_0_3_1_old,1,60.0,60.213016,60.198577,58.993445,58.993445,0,False,True,96181.0,134.log,two_core_24_wpms.csv
24-wpms-60s,135,ParametricRBACMaintenance_mse20_wt-role_domino_multiple_0.3_9_old.wcnf,parametricrbacmaintenance_mse20_wt_role_domino_multiple_0_3_9_old,1,60.0,60.200664,60.186114,19.32675,19.32675,0,False,True,92681.0,135.log,two_core_24_wpms.csv
24-wpms-60s,136,ParametricRBACMaintenance_mse20_wt-role_domino_multiple_0.4_0_old.wcnf,parametricrbacmaintenance_mse20_wt_role_domino_multiple_0_4_0_old,1,60.0,60.174148,60.160149,39.360846,39.360846,0,False,True,125512.0,136.log,two_core_24_wpms.csv
24-wpms-60s,137,ParametricRBACMaintenance_mse20_wt-role_domino_multiple_0.4_1_old.wcnf,parametricrbacmaintenance_mse20_wt_role_domino_multiple_0_4_1_old,1,60.0,60.188514,60.174555,38.877245,38.877245,0,False,True,125037.0,137.log,two_core_24_wpms.csv
24-wpms-60s,138,ParametricRBACMaintenance_mse20_wt-role_domino_multiple_0.5_6_old.wcnf,parametricrbacmaintenance_mse20_wt_role_domino_multiple_0_5_6_old,1,60.0,60.150429,60.134293,11.220652,11.220652,0,False,True,136639.0,138.log,two_core_24_wpms.csv
24-wpms-60s,139,ParametricRBACMaintenance_mse20_wt-role_domino_multiple_0.5_7_old.wcnf,parametricrbacmaintenance_mse20_wt_role_domino_multiple_0_5_7_old,1,60.0,60.093289,60.078718,10.565957,10.565957,0,False,True,136820.0,139.log,two_core_24_wpms.csv
24-wpms-60s,140,ParametricRBACMaintenance_mse20_wt-role_domino_multiple_0.7_0_old.wcnf,parametricrbacmaintenance_mse20_wt_role_domino_multiple_0_7_0_old,1,60.0,60.17801,60.163639,12.778245,12.778245,0,False,True,174208.0,140.log,two_core_24_wpms.csv
24-wpms-60s,141,ParametricRBACMaintenance_mse20_wt-role_domino_multiple_0.7_7_old.wcnf,parametricrbacmaintenance_mse20_wt_role_domino_multiple_0_7_7_old,1,60.0,60.089879,60.073478,11.221344,11.221344,0,False,True,165399.0,141.log,two_core_24_wpms.csv
24-wpms-60s,142,ParametricRBACMaintenance_mse20_wt-role_smallcomp_multiple_0.1_9_old.wcnf,parametricrbacmaintenance_mse20_wt_role_smallcomp_multiple_0_1_9_old,1,60.0,60.006967,60.003547,11.08795,11.08795,0,False,True,107667.0,142.log,two_core_24_wpms.csv
24-wpms-60s,143,ParametricRBACMaintenance_mse20_wt-role_smallcomp_multiple_0.4_2_old.wcnf,parametricrbacmaintenance_mse20_wt_role_smallcomp_multiple_0_4_2_old,1,60.0,60.007526,60.004206,4.581445,4.581445,0,False,True,193813.0,143.log,two_core_24_wpms.csv
24-wpms-60s,144,ParametricRBACMaintenance_mse20_wt-role_smallcomp_multiple_0.5_2_old.wcnf,parametricrbacmaintenance_mse20_wt_role_smallcomp_multiple_0_5_2_old,1,60.0,60.007814,60.004487,6.562696,6.562696,0,False,True,224561.0,144.log,two_core_24_wpms.csv
24-wpms-60s,145,ParametricRBACMaintenance_mse20_wt-role_smallcomp_multiple_0.8_0_old.wcnf,parametricrbacmaintenance_mse20_wt_role_smallcomp_multiple_0_8_0_old,1,60.0,60.008417,60.005026,46.315346,46.315346,0,False,True,313480.0,145.log,two_core_24_wpms.csv
24-wpms-60s,146,ParametricRBACMaintenance_mse20_wt-role_smallcomp_multiple_0.8_2_old.wcnf,parametricrbacmaintenance_mse20_wt_role_smallcomp_multiple_0_8_2_old,1,60.0,60.007148,60.003857,34.026645,34.026645,0,False,True,297467.0,146.log,two_core_24_wpms.csv
24-wpms-60s,147,ParametricRBACMaintenance_mse20_wt-role_smallcomp_multiple_0.8_6_old.wcnf,parametricrbacmaintenance_mse20_wt_role_smallcomp_multiple_0_8_6_old,1,60.0,60.007094,60.003732,54.453146,54.453146,0,False,True,267463.0,147.log,two_core_24_wpms.csv
24-wpms-60s,148,planning-bnn-inventory_4_7_old.wcnf,planning_bnn_inventory_4_7_old,1,60.0,60.45568,60.421501,10.811132,10.811132,0,False,True,15.0,148.log,two_core_24_wpms.csv
24-wpms-60s,149,planning-bnn-inventory_4_8_old.wcnf,planning_bnn_inventory_4_8_old,1,60.0,60.800446,60.759335,8.958723,8.958723,0,False,True,22.0,149.log,two_core_24_wpms.csv
24-wpms-60s,150,preference_planning_wt-WCNF_pathways_p16_old.wcnf,preference_planning_wt_wcnf_pathways_p16_old,1,60.0,60.017834,60.013665,0.071503,0.071503,0,False,True,257.0,150.log,two_core_24_wpms.csv
24-wpms-60s,151,protein_ins_wt-1bpi_.2knt_.g.wcnf.t_old.wcnf,protein_ins_wt_1bpi_2knt_g_wcnf_t_old,1,60.0,60.099789,60.088165,5.99927,5.99927,0,False,True,2407.0,151.log,two_core_24_wpms.csv
24-wpms-60s,152,protein_ins_wt-1knt_.1bpi_.g.wcnf.t_old.wcnf,protein_ins_wt_1knt_1bpi_g_wcnf_t_old,1,60.0,60.105856,60.098373,10.967306,10.967306,0,False,True,2464.0,152.log,two_core_24_wpms.csv
24-wpms-60s,153,protein_ins_wt-1knt_.5pti_.g.wcnf.t_old.wcnf,protein_ins_wt_1knt_5pti_g_wcnf_t_old,1,60.0,60.093358,60.08291,4.911836,4.911836,0,False,True,2208.0,153.log,two_core_24_wpms.csv
24-wpms-60s,154,protein_ins_wt-2knt_.5pti_.g.wcnf.t_old.wcnf,protein_ins_wt_2knt_5pti_g_wcnf_t_old,1,60.0,60.070897,60.059014,0.787211,0.787211,0,False,True,2156.0,154.log,two_core_24_wpms.csv
24-wpms-60s,155,protein_ins_wt-3ebx_.1era_.g.wcnf.t_old.wcnf,protein_ins_wt_3ebx_1era_g_wcnf_t_old,1,60.0,60.110644,60.102947,6.468724,6.468724,0,False,True,2517.0,155.log,two_core_24_wpms.csv
24-wpms-60s,156,protein_ins_wt-6ebx_.1era_.g.wcnf.t_old.wcnf,protein_ins_wt_6ebx_1era_g_wcnf_t_old,1,60.0,60.053597,60.045179,1.66267,1.66267,0,False,True,1646.0,156.log,two_core_24_wpms.csv
24-wpms-60s,157,protein_ins_wt-p1.wcnf.t_old.wcnf,protein_ins_wt_p1_wcnf_t_old,1,60.0,60.111184,60.099545,6.387005,6.387005,0,False,True,2407.0,157.log,two_core_24_wpms.csv
24-wpms-60s,158,protein_ins_wt-sandiaprotein.g.wcnf.t_old.wcnf,protein_ins_wt_sandiaprotein_g_wcnf_t_old,1,60.0,60.077679,60.072106,4.704774,4.704774,0,False,True,2248.0,158.log,two_core_24_wpms.csv
24-wpms-60s,159,pseudoBoolean_wt-normalized-mps-v2-20-10-mod010.opb.msat_old.wcnf,pseudoboolean_wt_normalized_mps_v2_20_10_mod010_opb_msat_old,1,60.0,60.016575,60.011405,,,0,False,False,,159.log,two_core_24_wpms.csv
24-wpms-60s,160,quantum-circuit-grover-noancilla_4_52_ibmq-casablanca_7_old.wcnf,quantum_circuit_grover_noancilla_4_52_ibmq_casablanca_7_old,1,60.0,60.019791,60.014666,0.288791,0.288791,0,False,True,345.0,160.log,two_core_24_wpms.csv
24-wpms-60s,161,quantum-circuit-qgan_6_15_ibmq-casablanca_7_old.wcnf,quantum_circuit_qgan_6_15_ibmq_casablanca_7_old,1,60.0,60.014687,60.010836,0.099528,0.099528,0,False,True,87.0,161.log,two_core_24_wpms.csv
24-wpms-60s,162,railway-transport_wt-bf2030fvcons_old.wcnf,railway_transport_wt_bf2030fvcons_old,1,60.0,60.044496,60.035786,2.010842,2.010842,0,False,True,3697.0,162.log,two_core_24_wpms.csv
24-wpms-60s,163,railway-transport_wt-bf2030fvslack_old.wcnf,railway_transport_wt_bf2030fvslack_old,1,60.0,60.707661,60.627147,42.85295,42.85295,0,False,True,264711.0,163.log,two_core_24_wpms.csv
24-wpms-60s,164,railway-transport_wt-f2030_old.wcnf,railway_transport_wt_f2030_old,1,60.0,60.134751,60.119144,18.207547,18.207547,0,False,True,4863.0,164.log,two_core_24_wpms.csv
24-wpms-60s,165,railway-transport_wt-r11_old.wcnf,railway_transport_wt_r11_old,1,60.0,60.996308,60.907766,35.404244,35.404244,0,False,True,54951510.0,165.log,two_core_24_wpms.csv
24-wpms-60s,166,railway-transport_wt-wg2_old.wcnf,railway_transport_wt_wg2_old,1,60.0,60.152275,60.134812,15.577352,15.577352,0,False,True,168.0,166.log,two_core_24_wpms.csv
24-wpms-60s,167,ramsey_wt-ram_k3_n11.ra1_old.wcnf,ramsey_wt_ram_k3_n11_ra1_old,1,60.0,60.0044,60.000925,0.242778,0.242778,0,False,True,318.0,167.log,two_core_24_wpms.csv
24-wpms-60s,168,ramsey_wt-ram_k3_n12.ra1_old.wcnf,ramsey_wt_ram_k3_n12_ra1_old,1,60.0,60.01399,60.010848,0.040558,0.040558,0,False,True,524.0,168.log,two_core_24_wpms.csv
24-wpms-60s,169,ramsey_wt-ram_k3_n17.ra1_old.wcnf,ramsey_wt_ram_k3_n17_ra1_old,1,60.0,60.014692,60.011504,1.161098,1.161098,0,False,True,10372.0,169.log,two_core_24_wpms.csv
24-wpms-60s,170,ramsey_wt-ram_k3_n18.ra1_old.wcnf,ramsey_wt_ram_k3_n18_ra1_old,1,60.0,60.005071,60.001796,0.577293,0.577293,0,False,True,15621.0,170.log,two_core_24_wpms.csv
24-wpms-60s,171,relational-inference_wt-ar-2_old.wcnf,relational_inference_wt_ar_2_old,1,60.0,60.137538,60.118764,37.415143,37.415143,0,False,True,394787.0,171.log,two_core_24_wpms.csv
24-wpms-60s,172,relational-inference_wt-pa-1_old.wcnf,relational_inference_wt_pa_1_old,1,60.0,60.235732,60.228398,4.394314,4.394314,0,False,True,8282.0,172.log,two_core_24_wpms.csv
24-wpms-60s,173,relational-inference_wt-pa-2_old.wcnf,relational_inference_wt_pa_2_old,1,60.0,62.388998,62.367313,27.562151,27.562151,0,False,True,3093.0,173.log,two_core_24_wpms.csv
24-wpms-60s,174,relational-inference_wt-pa-3_old.wcnf,relational_inference_wt_pa_3_old,1,60.0,65.700926,65.677117,6.461303,6.461303,0,False,True,446468655.0,174.log,two_core_24_wpms.csv
24-wpms-60s,175,setcover_wt-rail2536_old.wcnf,setcover_wt_rail2536_old,1,60.0,66.535983,66.527324,0.701715,0.701715,0,False,True,2147034.0,175.log,two_core_24_wpms.csv
24-wpms-60s,176,setcover_wt-rail4284_old.wcnf,setcover_wt_rail4284_old,1,60.0,66.563157,66.554391,0.71717,0.71717,0,False,True,2119198.0,176.log,two_core_24_wpms.csv
24-wpms-60s,177,setcover_wt-rail4872_old.wcnf,setcover_wt_rail4872_old,1,60.0,66.79119,66.783291,0.571922,0.571922,0,False,True,1873139.0,177.log,two_core_24_wpms.csv
24-wpms-60s,178,setcover_wt-rail507_old.wcnf,setcover_wt_rail507_old,1,60.0,60.277303,60.271602,28.265549,28.265549,0,False,True,220.0,178.log,two_core_24_wpms.csv
24-wpms-60s,179,setcover_wt-rail516_old.wcnf,setcover_wt_rail516_old,1,60.0,60.135983,60.132367,49.763844,49.763844,0,False,True,187.0,179.log,two_core_24_wpms.csv
24-wpms-60s,180,setcover_wt-rail582_old.wcnf,setcover_wt_rail582_old,1,60.0,60.218046,60.214168,42.443846,42.443846,0,False,True,225.0,180.log,two_core_24_wpms.csv
24-wpms-60s,181,spot5_wt-1405.wcsp.dir_old.wcnf,spot5_wt_1405_wcsp_dir_old,1,60.0,60.014133,60.010689,37.229045,37.229045,0,False,True,459419.0,181.log,two_core_24_wpms.csv
24-wpms-60s,182,spot5_wt-1405.wcsp.log_old.wcnf,spot5_wt_1405_wcsp_log_old,1,60.0,60.015933,60.012519,1.381414,1.381414,0,False,True,459424.0,182.log,two_core_24_wpms.csv
24-wpms-60s,183,spot5_wt-1407.wcsp.log_old.wcnf,spot5_wt_1407_wcsp_log_old,1,60.0,60.008571,60.005313,13.710352,13.710352,0,False,True,459579.0,183.log,two_core_24_wpms.csv
24-wpms-60s,184,switchingactivitymaximization-SwitchingActivityMaximization_OpenRISC1200_100_old.wcnf,switchingactivitymaximization_switchingactivitymaximization_openrisc1200_100_old,1,60.0,60.107021,60.093761,0.775063,0.775063,0,False,True,392.0,184.log,two_core_24_wpms.csv
24-wpms-60s,185,switchingactivitymaximization-SwitchingActivityMaximization_OpenRISC1200_150_old.wcnf,switchingactivitymaximization_switchingactivitymaximization_openrisc1200_150_old,1,60.0,60.10987,60.096309,0.780774,0.780774,0,False,True,528.0,185.log,two_core_24_wpms.csv
24-wpms-60s,186,switchingactivitymaximization-SwitchingActivityMaximization_OpenRISC1200_200_old.wcnf,switchingactivitymaximization_switchingactivitymaximization_openrisc1200_200_old,1,60.0,60.113917,60.100447,0.77598,0.77598,0,False,True,602.0,186.log,two_core_24_wpms.csv
24-wpms-60s,187,switchingactivitymaximization-SwitchingActivityMaximization_OpenRISC1200_66_old.wcnf,switchingactivitymaximization_switchingactivitymaximization_openrisc1200_66_old,1,60.0,60.113463,60.099984,0.775431,0.775431,0,False,True,228.0,187.log,two_core_24_wpms.csv
24-wpms-60s,188,switchingactivitymaximization-SwitchingActivityMaximization_OpenRISC1200_68_old.wcnf,switchingactivitymaximization_switchingactivitymaximization_openrisc1200_68_old,1,60.0,60.11136,60.097376,0.774899,0.774899,0,False,True,193.0,188.log,two_core_24_wpms.csv
24-wpms-60s,189,switchingactivitymaximization-SwitchingActivityMaximization_OpenRISC1200_70_old.wcnf,switchingactivitymaximization_switchingactivitymaximization_openrisc1200_70_old,1,60.0,60.122949,60.109377,0.779646,0.779646,0,False,True,240.0,189.log,two_core_24_wpms.csv
24-wpms-60s,190,switchingactivitymaximization-SwitchingActivityMaximization_OpenRISC1200_74_old.wcnf,switchingactivitymaximization_switchingactivitymaximization_openrisc1200_74_old,1,60.0,60.11115,60.097693,0.783794,0.783794,0,False,True,277.0,190.log,two_core_24_wpms.csv
24-wpms-60s,191,switchingactivitymaximization-SwitchingActivityMaximization_OpenRISC1200_76_old.wcnf,switchingactivitymaximization_switchingactivitymaximization_openrisc1200_76_old,1,60.0,60.113551,60.099899,0.780207,0.780207,0,False,True,231.0,191.log,two_core_24_wpms.csv
24-wpms-60s,192,switchingactivitymaximization-SwitchingActivityMaximization_OpenRISC1200_80_old.wcnf,switchingactivitymaximization_switchingactivitymaximization_openrisc1200_80_old,1,60.0,60.106682,60.093013,0.777704,0.777704,0,False,True,306.0,192.log,two_core_24_wpms.csv
24-wpms-60s,193,synplicate_new-synplicate_complete_tree_arity2_feature_4_size_10_ms_0_25_0_erm_old.wcnf,synplicate_new_synplicate_complete_tree_arity2_feature_4_size_10_ms_0_25_0_erm_old,1,60.0,60.012993,60.009332,46.24885,46.24885,0,False,True,617.0,193.log,two_core_24_wpms.csv
24-wpms-60s,194,synplicate_new-synplicate_complete_tree_arity2_feature_4_size_11_ms_0_25_0_erm_old.wcnf,synplicate_new_synplicate_complete_tree_arity2_feature_4_size_11_ms_0_25_0_erm_old,1,60.0,60.0169,60.013142,38.012144,38.012144,0,False,True,607.0,194.log,two_core_24_wpms.csv
24-wpms-60s,195,synplicate_new-synplicate_complete_tree_arity2_feature_4_size_6_ms_0_25_0_erm_old.wcnf,synplicate_new_synplicate_complete_tree_arity2_feature_4_size_6_ms_0_25_0_erm_old,1,60.0,60.008478,60.004973,58.420753,58.420753,0,False,True,454.0,195.log,two_core_24_wpms.csv
24-wpms-60s,196,synplicate_new-synplicate_complete_tree_arity2_feature_4_size_8_ms_0_25_0_erm_old.wcnf,synplicate_new_synplicate_complete_tree_arity2_feature_4_size_8_ms_0_25_0_erm_old,1,60.0,60.015165,60.011599,29.635146,29.635146,0,False,True,559.0,196.log,two_core_24_wpms.csv
24-wpms-60s,197,synplicate_new-synplicate_complete_tree_arity2_feature_4_size_9_ms_0_25_0_erm_old.wcnf,synplicate_new_synplicate_complete_tree_arity2_feature_4_size_9_ms_0_25_0_erm_old,1,60.0,60.008717,60.005055,1.484809,1.484809,0,False,True,529.0,197.log,two_core_24_wpms.csv
24-wpms-60s,198,synplicate_new-synplicate_complete_tree_arity3_feature_3_size_10_ms_0_25_0_erm_old.wcnf,synplicate_new_synplicate_complete_tree_arity3_feature_3_size_10_ms_0_25_0_erm_old,1,60.0,60.022099,60.017963,27.191646,27.191646,0,False,True,504.0,198.log,two_core_24_wpms.csv
24-wpms-60s,199,synplicate_new-synplicate_complete_tree_arity3_feature_3_size_11_ms_0_25_0_erm_old.wcnf,synplicate_new_synplicate_complete_tree_arity3_feature_3_size_11_ms_0_25_0_erm_old,1,60.0,60.018134,60.013978,9.362515,9.362515,0,False,True,609.0,199.log,two_core_24_wpms.csv
24-wpms-60s,200,synplicate_new-synplicate_complete_tree_arity3_feature_3_size_5_ms_0_25_0_erm_old.wcnf,synplicate_new_synplicate_complete_tree_arity3_feature_3_size_5_ms_0_25_0_erm_old,1,60.0,60.011704,60.008049,57.815649,57.815649,0,False,True,456.0,200.log,two_core_24_wpms.csv
24-wpms-60s,201,synplicate_new-synplicate_complete_tree_arity3_feature_3_size_8_ms_0_25_0_erm_old.wcnf,synplicate_new_synplicate_complete_tree_arity3_feature_3_size_8_ms_0_25_0_erm_old,1,60.0,60.015255,60.011349,58.357746,58.357746,0,False,True,534.0,201.log,two_core_24_wpms.csv
24-wpms-60s,202,synplicate_new-synplicate_complete_tree_arity3_feature_4_size_10_ms_0_25_0_erm_old.wcnf,synplicate_new_synplicate_complete_tree_arity3_feature_4_size_10_ms_0_25_0_erm_old,1,60.0,60.048966,60.039782,5.674785,5.674785,0,False,True,822.0,202.log,two_core_24_wpms.csv
24-wpms-60s,203,synplicate_new-synplicate_complete_tree_arity3_feature_4_size_12_ms_0_25_0_erm_old.wcnf,synplicate_new_synplicate_complete_tree_arity3_feature_4_size_12_ms_0_25_0_erm_old,1,60.0,60.068062,60.057766,0.477188,0.477188,0,False,True,964.0,203.log,two_core_24_wpms.csv
24-wpms-60s,204,synplicate_new-synplicate_complete_tree_arity3_feature_4_size_5_ms_0_25_0_erm_old.wcnf,synplicate_new_synplicate_complete_tree_arity3_feature_4_size_5_ms_0_25_0_erm_old,1,60.0,60.029338,60.023445,18.206353,18.206353,0,False,True,608.0,204.log,two_core_24_wpms.csv
24-wpms-60s,205,synplicate_new-synplicate_complete_tree_arity3_feature_4_size_6_ms_0_25_0_erm_old.wcnf,synplicate_new_synplicate_complete_tree_arity3_feature_4_size_6_ms_0_25_0_erm_old,1,60.0,60.031924,60.02571,55.518245,55.518245,0,False,True,647.0,205.log,two_core_24_wpms.csv
24-wpms-60s,206,synplicate_new-synplicate_complete_tree_arity5_feature_3_size_7_ms_0_25_0_erm_old.wcnf,synplicate_new_synplicate_complete_tree_arity5_feature_3_size_7_ms_0_25_0_erm_old,1,60.0,60.106599,60.093431,35.098646,35.098646,0,False,True,670.0,206.log,two_core_24_wpms.csv
24-wpms-60s,207,synplicate_new-synplicate_synthetic_dag_run1_14_size_5_ms_0_25_0_erm_old.wcnf,synplicate_new_synplicate_synthetic_dag_run1_14_size_5_ms_0_25_0_erm_old,1,60.0,60.043102,60.036708,57.635752,57.635752,0,False,True,544.0,207.log,two_core_24_wpms.csv
24-wpms-60s,208,synplicate_new-synplicate_synthetic_dag_run1_14_size_6_ms_0_25_0_erm_old.wcnf,synplicate_new_synplicate_synthetic_dag_run1_14_size_6_ms_0_25_0_erm_old,1,60.0,60.054768,60.046931,33.195348,33.195348,0,False,True,633.0,208.log,two_core_24_wpms.csv
24-wpms-60s,209,synplicate_new-synplicate_synthetic_dag_run1_16_size_4_ms_0_25_0_erm_old.wcnf,synplicate_new_synplicate_synthetic_dag_run1_16_size_4_ms_0_25_0_erm_old,1,60.0,60.015412,60.011235,43.937549,43.937549,0,False,True,305.0,209.log,two_core_24_wpms.csv
24-wpms-60s,210,synplicate_new-synplicate_synthetic_dag_run1_17_size_5_ms_0_25_0_erm_old.wcnf,synplicate_new_synplicate_synthetic_dag_run1_17_size_5_ms_0_25_0_erm_old,1,60.0,60.025174,60.020291,15.903746,15.903746,0,False,True,119.0,210.log,two_core_24_wpms.csv
24-wpms-60s,211,synplicate_new-synplicate_synthetic_dag_run2_0_size_10_ms_26_50_0_erm_old.wcnf,synplicate_new_synplicate_synthetic_dag_run2_0_size_10_ms_26_50_0_erm_old,1,60.0,60.146083,60.129723,1.005161,1.005161,0,False,True,1685.0,211.log,two_core_24_wpms.csv
24-wpms-60s,212,synplicate_new-synplicate_synthetic_dag_run2_10_size_11_ms_26_50_0_erm_old.wcnf,synplicate_new_synplicate_synthetic_dag_run2_10_size_11_ms_26_50_0_erm_old,1,60.0,60.1125,60.099338,0.761935,0.761935,0,False,True,1551.0,212.log,two_core_24_wpms.csv
24-wpms-60s,213,synplicate_new-synplicate_synthetic_dag_run2_11_size_10_ms_26_50_0_erm_old.wcnf,synplicate_new_synplicate_synthetic_dag_run2_11_size_10_ms_26_50_0_erm_old,1,60.0,60.13555,60.120913,0.871606,0.871606,0,False,True,1185.0,213.log,two_core_24_wpms.csv
24-wpms-60s,214,synplicate_new-synplicate_synthetic_dag_run2_12_size_8_ms_26_50_0_erm_old.wcnf,synplicate_new_synplicate_synthetic_dag_run2_12_size_8_ms_26_50_0_erm_old,1,60.0,60.110866,60.098312,3.504956,3.504956,0,False,True,982.0,214.log,two_core_24_wpms.csv
24-wpms-60s,215,synplicate_new-synplicate_synthetic_dag_run2_13_size_11_ms_26_50_0_erm_old.wcnf,synplicate_new_synplicate_synthetic_dag_run2_13_size_11_ms_26_50_0_erm_old,1,60.0,60.172094,60.151483,1.241115,1.241115,0,False,True,1173.0,215.log,two_core_24_wpms.csv
24-wpms-60s,216,synplicate_new-synplicate_synthetic_dag_run2_16_size_9_ms_26_50_0_erm_old.wcnf,synplicate_new_synplicate_synthetic_dag_run2_16_size_9_ms_26_50_0_erm_old,1,60.0,60.089384,60.078128,0.573685,0.573685,0,False,True,1135.0,216.log,two_core_24_wpms.csv
24-wpms-60s,217,synplicate_new-synplicate_synthetic_dag_run2_17_size_10_ms_26_50_0_erm_old.wcnf,synplicate_new_synplicate_synthetic_dag_run2_17_size_10_ms_26_50_0_erm_old,1,60.0,60.207038,60.184612,1.479095,1.479095,0,False,True,1505.0,217.log,two_core_24_wpms.csv
24-wpms-60s,218,tcp_wt-tcp_students_112_it_13_old.wcnf,tcp_wt_tcp_students_112_it_13_old,1,60.0,60.017838,60.013711,7.121075,7.121075,0,False,True,3066.0,218.log,two_core_24_wpms.csv
24-wpms-60s,219,tcp_wt-tcp_students_112_it_5_old.wcnf,tcp_wt_tcp_students_112_it_5_old,1,60.0,60.02008,60.015838,40.054047,40.054047,0,False,True,3366.0,219.log,two_core_24_wpms.csv
24-wpms-60s,220,tcp_wt-tcp_students_91_it_13_old.wcnf,tcp_wt_tcp_students_91_it_13_old,1,60.0,60.015484,60.011177,53.916644,53.916644,0,False,True,2769.0,220.log,two_core_24_wpms.csv
24-wpms-60s,221,tcp_wt-tcp_students_98_it_11_old.wcnf,tcp_wt_tcp_students_98_it_11_old,1,60.0,60.013954,60.010017,29.227843,29.227843,0,False,True,2769.0,221.log,two_core_24_wpms.csv
24-wpms-60s,222,timetabling_wt-comp02_old.wcnf,timetabling_wt_comp02_old,1,60.0,60.031046,60.024366,7.718303,7.718303,0,False,True,136.0,222.log,two_core_24_wpms.csv
24-wpms-60s,223,timetabling_wt-comp06_old.wcnf,timetabling_wt_comp06_old,1,60.0,60.048492,60.040011,34.678746,34.678746,0,False,True,203.0,223.log,two_core_24_wpms.csv
24-wpms-60s,224,timetabling_wt-comp07.lp.sm-extracted_old.wcnf,timetabling_wt_comp07_lp_sm_extracted_old,1,60.0,60.680582,60.607491,56.294846,56.294846,0,False,True,460.0,224.log,two_core_24_wpms.csv
24-wpms-60s,225,timetabling_wt-comp07_old.wcnf,timetabling_wt_comp07_old,1,60.0,60.090741,60.077285,47.972346,47.972346,0,False,True,285.0,225.log,two_core_24_wpms.csv
24-wpms-60s,226,timetabling_wt-comp09_old.wcnf,timetabling_wt_comp09_old,1,60.0,60.038722,60.031813,25.254047,25.254047,0,False,True,135.0,226.log,two_core_24_wpms.csv
24-wpms-60s,227,timetabling_wt-comp10_old.wcnf,timetabling_wt_comp10_old,1,60.0,60.057997,60.047673,59.811749,59.811749,0,False,True,268.0,227.log,two_core_24_wpms.csv
24-wpms-60s,228,timetabling_wt-comp21_old.wcnf,timetabling_wt_comp21_old,1,60.0,60.04885,60.040106,22.249452,22.249452,0,False,True,179.0,228.log,two_core_24_wpms.csv
24-wpms-60s,229,timetabling_wt-test4_old.wcnf,timetabling_wt_test4_old,1,60.0,60.027853,60.022778,36.871745,36.871745,0,False,True,395.0,229.log,two_core_24_wpms.csv
24-pms-60s,1,causal-discovery-causal_n6_i1_N500_uai13_harddeps_int_old.wcnf,causal_discovery_causal_n6_i1_n500_uai13_harddeps_int_old,1,60.0,60.186902,60.069895,41.951008,41.951008,0,False,True,58.0,001.log,two_core_24_pms.csv
24-pms-60s,2,CircuitDebuggingProblems-rsdecoder-debug.dimacs_old.wcnf,circuitdebuggingproblems_rsdecoder_debug_dimacs_old,1,60.0,60.679206,60.672945,1.363469,1.363469,0,False,True,1.0,002.log,two_core_24_pms.csv
24-pms-60s,3,CircuitDebuggingProblems-spi-debug.dimacs_old.wcnf,circuitdebuggingproblems_spi_debug_dimacs_old,1,60.0,60.145873,60.139988,1.144671,1.144671,0,False,True,1.0,003.log,two_core_24_pms.csv
24-pms-60s,4,close_solutions-SAT04__industrial__velev__pipe-sat-1-1__12pipe_bug4_q0.used-as.sat04-723.cnf.wcnf.8_old.wcnf,close_solutions_sat04_industrial_velev_pipe_sat_1_1_12pipe_bug4_q0_used_as_sat04_723_cnf_wcnf_8_old,1,60.0,60.166095,60.147711,3.367353,3.367353,0,False,True,86.0,004.log,two_core_24_pms.csv
24-pms-60s,5,close_solutions-SAT04__industrial__velev__pipe-sat-1-1__12pipe_bug6_q0.used-as.sat04-725.cnf.wcnf.3_old.wcnf,close_solutions_sat04_industrial_velev_pipe_sat_1_1_12pipe_bug6_q0_used_as_sat04_725_cnf_wcnf_3_old,1,60.0,60.180795,60.160232,3.348289,3.348289,0,False,True,181.0,005.log,two_core_24_pms.csv
24-pms-60s,6,close_solutions-SAT07__industrial__vliw_sat_4.0__9vliw_m_9stages_iq3_C1_bug6.cnf.wcnf.4_old.wcnf,close_solutions_sat07_industrial_vliw_sat_4_0_9vliw_m_9stages_iq3_c1_bug6_cnf_wcnf_4_old,1,60.0,65.558751,65.513819,,,0,False,False,,006.log,two_core_24_pms.csv
24-pms-60s,7,close_solutions-SAT11__application__fuhs__AProVE11__AProVE11-16.cnf.wcnf.1_old.wcnf,close_solutions_sat11_application_fuhs_aprove11_aprove11_16_cnf_wcnf_1_old,1,60.0,60.026948,60.020052,52.162125,52.162125,0,False,True,263.0,007.log,two_core_24_pms.csv
24-pms-60s,8,close_solutions-SAT_RACE06__velev-pipe-sat-1.0-b9.cnf.wcnf.8_old.wcnf,close_solutions_sat_race06_velev_pipe_sat_1_0_b9_cnf_wcnf_8_old,1,60.0,60.311799,60.277743,7.653354,7.653354,0,False,True,79.0,008.log,two_core_24_pms.csv
24-pms-60s,9,decision-tree-australian-credit-un-formula_0.8_2021_atleast_127_max-6_reduced_incomplete_tree_old.wcnf,decision_tree_australian_credit_un_formula_0_8_2021_atleast_127_max_6_reduced_incomplete_tree_old,1,60.0,61.901815,61.859267,9.76481,9.76481,0,False,True,73.0,009.log,two_core_24_pms.csv
24-pms-60s,10,decision-tree-australian-credit-un-formula_0.8_2021_atleast_63_max-5_reduced_incomplete_tree_old.wcnf,decision_tree_australian_credit_un_formula_0_8_2021_atleast_63_max_5_reduced_incomplete_tree_old,1,60.0,60.151605,60.138005,2.830515,2.830515,0,False,True,73.0,010.log,two_core_24_pms.csv
24-pms-60s,11,decision-tree-car-un-formula_0.8_2021_atleast_15_max-3_reduced_incomplete_tree_old.wcnf,decision_tree_car_un_formula_0_8_2021_atleast_15_max_3_reduced_incomplete_tree_old,1,60.0,60.018303,60.012625,8.407285,8.407285,0,False,True,193.0,011.log,two_core_24_pms.csv
24-pms-60s,12,decision-tree-hypothyroid-un-formula_0.8_2021_atleast_127_max-6_reduced_incomplete_tree_old.wcnf,decision_tree_hypothyroid_un_formula_0_8_2021_atleast_127_max_6_reduced_incomplete_tree_old,1,60.0,60.515442,60.480977,16.603586,16.603586,0,False,True,102.0,012.log,two_core_24_pms.csv
24-pms-60s,13,decision-tree-kr-vs-kp-un-formula_0.8_2021_atleast_127_max-6_reduced_incomplete_tree_old.wcnf,decision_tree_kr_vs_kp_un_formula_0_8_2021_atleast_127_max_6_reduced_incomplete_tree_old,1,60.0,60.414866,60.383773,37.935084,37.935084,0,False,True,811.0,013.log,two_core_24_pms.csv
24-pms-60s,14,decision-tree-kr-vs-kp-un-formula_0.8_2021_atleast_31_max-4_reduced_incomplete_tree_old.wcnf,decision_tree_kr_vs_kp_un_formula_0_8_2021_atleast_31_max_4_reduced_incomplete_tree_old,1,60.0,60.064007,60.055883,35.152391,35.152391,0,False,True,811.0,014.log,two_core_24_pms.csv
24-pms-60s,15,decision-tree-mushroom-un-formula_0.8_2021_atleast_127_max-6_reduced_incomplete_tree_old.wcnf,decision_tree_mushroom_un_formula_0_8_2021_atleast_127_max_6_reduced_incomplete_tree_old,1,60.0,65.624001,65.573569,,,0,False,False,,015.log,two_core_24_pms.csv
24-pms-60s,16,decision-tree-soybean-un-formula_0.8_2021_atleast_127_max-6_reduced_incomplete_tree_old.wcnf,decision_tree_soybean_un_formula_0_8_2021_atleast_127_max_6_reduced_incomplete_tree_old,1,60.0,60.229985,60.211755,35.662682,35.662682,0,False,True,65.0,016.log,two_core_24_pms.csv
24-pms-60s,17,decision-tree-soybean-un-formula_0.8_2021_atleast_15_max-3_reduced_incomplete_tree_old.wcnf,decision_tree_soybean_un_formula_0_8_2021_atleast_15_max_3_reduced_incomplete_tree_old,1,60.0,60.022828,60.018027,3.552783,3.552783,0,False,True,55.0,017.log,two_core_24_pms.csv
24-pms-60s,18,decision-tree-soybean-un-formula_0.8_2021_atleast_31_max-4_reduced_incomplete_tree_old.wcnf,decision_tree_soybean_un_formula_0_8_2021_atleast_31_max_4_reduced_incomplete_tree_old,1,60.0,60.024254,60.018544,32.496992,32.496992,0,False,True,64.0,018.log,two_core_24_pms.csv
24-pms-60s,19,decision-tree-soybean-un-formula_0.8_2021_atleast_63_max-5_reduced_incomplete_tree_old.wcnf,decision_tree_soybean_un_formula_0_8_2021_atleast_63_max_5_reduced_incomplete_tree_old,1,60.0,60.065668,60.056595,4.620021,4.620021,0,False,True,73.0,019.log,two_core_24_pms.csv
24-pms-60s,20,decision-tree-splice-1-un-formula_0.8_2021_atleast_127_max-6_reduced_incomplete_tree_old.wcnf,decision_tree_splice_1_un_formula_0_8_2021_atleast_127_max_6_reduced_incomplete_tree_old,1,60.0,65.224328,65.159865,,,137,False,False,,020.log,two_core_24_pms.csv
24-pms-60s,21,decision-tree-splice-1-un-formula_0.8_2021_atleast_31_max-4_reduced_incomplete_tree_old.wcnf,decision_tree_splice_1_un_formula_0_8_2021_atleast_31_max_4_reduced_incomplete_tree_old,1,60.0,60.203935,60.19209,58.628787,58.628787,0,False,True,469.0,021.log,two_core_24_pms.csv
24-pms-60s,22,decision-tree-vote-un-formula_0.8_2021_atleast_15_max-3_reduced_incomplete_tree_old.wcnf,decision_tree_vote_un_formula_0_8_2021_atleast_15_max_3_reduced_incomplete_tree_old,1,60.0,60.010664,60.005965,0.086105,0.086105,0,False,True,11.0,022.log,two_core_24_pms.csv
24-pms-60s,23,decision-tree-vote-un-formula_0.8_2021_atleast_63_max-5_reduced_incomplete_tree_old.wcnf,decision_tree_vote_un_formula_0_8_2021_atleast_63_max_5_reduced_incomplete_tree_old,1,60.0,60.058761,60.048016,0.738921,0.738921,0,False,True,11.0,023.log,two_core_24_pms.csv
24-pms-60s,24,des-cnf.16.p.6_old.wcnf,des_cnf_16_p_6_old,1,60.0,60.027527,60.018624,7.745217,7.745217,0,False,True,25.0,024.log,two_core_24_pms.csv
24-pms-60s,25,des-cnf.17.p.10_old.wcnf,des_cnf_17_p_10_old,1,60.0,60.030719,60.021319,3.335482,3.335482,0,False,True,27.0,025.log,two_core_24_pms.csv
24-pms-60s,26,des-cnf.19.p.10_old.wcnf,des_cnf_19_p_10_old,1,60.0,60.035205,60.025838,9.018598,9.018598,0,False,True,32.0,026.log,two_core_24_pms.csv
24-pms-60s,27,fault-diagnosis-s38584_nan_explicit_15_0_old.wcnf,fault_diagnosis_s38584_nan_explicit_15_0_old,1,60.0,60.053888,60.044932,3.445065,3.445065,0,False,True,280.0,027.log,two_core_24_pms.csv
24-pms-60s,28,fault-diagnosis-s38584_nan_explicit_16_0_old.wcnf,fault_diagnosis_s38584_nan_explicit_16_0_old,1,60.0,60.05774,60.050257,2.563672,2.563672,0,False,True,281.0,028.log,two_core_24_pms.csv
24-pms-60s,29,fault-diagnosis-s38584_nan_explicit_18_0_old.wcnf,fault_diagnosis_s38584_nan_explicit_18_0_old,1,60.0,60.055501,60.047213,34.464981,34.464981,0,False,True,218.0,029.log,two_core_24_pms.csv
24-pms-60s,30,fault-diagnosis-s38584_nan_explicit_27_0_old.wcnf,fault_diagnosis_s38584_nan_explicit_27_0_old,1,60.0,60.047387,60.039588,12.457591,12.457591,0,False,True,280.0,030.log,two_core_24_pms.csv
24-pms-60s,31,fault-diagnosis-s38584_nan_explicit_33_0_old.wcnf,fault_diagnosis_s38584_nan_explicit_33_0_old,1,60.0,60.062473,60.054652,29.862585,29.862585,0,False,True,266.0,031.log,two_core_24_pms.csv
24-pms-60s,32,frb-frb40-19-2.partial_old.wcnf,frb_frb40_19_2_partial_old,1,60.0,60.014595,60.010246,12.630593,12.630593,0,False,True,720.0,032.log,two_core_24_pms.csv
24-pms-60s,33,frb-frb40-19-4.partial_old.wcnf,frb_frb40_19_4_partial_old,1,60.0,60.011891,60.007399,3.048104,3.048104,0,False,True,721.0,033.log,two_core_24_pms.csv
24-pms-60s,34,gen-hyper-tw-GenHyperTW_2bitcomp_5_old.wcnf,gen_hyper_tw_genhypertw_2bitcomp_5_old,1,60.0,60.164858,60.151138,37.445078,37.445078,0,False,True,16.0,034.log,two_core_24_pms.csv
24-pms-60s,35,gen-hyper-tw-GenHyperTW_aim-50-1_6-yes1-3_old.wcnf,gen_hyper_tw_genhypertw_aim_50_1_6_yes1_3_old,1,60.0,60.043577,60.036318,24.745891,24.745891,0,False,True,11.0,035.log,two_core_24_pms.csv
24-pms-60s,36,gen-hyper-tw-GenHyperTW_atv_partial_system_old.wcnf,gen_hyper_tw_genhypertw_atv_partial_system_old,1,60.0,60.125918,60.113544,42.504585,42.504585,0,False,True,8.0,036.log,two_core_24_pms.csv
24-pms-60s,37,gen-hyper-tw-GenHyperTW_b01_old.wcnf,gen_hyper_tw_genhypertw_b01_old,1,60.0,60.023188,60.017883,8.495018,8.495018,0,False,True,6.0,037.log,two_core_24_pms.csv
24-pms-60s,38,gen-hyper-tw-GenHyperTW_b06_old.wcnf,gen_hyper_tw_genhypertw_b06_old,1,60.0,60.021393,60.016021,5.791463,5.791463,0,False,True,5.0,038.log,two_core_24_pms.csv
24-pms-60s,39,gen-hyper-tw-GenHyperTW_dubois29_old.wcnf,gen_hyper_tw_genhypertw_dubois29_old,1,60.0,60.096526,60.085319,37.66868,37.66868,0,False,True,5.0,039.log,two_core_24_pms.csv
24-pms-60s,40,gen-hyper-tw-GenHyperTW_flat30-1_old.wcnf,gen_hyper_tw_genhypertw_flat30_1_old,1,60.0,60.150772,60.136172,30.76779,30.76779,0,False,True,22.0,040.log,two_core_24_pms.csv
24-pms-60s,41,gen-hyper-tw-GenHyperTW_flat30-99_old.wcnf,gen_hyper_tw_genhypertw_flat30_99_old,1,60.0,60.343044,60.327895,43.111481,43.111481,0,False,True,22.0,041.log,two_core_24_pms.csv
24-pms-60s,42,gen-hyper-tw-GenHyperTW_grid3d_5_old.wcnf,gen_hyper_tw_genhypertw_grid3d_5_old,1,60.0,60.027121,60.020499,1.259517,1.259517,0,False,True,12.0,042.log,two_core_24_pms.csv
24-pms-60s,43,gen-hyper-tw-GenHyperTW_grid4d_3_old.wcnf,gen_hyper_tw_genhypertw_grid4d_3_old,1,60.0,60.013073,60.008346,27.622489,27.622489,0,False,True,7.0,043.log,two_core_24_pms.csv
24-pms-60s,44,gen-hyper-tw-GenHyperTW_hole8_old.wcnf,gen_hyper_tw_genhypertw_hole8_old,1,60.0,60.116526,60.102731,29.056189,29.056189,0,False,True,9.0,044.log,two_core_24_pms.csv
24-pms-60s,45,gen-hyper-tw-GenHyperTW_par8-2-c_old.wcnf,gen_hyper_tw_genhypertw_par8_2_c_old,1,60.0,60.104133,60.092357,1.502923,1.502923,0,False,True,8.0,045.log,two_core_24_pms.csv
24-pms-60s,46,gen-hyper-tw-GenHyperTW_uf20-099_old.wcnf,gen_hyper_tw_genhypertw_uf20_099_old,1,60.0,60.014826,60.010079,0.056045,0.056045,0,False,True,6.0,046.log,two_core_24_pms.csv
24-pms-60s,47,HaplotypeAssembly-splitedReads_0.matrix_old.wcnf,haplotypeassembly_splitedreads_0_matrix_old,1,60.0,60.008441,60.004204,23.254293,23.254293,0,False,True,1535.0,047.log,two_core_24_pms.csv
24-pms-60s,48,hs-timetabling-GreeceWesternGreeceUniversityInstance4.xml_old.wcnf,hs_timetabling_greecewesterngreeceuniversityinstance4_xml_old,1,60.0,60.034286,60.027716,41.623183,41.623183,0,False,True,156.0,048.log,two_core_24_pms.csv
24-pms-60s,49,inconsistency-measurement-im-contension-A-2-grd_1697_5_7.tgf.pl_old.wcnf,inconsistency_measurement_im_contension_a_2_grd_1697_5_7_tgf_pl_old,1,60.0,60.038474,60.033672,42.648883,42.648883,0,False,True,286.0,049.log,two_core_24_pms.csv
24-pms-60s,50,inconsistency-measurement-im-contension-A-2-grd_1948_5_1.tgf.pl_old.wcnf,inconsistency_measurement_im_contension_a_2_grd_1948_5_1_tgf_pl_old,1,60.0,60.049882,60.043509,13.601191,13.601191,0,False,True,344.0,050.log,two_core_24_pms.csv
24-pms-60s,51,inconsistency-measurement-im-contension-A-2-grd_3018_3_7.tgf.pl_old.wcnf,inconsistency_measurement_im_contension_a_2_grd_3018_3_7_tgf_pl_old,1,60.0,60.038922,60.031695,46.283285,46.283285,0,False,True,557.0,051.log,two_core_24_pms.csv
24-pms-60s,52,inconsistency-measurement-im-contension-A-2-grd_5178_1_1.tgf.pl_old.wcnf,inconsistency_measurement_im_contension_a_2_grd_5178_1_1_tgf_pl_old,1,60.0,60.034728,60.02741,9.363583,9.363583,0,False,True,886.0,052.log,two_core_24_pms.csv
24-pms-60s,53,inconsistency-measurement-im-contension-C-1-grd_3018_3_7.tgf.pl_old.wcnf,inconsistency_measurement_im_contension_c_1_grd_3018_3_7_tgf_pl_old,1,60.0,60.039822,60.030855,28.177284,28.177284,0,False,True,527.0,053.log,two_core_24_pms.csv
24-pms-60s,54,inconsistency-measurement-im-forgetting-A-2-WS_300_16_90_30.tgf.pl_old.wcnf,inconsistency_measurement_im_forgetting_a_2_ws_300_16_90_30_tgf_pl_old,1,60.0,60.014958,60.010625,6.503618,6.503618,0,False,True,47.0,054.log,two_core_24_pms.csv
24-pms-60s,55,inconsistency-measurement-im-forgetting-B-3-stb_339_393.tgf.pl_old.wcnf,inconsistency_measurement_im_forgetting_b_3_stb_339_393_tgf_pl_old,1,60.0,60.010563,60.006537,45.014991,45.014991,0,False,True,68.0,055.log,two_core_24_pms.csv
24-pms-60s,56,inconsistency-measurement-im-forgetting-B-3-stb_696_412.tgf.pl_old.wcnf,inconsistency_measurement_im_forgetting_b_3_stb_696_412_tgf_pl_old,1,60.0,60.018433,60.011871,18.145187,18.145187,0,False,True,94.0,056.log,two_core_24_pms.csv
24-pms-60s,57,inconsistency-measurement-im-forgetting-T-2-stb_265_466.tgf.pl_old.wcnf,inconsistency_measurement_im_forgetting_t_2_stb_265_466_tgf_pl_old,1,60.0,60.010969,60.003302,38.578281,38.578281,0,False,True,45.0,057.log,two_core_24_pms.csv
24-pms-60s,58,inconsistency-measurement-im-hit-A-2-WS_300_16_90_30.tgf.pl_old.wcnf,inconsistency_measurement_im_hit_a_2_ws_300_16_90_30_tgf_pl_old,1,60.0,60.008285,60.00401,1.443244,1.443244,0,False,True,34.0,058.log,two_core_24_pms.csv
24-pms-60s,59,inconsistency-measurement-im-hit-C-2-stb_304_352.tgf.pl_old.wcnf,inconsistency_measurement_im_hit_c_2_stb_304_352_tgf_pl_old,1,60.0,60.0082,60.004225,27.303387,27.303387,0,False,True,42.0,059.log,two_core_24_pms.csv
24-pms-60s,60,inconsistency-measurement-im-sum-A-2-stb_547_485.tgf.pl_old.wcnf,inconsistency_measurement_im_sum_a_2_stb_547_485_tgf_pl_old,1,60.0,60.014032,60.009795,36.028778,36.028778,0,False,True,81.0,060.log,two_core_24_pms.csv
24-pms-60s,61,inconsistency-measurement-im-sum-B-3-stb_390_450.tgf.pl_old.wcnf,inconsistency_measurement_im_sum_b_3_stb_390_450_tgf_pl_old,1,60.0,60.013168,60.009083,38.218289,38.218289,0,False,True,60.0,061.log,two_core_24_pms.csv
24-pms-60s,62,inconsistency-measurement-im-sum-B-3-stb_428_430.tgf.pl_old.wcnf,inconsistency_measurement_im_sum_b_3_stb_428_430_tgf_pl_old,1,60.0,60.016354,60.011994,3.611168,3.611168,0,False,True,67.0,062.log,two_core_24_pms.csv
24-pms-60s,63,inconsistency-measurement-im-sum-T-1-grd_2130_2_7.tgf.pl_old.wcnf,inconsistency_measurement_im_sum_t_1_grd_2130_2_7_tgf_pl_old,1,60.0,60.023117,60.017484,5.886073,5.886073,0,False,True,444.0,063.log,two_core_24_pms.csv
24-pms-60s,64,judgment-aggregation-ja-maxham-preflib-00049-00000003_old.wcnf,judgment_aggregation_ja_maxham_preflib_00049_00000003_old,1,60.0,60.017588,60.013034,43.694583,43.694583,0,False,True,42.0,064.log,two_core_24_pms.csv
24-pms-60s,65,judgment-aggregation-ja-maxham-preflib-00049-00000092_old.wcnf,judgment_aggregation_ja_maxham_preflib_00049_00000092_old,1,60.0,60.012952,60.008434,37.551483,37.551483,0,False,True,48.0,065.log,two_core_24_pms.csv
24-pms-60s,66,judgment-aggregation-ja-maxham-preflib-00049-00000106_old.wcnf,judgment_aggregation_ja_maxham_preflib_00049_00000106_old,1,60.0,60.016126,60.011221,3.073036,3.073036,0,False,True,45.0,066.log,two_core_24_pms.csv
24-pms-60s,67,judgment-aggregation-ja-maxham-preflib-00049-00000272_old.wcnf,judgment_aggregation_ja_maxham_preflib_00049_00000272_old,1,60.0,60.013907,60.008663,57.136283,57.136283,0,False,True,60.0,067.log,two_core_24_pms.csv
24-pms-60s,68,judgment-aggregation-ja-maxham-preflib-00049-00000291_old.wcnf,judgment_aggregation_ja_maxham_preflib_00049_00000291_old,1,60.0,60.014536,60.009482,0.126978,0.126978,0,False,True,57.0,068.log,two_core_24_pms.csv
24-pms-60s,69,judgment-aggregation-ja-maxham-preflib-00049-00000304_old.wcnf,judgment_aggregation_ja_maxham_preflib_00049_00000304_old,1,60.0,60.02089,60.0154,0.120254,0.120254,0,False,True,59.0,069.log,two_core_24_pms.csv
24-pms-60s,70,judgment-aggregation-ja-maxham-preflib-00049-00000338_old.wcnf,judgment_aggregation_ja_maxham_preflib_00049_00000338_old,1,60.0,60.083949,60.078881,0.464399,0.464399,0,False,True,53.0,070.log,two_core_24_pms.csv
24-pms-60s,71,judgment-aggregation-ja-maxham-preflib-00049-00000511_old.wcnf,judgment_aggregation_ja_maxham_preflib_00049_00000511_old,1,60.0,60.014764,60.009569,1.111546,1.111546,0,False,True,49.0,071.log,two_core_24_pms.csv
24-pms-60s,72,judgment-aggregation-ja-maxham-preflib-00049-00000512_old.wcnf,judgment_aggregation_ja_maxham_preflib_00049_00000512_old,1,60.0,60.021679,60.016401,24.528382,24.528382,0,False,True,58.0,072.log,two_core_24_pms.csv
24-pms-60s,73,judgment-aggregation-ja-maxham-preflib-00049-00000516_old.wcnf,judgment_aggregation_ja_maxham_preflib_00049_00000516_old,1,60.0,60.020795,60.016221,6.258416,6.258416,0,False,True,57.0,073.log,two_core_24_pms.csv
24-pms-60s,74,judgment-aggregation-ja-maxham-preflib-00049-00000562_old.wcnf,judgment_aggregation_ja_maxham_preflib_00049_00000562_old,1,60.0,60.015955,60.011359,13.944386,13.944386,0,False,True,44.0,074.log,two_core_24_pms.csv
24-pms-60s,75,judgment-aggregation-ja-slater-preflib-00043-00000180_old.wcnf,judgment_aggregation_ja_slater_preflib_00043_00000180_old,1,60.0,60.058795,60.04854,24.443191,24.443191,0,False,True,306.0,075.log,two_core_24_pms.csv
24-pms-60s,76,judgment-aggregation-ja-slater-preflib-00043-00000196_old.wcnf,judgment_aggregation_ja_slater_preflib_00043_00000196_old,1,60.0,60.059255,60.049356,47.04189,47.04189,0,False,True,321.0,076.log,two_core_24_pms.csv
24-pms-60s,77,judgment-aggregation-ja-slater-preflib-00049-00000107_old.wcnf,judgment_aggregation_ja_slater_preflib_00049_00000107_old,1,60.0,60.014905,60.010439,2.453544,2.453544,0,False,True,300.0,077.log,two_core_24_pms.csv
24-pms-60s,78,judgment-aggregation-ja-slater-preflib-00049-00000451_old.wcnf,judgment_aggregation_ja_slater_preflib_00049_00000451_old,1,60.0,60.051527,60.043305,47.598964,47.598964,0,False,True,505.0,078.log,two_core_24_pms.csv
24-pms-60s,79,logic-synthesis-normalized-test4.pi.opb.msat_old.wcnf,logic_synthesis_normalized_test4_pi_opb_msat_old,1,60.0,60.019571,60.01592,39.591072,39.591072,0,False,True,97.0,079.log,two_core_24_pms.csv
24-pms-60s,80,MaxSATQueriesinInterpretableClassifiers-compas_train_5_DNF_5_1_old.wcnf,maxsatqueriesininterpretableclassifiers_compas_train_5_dnf_5_1_old,1,60.0,60.023134,60.01522,4.803573,4.803573,0,False,True,2159.0,080.log,two_core_24_pms.csv
24-pms-60s,81,MaxSATQueriesinInterpretableClassifiers-credit_train_3_DNF_3_1_old.wcnf,maxsatqueriesininterpretableclassifiers_credit_train_3_dnf_3_1_old,1,60.0,60.061991,60.054383,37.551089,37.551089,0,False,True,4856.0,081.log,two_core_24_pms.csv
24-pms-60s,82,MaxSATQueriesinInterpretableClassifiers-toms_test_5_DNF_5_1_old.wcnf,maxsatqueriesininterpretableclassifiers_toms_test_5_dnf_5_1_old,1,60.0,60.042089,60.035536,47.593784,47.593784,0,False,True,65.0,082.log,two_core_24_pms.csv
24-pms-60s,83,MaxSATQueriesinInterpretableClassifiers-toms_train_8_DNF_2_1_old.wcnf,maxsatqueriesininterpretableclassifiers_toms_train_8_dnf_2_1_old,1,60.0,60.116665,60.0991,55.787866,55.787866,0,False,True,584.0,083.log,two_core_24_pms.csv
24-pms-60s,84,MaxSATQueriesinInterpretableClassifiers-twitter_train_3_CNF_2_1_old.wcnf,maxsatqueriesininterpretableclassifiers_twitter_train_3_cnf_2_1_old,1,60.0,60.286742,60.26617,40.42085,40.42085,0,False,True,1712.0,084.log,two_core_24_pms.csv
24-pms-60s,85,min-fill-MinFill_R0_mulsol.i.1_old.wcnf,min_fill_minfill_r0_mulsol_i_1_old,1,60.0,60.09444,60.079514,47.857655,47.857655,0,False,True,344.0,085.log,two_core_24_pms.csv
24-pms-60s,86,min-fill-MinFill_R0_mulsol.i.3_old.wcnf,min_fill_minfill_r0_mulsol_i_3_old,1,60.0,60.170657,60.15241,37.835567,37.835567,0,False,True,1185.0,086.log,two_core_24_pms.csv
24-pms-60s,87,min-fill-MinFill_R0_myciel5_old.wcnf,min_fill_minfill_r0_myciel5_old,1,60.0,60.019578,60.015073,34.827182,34.827182,0,False,True,196.0,087.log,two_core_24_pms.csv
24-pms-60s,88,min-fill-MinFill_R0_myciel6_old.wcnf,min_fill_minfill_r0_myciel6_old,1,60.0,60.045469,60.036785,36.238656,36.238656,0,False,True,761.0,088.log,two_core_24_pms.csv
24-pms-60s,89,min-fill-MinFill_R0_myciel7_old.wcnf,min_fill_minfill_r0_myciel7_old,1,60.0,60.238923,60.215914,6.78402,6.78402,0,False,True,4604.0,089.log,two_core_24_pms.csv
24-pms-60s,90,min-fill-MinFill_R0_queen11_11_old.wcnf,min_fill_minfill_r0_queen11_11_old,1,60.0,60.063204,60.051602,34.326981,34.326981,0,False,True,4477.0,090.log,two_core_24_pms.csv
24-pms-60s,91,min-fill-MinFill_R0_queen7_7_old.wcnf,min_fill_minfill_r0_queen7_7_old,1,60.0,60.014365,60.007976,15.660653,15.660653,0,False,True,508.0,091.log,two_core_24_pms.csv
24-pms-60s,92,min-fill-MinFill_R0_queen9_9_old.wcnf,min_fill_minfill_r0_queen9_9_old,1,60.0,60.02393,60.018212,55.136174,55.136174,0,False,True,1712.0,092.log,two_core_24_pms.csv
24-pms-60s,93,min-fill-MinFill_R1_games120_old.wcnf,min_fill_minfill_r1_games120_old,1,60.0,60.100139,60.091658,49.089556,49.089556,0,False,True,1938.0,093.log,two_core_24_pms.csv
24-pms-60s,94,min-fill-MinFill_R3_david_old.wcnf,min_fill_minfill_r3_david_old,1,60.0,60.01445,60.009898,28.40088,28.40088,0,False,True,76.0,094.log,two_core_24_pms.csv
24-pms-60s,95,min-fill-MinFill_R3_miles750_old.wcnf,min_fill_minfill_r3_miles750_old,1,60.0,60.064478,60.053748,22.216484,22.216484,0,False,True,2055.0,095.log,two_core_24_pms.csv
24-pms-60s,96,minimize-5gons-u5-cube-maxcdcl-11-tmp-15-2655746_old.wcnf,minimize_5gons_u5_cube_maxcdcl_11_tmp_15_2655746_old,1,60.0,60.016937,60.009998,0.070215,0.070215,0,False,True,77.0,096.log,two_core_24_pms.csv
24-pms-60s,97,minimize-5gons-u5-cube-maxcdcl-12-tmp-15-2655746_old.wcnf,minimize_5gons_u5_cube_maxcdcl_12_tmp_15_2655746_old,1,60.0,60.008917,60.004721,0.075198,0.075198,0,False,True,77.0,097.log,two_core_24_pms.csv
24-pms-60s,98,minimize-5gons-u5-cube-maxcdcl-13-tmp-15-2655746_old.wcnf,minimize_5gons_u5_cube_maxcdcl_13_tmp_15_2655746_old,1,60.0,60.012594,60.008299,1.687563,1.687563,0,False,True,77.0,098.log,two_core_24_pms.csv
24-pms-60s,99,minimize-5gons-u5-cube-maxcdcl-18-tmp-15-2655746_old.wcnf,minimize_5gons_u5_cube_maxcdcl_18_tmp_15_2655746_old,1,60.0,60.010408,60.004065,3.302475,3.302475,0,False,True,77.0,099.log,two_core_24_pms.csv
24-pms-60s,100,minimize-5gons-u5-cube-maxcdcl-19-tmp-15-2655746_old.wcnf,minimize_5gons_u5_cube_maxcdcl_19_tmp_15_2655746_old,1,60.0,60.015833,60.01159,3.306312,3.306312,0,False,True,77.0,100.log,two_core_24_pms.csv
24-pms-60s,101,minimize-5gons-u5-cube-maxcdcl-20-tmp-15-2655746_old.wcnf,minimize_5gons_u5_cube_maxcdcl_20_tmp_15_2655746_old,1,60.0,60.009065,60.004876,0.362185,0.362185,0,False,True,77.0,101.log,two_core_24_pms.csv
24-pms-60s,102,minimize-5gons-u5-cube-maxcdcl-23-tmp-15-2655746_old.wcnf,minimize_5gons_u5_cube_maxcdcl_23_tmp_15_2655746_old,1,60.0,60.005557,60.001519,0.785954,0.785954,0,False,True,77.0,102.log,two_core_24_pms.csv
24-pms-60s,103,minimize-5gons-u5-cube-maxcdcl-24-tmp-15-2655746_old.wcnf,minimize_5gons_u5_cube_maxcdcl_24_tmp_15_2655746_old,1,60.0,60.015762,60.011655,0.027148,0.027148,0,False,True,77.0,103.log,two_core_24_pms.csv
24-pms-60s,104,minimize-5gons-u5-cube-maxcdcl-29-tmp-15-2655746_old.wcnf,minimize_5gons_u5_cube_maxcdcl_29_tmp_15_2655746_old,1,60.0,60.015126,60.008229,0.13879,0.13879,0,False,True,77.0,104.log,two_core_24_pms.csv
24-pms-60s,105,minimize-5gons-u5-cube-maxcdcl-32-tmp-15-2655746_old.wcnf,minimize_5gons_u5_cube_maxcdcl_32_tmp_15_2655746_old,1,60.0,60.010596,60.006513,0.087059,0.087059,0,False,True,77.0,105.log,two_core_24_pms.csv
24-pms-60s,106,minimize-5gons-u5-cube-maxcdcl-36-tmp-15-2655746_old.wcnf,minimize_5gons_u5_cube_maxcdcl_36_tmp_15_2655746_old,1,60.0,60.015475,60.011152,1.567233,1.567233,0,False,True,77.0,106.log,two_core_24_pms.csv
24-pms-60s,107,minimize-5gons-u5-cube-maxcdcl-38-tmp-15-2655746_old.wcnf,minimize_5gons_u5_cube_maxcdcl_38_tmp_15_2655746_old,1,60.0,60.015187,60.010619,3.050924,3.050924,0,False,True,77.0,107.log,two_core_24_pms.csv
24-pms-60s,108,minimize-5gons-u5-cube-maxcdcl-41-tmp-15-2655746_old.wcnf,minimize_5gons_u5_cube_maxcdcl_41_tmp_15_2655746_old,1,60.0,60.016208,60.010978,0.116158,0.116158,0,False,True,77.0,108.log,two_core_24_pms.csv
24-pms-60s,109,minimize-5gons-u5-cube-maxcdcl-44-tmp-15-2655746_old.wcnf,minimize_5gons_u5_cube_maxcdcl_44_tmp_15_2655746_old,1,60.0,60.007361,60.00298,0.061354,0.061354,0,False,True,77.0,109.log,two_core_24_pms.csv
24-pms-60s,110,minimize-5gons-u5-cube-maxcdcl-46-tmp-15-2655746_old.wcnf,minimize_5gons_u5_cube_maxcdcl_46_tmp_15_2655746_old,1,60.0,60.006922,60.002564,0.079587,0.079587,0,False,True,77.0,110.log,two_core_24_pms.csv
24-pms-60s,111,minimize-5gons-u5-cube-maxcdcl-48-tmp-15-2655746_old.wcnf,minimize_5gons_u5_cube_maxcdcl_48_tmp_15_2655746_old,1,60.0,60.015276,60.011231,0.187018,0.187018,0,False,True,77.0,111.log,two_core_24_pms.csv
24-pms-60s,112,minimize-5gons-u5-cube-maxcdcl-49-tmp-15-2655746_old.wcnf,minimize_5gons_u5_cube_maxcdcl_49_tmp_15_2655746_old,1,60.0,60.011311,60.007063,0.515373,0.515373,0,False,True,77.0,112.log,two_core_24_pms.csv
24-pms-60s,113,minimize-5gons-u5-cube-maxcdcl-53-tmp-15-2655746_old.wcnf,minimize_5gons_u5_cube_maxcdcl_53_tmp_15_2655746_old,1,60.0,60.013701,60.0091,6.316458,6.316458,0,False,True,77.0,113.log,two_core_24_pms.csv
24-pms-60s,114,minimize-5gons-u5-cube-maxcdcl-58-tmp-15-2655746_old.wcnf,minimize_5gons_u5_cube_maxcdcl_58_tmp_15_2655746_old,1,60.0,60.01283,60.008543,0.07066,0.07066,0,False,True,77.0,114.log,two_core_24_pms.csv
24-pms-60s,115,minimize-5gons-u5-cube-maxcdcl-59-tmp-15-2655746_old.wcnf,minimize_5gons_u5_cube_maxcdcl_59_tmp_15_2655746_old,1,60.0,60.005925,60.001624,0.066493,0.066493,0,False,True,77.0,115.log,two_core_24_pms.csv
24-pms-60s,116,minimize-5gons-u5-cube-maxcdcl-60-tmp-15-2655746_old.wcnf,minimize_5gons_u5_cube_maxcdcl_60_tmp_15_2655746_old,1,60.0,60.013512,60.009029,0.052174,0.052174,0,False,True,77.0,116.log,two_core_24_pms.csv
24-pms-60s,117,minimize-5gons-u5-cube-maxcdcl-61-tmp-15-2655746_old.wcnf,minimize_5gons_u5_cube_maxcdcl_61_tmp_15_2655746_old,1,60.0,60.015742,60.011487,4.594133,4.594133,0,False,True,77.0,117.log,two_core_24_pms.csv
24-pms-60s,118,minimize-5gons-u5-cube-maxcdcl-7-tmp-15-2655746_old.wcnf,minimize_5gons_u5_cube_maxcdcl_7_tmp_15_2655746_old,1,60.0,60.008675,60.004289,0.194986,0.194986,0,False,True,77.0,118.log,two_core_24_pms.csv
24-pms-60s,119,minimize-5gons-u5-cube-maxcdcl-8-tmp-15-2655746_old.wcnf,minimize_5gons_u5_cube_maxcdcl_8_tmp_15_2655746_old,1,60.0,60.017499,60.01319,0.041939,0.041939,0,False,True,77.0,119.log,two_core_24_pms.csv
24-pms-60s,120,minimize-5gons-u5-cube-maxcdcl-9-tmp-15-2655746_old.wcnf,minimize_5gons_u5_cube_maxcdcl_9_tmp_15_2655746_old,1,60.0,60.010733,60.006505,0.035505,0.035505,0,False,True,77.0,120.log,two_core_24_pms.csv
24-pms-60s,121,optic-gen_add_4_carry_991_old.wcnf,optic_gen_add_4_carry_991_old,1,60.0,60.012057,60.008101,2.4614,2.4614,0,False,True,56.0,121.log,two_core_24_pms.csv
24-pms-60s,122,optic-gen_add_6_carry_991_old.wcnf,optic_gen_add_6_carry_991_old,1,60.0,60.051267,60.045723,56.020684,56.020684,0,False,True,108.0,122.log,two_core_24_pms.csv
24-pms-60s,123,optic-gen_mult_4_5_991_old.wcnf,optic_gen_mult_4_5_991_old,1,60.0,60.009407,60.003384,14.87949,14.87949,0,False,True,117.0,123.log,two_core_24_pms.csv
24-pms-60s,124,optic-gen_mult_4_6_991_old.wcnf,optic_gen_mult_4_6_991_old,1,60.0,60.061903,60.054262,44.008062,44.008062,0,False,True,139.0,124.log,two_core_24_pms.csv
24-pms-60s,125,optic-gen_mult_4_6_9999_old.wcnf,optic_gen_mult_4_6_9999_old,1,60.0,60.050474,60.042133,32.951663,32.951663,0,False,True,359.0,125.log,two_core_24_pms.csv
24-pms-60s,126,optic-gen_mult_5_5_991_old.wcnf,optic_gen_mult_5_5_991_old,1,60.0,60.046019,60.039663,42.052288,42.052288,0,False,True,237.0,126.log,two_core_24_pms.csv
24-pms-60s,127,optic-gen_mult_5_5_9999_old.wcnf,optic_gen_mult_5_5_9999_old,1,60.0,60.030955,60.025334,38.776058,38.776058,0,False,True,512.0,127.log,two_core_24_pms.csv
24-pms-60s,128,optimizing-BDDs-anneal-un-wcnf_incomplete_improved_1_2019_2_old.wcnf,optimizing_bdds_anneal_un_wcnf_incomplete_improved_1_2019_2_old,1,60.0,60.009877,60.00566,0.326254,0.326254,0,False,True,151.0,128.log,two_core_24_pms.csv
24-pms-60s,129,optimizing-BDDs-anneal-un-wcnf_incomplete_improved_1_2019_5_old.wcnf,optimizing_bdds_anneal_un_wcnf_incomplete_improved_1_2019_5_old,1,60.0,60.018693,60.014446,58.799179,58.799179,0,False,True,129.0,129.log,two_core_24_pms.csv
24-pms-60s,130,optimizing-BDDs-anneal-un-wcnf_incomplete_improved_1_2019_7_old.wcnf,optimizing_bdds_anneal_un_wcnf_incomplete_improved_1_2019_7_old,1,60.0,60.037742,60.031034,59.854984,59.854984,0,False,True,118.0,130.log,two_core_24_pms.csv
24-pms-60s,131,optimizing-BDDs-breast-cancer-un-wcnf_incomplete_improved_1_2019_8_old.wcnf,optimizing_bdds_breast_cancer_un_wcnf_incomplete_improved_1_2019_8_old,1,60.0,60.037025,60.030345,12.943482,12.943482,0,False,True,22.0,131.log,two_core_24_pms.csv
24-pms-60s,132,optimizing-BDDs-hypothyroid-un-wcnf_incomplete_improved_1_2019_2_old.wcnf,optimizing_bdds_hypothyroid_un_wcnf_incomplete_improved_1_2019_2_old,1,60.0,60.033092,60.028717,1.536818,1.536818,0,False,True,70.0,132.log,two_core_24_pms.csv
24-pms-60s,133,optimizing-BDDs-lymph-un-wcnf_incomplete_improved_1_2019_6_old.wcnf,optimizing_bdds_lymph_un_wcnf_incomplete_improved_1_2019_6_old,1,60.0,60.013008,60.008391,0.053264,0.053264,0,False,True,14.0,133.log,two_core_24_pms.csv
24-pms-60s,134,optimizing-BDDs-primary-tumor-un-wcnf_incomplete_improved_1_2019_4_old.wcnf,optimizing_bdds_primary_tumor_un_wcnf_incomplete_improved_1_2019_4_old,1,60.0,60.011544,60.007631,25.748785,25.748785,0,False,True,52.0,134.log,two_core_24_pms.csv
24-pms-60s,135,optimizing-BDDs-primary-tumor-un-wcnf_incomplete_improved_1_2019_8_old.wcnf,optimizing_bdds_primary_tumor_un_wcnf_incomplete_improved_1_2019_8_old,1,60.0,60.021667,60.017123,0.741808,0.741808,0,False,True,38.0,135.log,two_core_24_pms.csv
24-pms-60s,136,optimizing-BDDs-soybean-un-wcnf_incomplete_improved_1_2019_7_old.wcnf,optimizing_bdds_soybean_un_wcnf_incomplete_improved_1_2019_7_old,1,60.0,60.016745,60.011345,20.220388,20.220388,0,False,True,28.0,136.log,two_core_24_pms.csv
24-pms-60s,137,optimizing-BDDs-splice-1-un-wcnf_incomplete_improved_1_2019_5_old.wcnf,optimizing_bdds_splice_1_un_wcnf_incomplete_improved_1_2019_5_old,1,60.0,60.148263,60.130623,13.522882,13.522882,0,False,True,340.0,137.log,two_core_24_pms.csv
24-pms-60s,138,optimizing-BDDs-splice-1-un-wcnf_incomplete_improved_1_2019_6_old.wcnf,optimizing_bdds_splice_1_un_wcnf_incomplete_improved_1_2019_6_old,1,60.0,60.180236,60.159511,21.152276,21.152276,0,False,True,543.0,138.log,two_core_24_pms.csv
24-pms-60s,139,optimizing-BDDs-tic-tac-toe-un-wcnf_incomplete_improved_1_2019_5_old.wcnf,optimizing_bdds_tic_tac_toe_un_wcnf_incomplete_improved_1_2019_5_old,1,60.0,60.018144,60.013902,39.05817,39.05817,0,False,True,194.0,139.log,two_core_24_pms.csv
24-pms-60s,140,optimizing-BDDs-tic-tac-toe-un-wcnf_incomplete_improved_1_2019_7_old.wcnf,optimizing_bdds_tic_tac_toe_un_wcnf_incomplete_improved_1_2019_7_old,1,60.0,60.025159,60.020202,8.048976,8.048976,0,False,True,80.0,140.log,two_core_24_pms.csv
24-pms-60s,141,planning-bnn-cellda_x_10_old.wcnf,planning_bnn_cellda_x_10_old,1,60.0,61.875142,61.822005,,,0,False,False,,141.log,two_core_24_pms.csv
24-pms-60s,142,planning-bnn-cellda_x_12_old.wcnf,planning_bnn_cellda_x_12_old,1,60.0,65.253019,65.200077,,,137,False,False,,142.log,two_core_24_pms.csv
24-pms-60s,143,planning-bnn-cellda_y_8_old.wcnf,planning_bnn_cellda_y_8_old,1,60.0,65.253326,65.184046,,,137,False,False,,143.log,two_core_24_pms.csv
24-pms-60s,144,planning-bnn-cellda_y_9_old.wcnf,planning_bnn_cellda_y_9_old,1,60.0,61.925979,61.873753,,,0,False,False,,144.log,two_core_24_pms.csv
24-pms-60s,145,planning-bnn-navigation_4x4_5_old.wcnf,planning_bnn_navigation_4x4_5_old,1,60.0,60.378453,60.362656,,,0,False,False,,145.log,two_core_24_pms.csv
24-pms-60s,146,planning-bnn-navigation_4x4_7_old.wcnf,planning_bnn_navigation_4x4_7_old,1,60.0,60.6404,60.621814,,,0,False,False,,146.log,two_core_24_pms.csv
24-pms-60s,147,planning-bnn-navigation_5x5_9_old.wcnf,planning_bnn_navigation_5x5_9_old,1,60.0,65.009743,64.970095,,,0,False,False,,147.log,two_core_24_pms.csv
24-pms-60s,148,planning-bnn-sysadmin_4_3_old.wcnf,planning_bnn_sysadmin_4_3_old,1,60.0,60.242557,60.226412,21.892748,21.892748,0,False,True,6.0,148.log,two_core_24_pms.csv
24-pms-60s,149,planning-bnn-sysadmin_4_4_old.wcnf,planning_bnn_sysadmin_4_4_old,1,60.0,60.321677,60.303599,,,0,False,False,,149.log,two_core_24_pms.csv
24-pms-60s,150,planning-bnn-sysadmin_5_3_old.wcnf,planning_bnn_sysadmin_5_3_old,1,60.0,62.273247,62.248279,,,0,False,False,,150.log,two_core_24_pms.csv
24-pms-60s,151,planning-bnn-sysadmin_5_4_old.wcnf,planning_bnn_sysadmin_5_4_old,1,60.0,61.415248,61.383961,,,0,False,False,,151.log,two_core_24_pms.csv
24-pms-60s,152,privilege-escalation-cloud_access_control_repair_task-117_old.wcnf,privilege_escalation_cloud_access_control_repair_task_117_old,1,60.0,60.435877,60.41728,41.2684,41.2684,0,False,True,2258.0,152.log,two_core_24_pms.csv
24-pms-60s,153,privilege-escalation-cloud_access_control_repair_task-130_old.wcnf,privilege_escalation_cloud_access_control_repair_task_130_old,1,60.0,66.234179,66.191329,35.459689,35.459689,0,False,True,132.0,153.log,two_core_24_pms.csv
24-pms-60s,154,privilege-escalation-cloud_access_control_repair_task-134_old.wcnf,privilege_escalation_cloud_access_control_repair_task_134_old,1,60.0,62.639941,62.604829,,,0,False,False,,154.log,two_core_24_pms.csv
24-pms-60s,155,privilege-escalation-cloud_access_control_repair_task-141_old.wcnf,privilege_escalation_cloud_access_control_repair_task_141_old,1,60.0,65.464184,65.420843,,,0,False,False,,155.log,two_core_24_pms.csv
24-pms-60s,156,privilege-escalation-cloud_access_control_repair_task-146_old.wcnf,privilege_escalation_cloud_access_control_repair_task_146_old,1,60.0,66.699943,66.671057,,,137,False,False,,156.log,two_core_24_pms.csv
24-pms-60s,157,privilege-escalation-cloud_access_control_repair_task-15_old.wcnf,privilege_escalation_cloud_access_control_repair_task_15_old,1,60.0,65.511801,65.472721,,,0,False,False,,157.log,two_core_24_pms.csv
24-pms-60s,158,privilege-escalation-cloud_access_control_repair_task-163_old.wcnf,privilege_escalation_cloud_access_control_repair_task_163_old,1,60.0,65.413914,65.381842,32.278987,32.278987,0,False,True,9.0,158.log,two_core_24_pms.csv
24-pms-60s,159,privilege-escalation-cloud_access_control_repair_task-178_old.wcnf,privilege_escalation_cloud_access_control_repair_task_178_old,1,60.0,60.699869,60.661765,57.717811,57.717811,0,False,True,4184.0,159.log,two_core_24_pms.csv
24-pms-60s,160,privilege-escalation-cloud_access_control_repair_task-34_old.wcnf,privilege_escalation_cloud_access_control_repair_task_34_old,1,60.0,60.470312,60.444583,38.014519,38.014519,0,False,True,2703.0,160.log,two_core_24_pms.csv
24-pms-60s,161,privilege-escalation-cloud_access_control_repair_task-47_old.wcnf,privilege_escalation_cloud_access_control_repair_task_47_old,1,60.0,66.689641,66.66392,,,137,False,False,,161.log,two_core_24_pms.csv
24-pms-60s,162,privilege-escalation-cloud_access_control_repair_task-61_old.wcnf,privilege_escalation_cloud_access_control_repair_task_61_old,1,60.0,66.666469,66.619072,,,137,False,False,,162.log,two_core_24_pms.csv
24-pms-60s,163,privilege-escalation-cloud_access_control_repair_task-73_old.wcnf,privilege_escalation_cloud_access_control_repair_task_73_old,1,60.0,65.409958,65.371454,,,0,False,False,,163.log,two_core_24_pms.csv
24-pms-60s,164,program-disambiguation-Q27_YESNO_1_old.wcnf,program_disambiguation_q27_yesno_1_old,1,60.0,60.192712,60.171105,36.670119,36.670119,0,False,True,6.0,164.log,two_core_24_pms.csv
24-pms-60s,165,program-disambiguation-Q35_OPTIONS_1_old.wcnf,program_disambiguation_q35_options_1_old,1,60.0,60.28324,60.251743,55.385532,55.385532,0,False,True,12.0,165.log,two_core_24_pms.csv
24-pms-60s,166,program-disambiguation-Q36_YESNO_1_old.wcnf,program_disambiguation_q36_yesno_1_old,1,60.0,60.374684,60.349714,,,0,False,False,,166.log,two_core_24_pms.csv
24-pms-60s,167,protein_ins-1bpi_.2knt_.g.wcnf.t_old.wcnf,protein_ins_1bpi_2knt_g_wcnf_t_old,1,60.0,60.097312,60.082864,0.961019,0.961019,0,False,True,35.0,167.log,two_core_24_pms.csv
24-pms-60s,168,protein_ins-1bpi_.5pti_.g.wcnf.t_old.wcnf,protein_ins_1bpi_5pti_g_wcnf_t_old,1,60.0,60.144306,60.124326,1.456185,1.456185,0,False,True,29.0,168.log,two_core_24_pms.csv
24-pms-60s,169,protein_ins-1knt_.1bpi_.g.wcnf.t_old.wcnf,protein_ins_1knt_1bpi_g_wcnf_t_old,1,60.0,60.114112,60.100258,1.023094,1.023094,0,False,True,35.0,169.log,two_core_24_pms.csv
24-pms-60s,170,protein_ins-1knt_.5pti_.g.wcnf.t_old.wcnf,protein_ins_1knt_5pti_g_wcnf_t_old,1,60.0,60.082385,60.071035,0.810043,0.810043,0,False,True,29.0,170.log,two_core_24_pms.csv
24-pms-60s,171,protein_ins-2knt_.5pti_.g.wcnf.t_old.wcnf,protein_ins_2knt_5pti_g_wcnf_t_old,1,60.0,60.07386,60.061205,0.82311,0.82311,0,False,True,32.0,171.log,two_core_24_pms.csv
24-pms-60s,172,protein_ins-3ebx_.1era_.g.wcnf.t_old.wcnf,protein_ins_3ebx_1era_g_wcnf_t_old,1,60.0,60.09778,60.08927,2.018439,2.018439,0,False,True,34.0,172.log,two_core_24_pms.csv
24-pms-60s,173,protein_ins-6ebx_.1era_.g.wcnf.t_old.wcnf,protein_ins_6ebx_1era_g_wcnf_t_old,1,60.0,60.049885,60.03838,0.445043,0.445043,0,False,True,30.0,173.log,two_core_24_pms.csv
24-pms-60s,174,protein_ins-p1.wcnf.t_old.wcnf,protein_ins_p1_wcnf_t_old,1,60.0,60.092694,60.078162,0.957095,0.957095,0,False,True,35.0,174.log,two_core_24_pms.csv
24-pms-60s,175,protein_ins-sandiaprotein.g.wcnf.t_old.wcnf,protein_ins_sandiaprotein_g_wcnf_t_old,1,60.0,60.094929,60.088492,0.838869,0.838869,0,False,True,28.0,175.log,two_core_24_pms.csv
24-pms-60s,176,pseudoBoolean-normalized-par32-1.opb.msat_old.wcnf,pseudoboolean_normalized_par32_1_opb_msat_old,1,60.0,60.006289,60.002062,,,0,False,False,,176.log,two_core_24_pms.csv
24-pms-60s,177,pseudoBoolean-normalized-par32-4.opb.msat_old.wcnf,pseudoboolean_normalized_par32_4_opb_msat_old,1,60.0,60.00524,60.001022,,,0,False,False,,177.log,two_core_24_pms.csv
24-pms-60s,178,pseudoBoolean-normalized-par32-5.opb.msat_old.wcnf,pseudoboolean_normalized_par32_5_opb_msat_old,1,60.0,60.006073,60.001935,,,0,False,False,,178.log,two_core_24_pms.csv
24-pms-60s,179,railway-transport-d4_old.wcnf,railway_transport_d4_old,1,60.0,65.633678,65.562186,18.734784,18.734784,0,False,True,5877.0,179.log,two_core_24_pms.csv
24-pms-60s,180,railway-transport-pesp_18Min_old.wcnf,railway_transport_pesp_18min_old,1,60.0,60.298037,60.282045,9.208411,9.208411,0,False,True,532.0,180.log,two_core_24_pms.csv
24-pms-60s,181,railway-transport-pesp_5min_old.wcnf,railway_transport_pesp_5min_old,1,60.0,60.068895,60.058277,35.944282,35.944282,0,False,True,75.0,181.log,two_core_24_pms.csv
24-pms-60s,182,railway-transport-we_old.wcnf,railway_transport_we_old,1,60.0,65.094237,65.053759,,,0,False,False,,182.log,two_core_24_pms.csv
24-pms-60s,183,ramsey-ram_k3_n10.ra0_old.wcnf,ramsey_ram_k3_n10_ra0_old,1,60.0,60.008394,60.004141,0.000443,0.000443,0,False,True,4.0,183.log,two_core_24_pms.csv
24-pms-60s,184,ramsey-ram_k3_n12.ra0_old.wcnf,ramsey_ram_k3_n12_ra0_old,1,60.0,60.013768,60.009919,0.001087,0.001087,0,False,True,10.0,184.log,two_core_24_pms.csv
24-pms-60s,185,ramsey-ram_k3_n16.ra0_old.wcnf,ramsey_ram_k3_n16_ra0_old,1,60.0,60.007834,60.004115,0.004382,0.004382,0,False,True,39.0,185.log,two_core_24_pms.csv
24-pms-60s,186,ramsey-ram_k3_n18.ra0_old.wcnf,ramsey_ram_k3_n18_ra0_old,1,60.0,60.010349,60.006368,0.033407,0.033407,0,False,True,60.0,186.log,two_core_24_pms.csv
24-pms-60s,187,ramsey-ram_k3_n19.ra0_old.wcnf,ramsey_ram_k3_n19_ra0_old,1,60.0,60.014029,60.010312,0.038459,0.038459,0,False,True,75.0,187.log,two_core_24_pms.csv
24-pms-60s,188,ramsey-ram_k4_n20.ra0_old.wcnf,ramsey_ram_k4_n20_ra0_old,1,60.0,60.006989,60.003153,0.011727,0.011727,0,False,True,24.0,188.log,two_core_24_pms.csv
24-pms-60s,189,scheduling-cnf_10_center_old.wcnf,scheduling_cnf_10_center_old,1,60.0,60.058056,60.050194,12.977082,12.977082,0,False,True,225.0,189.log,two_core_24_pms.csv
24-pms-60s,190,scheduling-cnf_10_old.wcnf,scheduling_cnf_10_old,1,60.0,60.076451,60.067457,17.692589,17.692589,0,False,True,124.0,190.log,two_core_24_pms.csv
24-pms-60s,191,scheduling-cnf_12_center_old.wcnf,scheduling_cnf_12_center_old,1,60.0,60.12721,60.114443,10.624382,10.624382,0,False,True,261.0,191.log,two_core_24_pms.csv
24-pms-60s,192,scheduling-cnf_12_old.wcnf,scheduling_cnf_12_old,1,60.0,60.079385,60.070027,45.755483,45.755483,0,False,True,126.0,192.log,two_core_24_pms.csv
24-pms-60s,193,scheduling-cnf_small_old.wcnf,scheduling_cnf_small_old,1,60.0,60.012899,60.008894,9.625389,9.625389,0,False,True,54.0,193.log,two_core_24_pms.csv
24-pms-60s,194,SeanSafarpour-b15-bug-fourvec-gate-0.dimacs.seq.filtered_old.wcnf,seansafarpour_b15_bug_fourvec_gate_0_dimacs_seq_filtered_old,1,60.0,60.369389,60.364034,13.230057,13.230057,0,False,True,5.0,194.log,two_core_24_pms.csv
24-pms-60s,195,SeanSafarpour-mem_ctrl-problem.dimacs_27.filtered_old.wcnf,seansafarpour_mem_ctrl_problem_dimacs_27_filtered_old,1,60.0,65.045079,65.036154,22.757454,22.757454,0,False,True,23.0,195.log,two_core_24_pms.csv
24-pms-60s,196,SeanSafarpour-rsdecoder4.dimacs.filtered_old.wcnf,seansafarpour_rsdecoder4_dimacs_filtered_old,1,60.0,60.064811,60.060293,43.68406,43.68406,0,False,True,17.0,196.log,two_core_24_pms.csv
24-pms-60s,197,SeanSafarpour-rsdecoder5.dimacs.filtered_old.wcnf,seansafarpour_rsdecoder5_dimacs_filtered_old,1,60.0,60.068481,60.063672,17.10792,17.10792,0,False,True,28.0,197.log,two_core_24_pms.csv
24-pms-60s,198,SeanSafarpour-rsdecoder-problem.dimacs_37.filtered_old.wcnf,seansafarpour_rsdecoder_problem_dimacs_37_filtered_old,1,60.0,60.522105,60.51471,3.099742,3.099742,0,False,True,3.0,198.log,two_core_24_pms.csv
24-pms-60s,199,SeanSafarpour-rsdecoder-problem.dimacs_39.filtered_old.wcnf,seansafarpour_rsdecoder_problem_dimacs_39_filtered_old,1,60.0,60.288997,60.280778,6.538819,6.538819,0,False,True,1.0,199.log,two_core_24_pms.csv
24-pms-60s,200,SeanSafarpour-wb_4m8s1.dimacs.filtered_old.wcnf,seansafarpour_wb_4m8s1_dimacs_filtered_old,1,60.0,60.119136,60.113984,32.096356,32.096356,0,False,True,34.0,200.log,two_core_24_pms.csv
24-pms-60s,201,SeanSafarpour-wb_4m8s4.dimacs.filtered_old.wcnf,seansafarpour_wb_4m8s4_dimacs_filtered_old,1,60.0,60.122485,60.11445,1.692787,1.692787,0,False,True,220.0,201.log,two_core_24_pms.csv
24-pms-60s,202,setcover-sts-data.135_old.wcnf,setcover_sts_data_135_old,1,60.0,60.007298,60.002706,7.692938,7.692938,0,False,True,103.0,202.log,two_core_24_pms.csv
24-pms-60s,203,setcover-sts-data.243_old.wcnf,setcover_sts_data_243_old,1,60.0,60.009762,60.00635,0.059096,0.059096,0,False,True,198.0,203.log,two_core_24_pms.csv
24-pms-60s,204,setcover-sts-data.405_old.wcnf,setcover_sts_data_405_old,1,60.0,60.015384,60.011884,34.401243,34.401243,0,False,True,335.0,204.log,two_core_24_pms.csv
24-pms-60s,205,setcover-sts-data.729_old.wcnf,setcover_sts_data_729_old,1,60.0,60.014072,60.010091,2.069212,2.069212,0,False,True,617.0,205.log,two_core_24_pms.csv
24-pms-60s,206,treewidth-computation-TWComp_1dj7_N73_old.wcnf,treewidth_computation_twcomp_1dj7_n73_old,1,60.0,60.050409,60.041308,48.766156,48.766156,0,False,True,26.0,206.log,two_core_24_pms.csv
24-pms-60s,207,treewidth-computation-TWComp_1en2_N69_old.wcnf,treewidth_computation_twcomp_1en2_n69_old,1,60.0,60.047099,60.038665,26.226756,26.226756,0,False,True,16.0,207.log,two_core_24_pms.csv
24-pms-60s,208,treewidth-computation-TWComp_mulsol.i.5-pp_N119_old.wcnf,treewidth_computation_twcomp_mulsol_i_5_pp_n119_old,1,60.0,60.175498,60.150162,18.904451,18.904451,0,False,True,31.0,208.log,two_core_24_pms.csv
24-pms-60s,209,treewidth-computation-TWComp_queen5_5_N25_old.wcnf,treewidth_computation_twcomp_queen5_5_n25_old,1,60.0,60.016015,60.011817,0.023991,0.023991,0,False,True,18.0,209.log,two_core_24_pms.csv
24-pms-60s,210,xai-mindset2-australian_old.wcnf,xai_mindset2_australian_old,1,60.0,60.086472,60.071376,56.582675,56.582675,0,False,True,504.0,210.log,two_core_24_pms.csv
24-pms-60s,211,xai-mindset2-cleveland-nominal_old.wcnf,xai_mindset2_cleveland_nominal_old,1,60.0,60.014867,60.007694,1.657781,1.657781,0,False,True,402.0,211.log,two_core_24_pms.csv
24-pms-60s,212,xai-mindset2-colic_old.wcnf,xai_mindset2_colic_old,1,60.0,60.043114,60.034065,9.643512,9.643512,0,False,True,303.0,212.log,two_core_24_pms.csv
24-pms-60s,213,xai-mindset2-ecoli_old.wcnf,xai_mindset2_ecoli_old,1,60.0,60.023259,60.017486,2.262283,2.262283,0,False,True,619.0,213.log,two_core_24_pms.csv
24-pms-60s,214,xai-mindset2-house-votes-84_old.wcnf,xai_mindset2_house_votes_84_old,1,60.0,60.014883,60.010325,1.914372,1.914372,0,False,True,102.0,214.log,two_core_24_pms.csv
24-pms-60s,215,xai-mindset2-lymphography_old.wcnf,xai_mindset2_lymphography_old,1,60.0,60.008082,60.003717,1.759801,1.759801,0,False,True,67.0,215.log,two_core_24_pms.csv
24-pms-60s,216,xai-mindset2-postoperative-patient-data_old.wcnf,xai_mindset2_postoperative_patient_data_old,1,60.0,60.011722,60.00765,14.959553,14.959553,0,False,True,85.0,216.log,two_core_24_pms.csv
